label,message,clean_text
ham,"Go until jurong point, crazy.. Available only in bugis n great world la e buffet... Cine there got amore wat...",go until jurong point crazy available only bugis n great world la e buffet cine there got amore wat
ham,Ok lar... Joking wif u oni...,ok lar joking wif u oni
spam,Free entry in 2 a wkly comp to win FA Cup final tkts 21st May 2005. Text FA to 87121 to receive entry question(std txt rate)T&C's apply 08452810075over18's,free entry number wkly comp win fa cup final tkts st may number text fa number receive entry question std txt rate t c s apply over s
ham,U dun say so early hor... U c already then say...,u dun say so early hor u c already then say
ham,"Nah I don't think he goes to usf, he lives around here though",nah i don t think he goes usf he lives around here though
spam,"FreeMsg Hey there darling it's been 3 week's now and no word back! I'd like some fun you up for it still? Tb ok! XxX std chgs to send, £1.50 to rcv",freemsg hey there darling it s been number week s now no word back i d like some fun you up it still tb ok xxx std chgs send number number rcv
ham,Even my brother is not like to speak with me. They treat me like aids patent.,even my brother not like speak me they treat me like aids patent
ham,As per your request 'Melle Melle (Oru Minnaminunginte Nurungu Vettam)' has been set as your callertune for all Callers. Press *9 to copy your friends Callertune,as per your request melle melle oru minnaminunginte nurungu vettam has been set as your callertune all callers press number copy your friends callertune
spam,WINNER!! As a valued network customer you have been selected to receivea £900 prize reward! To claim call 09061701461. Claim code KL341. Valid 12 hours only.,winner as valued network customer you have been selected receivea number prize reward claim call number claim code kl valid number hours only
spam,Had your mobile 11 months or more? U R entitled to Update to the latest colour mobiles with camera for Free! Call The Mobile Update Co FREE on 08002986030,had your mobile number months more u r entitled update latest colour mobiles camera free call mobile update co free number
ham,"I'm gonna be home soon and i don't want to talk about this stuff anymore tonight, k? I've cried enough today.",i m gonna be home soon i don t want talk about this stuff anymore tonight k i ve cried enough today
spam,"SIX chances to win CASH! From 100 to 20,000 pounds txt> CSH11 and send to 87575. Cost 150p/day, 6days, 16+ TsandCs apply Reply HL 4 info",six chances win cash from number number number pounds txt csh send number cost p day days number tsandcs apply reply hl number info
spam,"URGENT! You have won a 1 week FREE membership in our £100,000 Prize Jackpot! Txt the word: CLAIM to No: 81010 T&C www.dbuk.net LCCLTD POBOX 4403LDNW1A7RW18",urgent you have won number week free membership our number number prize jackpot txt word claim no number t c url lccltd pobox ldnw rw
ham,I've been searching for the right words to thank you for this breather. I promise i wont take your help for granted and will fulfil my promise. You have been wonderful and a blessing at all times.,i ve been searching right words thank you this breather i promise i wont take your help granted will fulfil my promise you have been wonderful blessing all times
ham,I HAVE A DATE ON SUNDAY WITH WILL!!,i have date sunday will
spam,"XXXMobileMovieClub: To use your credit, click the WAP link in the next txt message or click here>> http://wap. xxxmobilemovieclub.com?n=QJKGIGHJJGCBL",xxxmobilemovieclub use your credit click wap link next txt message click here url xxxmobilemovieclub com n qjkgighjjgcbl
ham,Oh k...i'm watching here:),oh k i m watching here
ham,Eh u remember how 2 spell his name... Yes i did. He v naughty make until i v wet.,eh u remember how number spell his name yes i did he v naughty make until i v wet
ham,Fine if thats the way u feel. Thats the way its gota b,fine if that s way u feel that s way its gota b
spam,"England v Macedonia - dont miss the goals/team news. Txt ur national team to 87077 eg ENGLAND to 87077 Try:WALES, SCOTLAND 4txt/ú1.20 POBOXox36504W45WQ 16+",england v macedonia dont miss goals team news txt ur national team number eg england number try wales scotland txt number poboxox w wq number
ham,Is that seriously how you spell his name?,that seriously how you spell his name
ham,I‘m going to try for 2 months ha ha only joking,i m going try number months ha ha only joking
ham,So ü pay first lar... Then when is da stock comin...,so pay first lar then when da stock comin
ham,Aft i finish my lunch then i go str down lor. Ard 3 smth lor. U finish ur lunch already?,aft i finish my lunch then i go str down lor ard number smth lor u finish ur lunch already
ham,Ffffffffff. Alright no way I can meet up with you sooner?,ffffffffff alright no way i can meet up you sooner
ham,Just forced myself to eat a slice. I'm really not hungry tho. This sucks. Mark is getting worried. He knows I'm sick when I turn down pizza. Lol,just forced myself eat slice i m really not hungry tho this sucks mark getting worried he knows i m sick when i turn down pizza lol
ham,Lol your always so convincing.,lol your always so convincing
ham,Did you catch the bus ? Are you frying an egg ? Did you make a tea? Are you eating your mom's left over dinner ? Do you feel my Love ?,did you catch bus you frying egg did you make tea you eating your mom s left over dinner do you feel my love
ham,"I'm back &amp; we're packing the car now, I'll let you know if there's room",i m back amp we re packing car now i ll let you know if there s room
ham,Ahhh. Work. I vaguely remember that! What does it feel like? Lol,ahhh work i vaguely remember that what does it feel like lol
ham,"Wait that's still not all that clear, were you not sure about me being sarcastic or that that's why x doesn't want to live with us",wait that s still not all that clear were you not sure about me being sarcastic that that s why x doesn t want live us
ham,Yeah he got in at 2 and was v apologetic. n had fallen out and she was actin like spoilt child and he got caught up in that. Till 2! But we won't go there! Not doing too badly cheers. You? ,yeah he got number was v apologetic n had fallen out she was actin like spoilt child he got caught up that till number but we won t go there not doing too badly cheers you
ham,K tell me anything about you.,k tell me anything about you
ham,For fear of fainting with the of all that housework you just did? Quick have a cuppa,fear fainting all that housework you just did quick have cuppa
spam,Thanks for your subscription to Ringtone UK your mobile will be charged £5/month Please confirm by replying YES or NO. If you reply NO you will not be charged,thanks your subscription ringtone uk your mobile will be charged number month please confirm by replying yes no if you reply no you will not be charged
ham,Yup... Ok i go home look at the timings then i msg ü again... Xuhui going to learn on 2nd may too but her lesson is at 8am,yup ok i go home look timings then i msg again xuhui going learn nd may too but her lesson am
ham,"Oops, I'll let you know when my roommate's done",oops i ll let you know when my roommate s done
ham,I see the letter B on my car,i see letter b my car
ham,Anything lor... U decide...,anything lor u decide
ham,Hello! How's you and how did saturday go? I was just texting to see if you'd decided to do anything tomo. Not that i'm trying to invite myself or anything!,hello how s you how did saturday go i was just texting see if you d decided do anything tomo not that i m trying invite myself anything
ham,Pls go ahead with watts. I just wanted to be sure. Do have a great weekend. Abiola,pls go ahead watts i just wanted be sure do have great weekend abiola
ham,"Did I forget to tell you ? I want you , I need you, I crave you ... But most of all ... I love you my sweet Arabian steed ... Mmmmmm ... Yummy",did i forget tell you i want you i need you i crave you but most all i love you my sweet arabian steed mmmmmm yummy
spam,07732584351 - Rodger Burns - MSG = We tried to call you re your reply to our sms for a free nokia mobile + free camcorder. Please call now 08000930705 for delivery tomorrow,number rodger burns msg we tried call you re your reply our sms free nokia mobile free camcorder please call now number delivery tomorrow
ham,WHO ARE YOU SEEING?,who you seeing
ham,Great! I hope you like your man well endowed. I am  &lt;#&gt;  inches...,great i hope you like your man well endowed i am lt gt inches
ham,No calls..messages..missed calls,no calls messages missed calls
ham,Didn't you get hep b immunisation in nigeria.,didn t you get hep b immunisation nigeria
ham,"Fair enough, anything going on?",fair enough anything going
ham,"Yeah hopefully, if tyler can't do it I could maybe ask around a bit",yeah hopefully if tyler can t do it i could maybe ask around bit
ham,U don't know how stubborn I am. I didn't even want to go to the hospital. I kept telling Mark I'm not a weak sucker. Hospitals are for weak suckers.,u don t know how stubborn i am i didn t even want go hospital i kept telling mark i m not weak sucker hospitals weak suckers
ham,What you thinked about me. First time you saw me in class.,what you thinked about me first time you saw me class
ham,"A gram usually runs like  &lt;#&gt; , a half eighth is smarter though and gets you almost a whole second gram for  &lt;#&gt;",gram usually runs like lt gt half eighth smarter though gets you almost whole second gram lt gt
ham,K fyi x has a ride early tomorrow morning but he's crashing at our place tonight,k fyi x has ride early tomorrow morning but he s crashing our place tonight
ham,"Wow. I never realized that you were so embarassed by your accomodations. I thought you liked it, since i was doing the best i could and you always seemed so happy about ""the cave"". I'm sorry I didn't and don't have more to give. I'm sorry i offered. I'm sorry your room was so embarassing.",wow i never realized that you were so embarassed by your accomodations i thought you liked it since i was doing best i could you always seemed so happy about cave i m sorry i didn t don t have more give i m sorry i offered i m sorry your room was so embarassing
spam,SMS. ac Sptv: The New Jersey Devils and the Detroit Red Wings play Ice Hockey. Correct or Incorrect? End? Reply END SPTV,sms ac sptv new jersey devils detroit red wings play ice hockey correct incorrect end reply end sptv
ham,Do you know what Mallika Sherawat did yesterday? Find out now @  &lt;URL&gt;,do you know what mallika sherawat did yesterday find out now lt url gt
spam,"Congrats! 1 year special cinema pass for 2 is yours. call 09061209465 now! C Suprman V, Matrix3, StarWars3, etc all 4 FREE! bx420-ip4-5we. 150pm. Dont miss out! ",congrats number year special cinema pass number yours call number now c suprman v matrix starwars etc all number free bx ip we pm dont miss out
ham,"Sorry, I'll call later in meeting.",sorry i ll call later meeting
ham,Tell where you reached,tell where you reached
ham,Yes..gauti and sehwag out of odi series.,yes gauti sehwag out odi series
ham,Your gonna have to pick up a $1 burger for yourself on your way home. I can't even move. Pain is killing me.,your gonna have pick up number burger yourself your way home i can t even move pain killing me
ham,Ha ha ha good joke. Girls are situation seekers.,ha ha ha good joke girls situation seekers
ham,Its a part of checking IQ,its part checking iq
ham,"Sorry my roommates took forever, it ok if I come by now?",sorry my roommates took forever it ok if i come by now
ham,Ok lar i double check wif da hair dresser already he said wun cut v short. He said will cut until i look nice.,ok lar i double check wif da hair dresser already he said wun cut v short he said will cut until i look nice
spam,"As a valued customer, I am pleased to advise you that following recent review of your Mob No. you are awarded with a £1500 Bonus Prize, call 09066364589",as valued customer i am pleased advise you that following recent review your mob no you awarded number bonus prize call number
ham,"Today is ""song dedicated day.."" Which song will u dedicate for me? Send this to all ur valuable frnds but first rply me...",today song dedicated day which song will u dedicate me send this all ur valuable frnds but first rply me
spam,"Urgent UR awarded a complimentary trip to EuroDisinc Trav, Aco&Entry41 Or £1000. To claim txt DIS to 87121 18+6*£1.50(moreFrmMob. ShrAcomOrSglSuplt)10, LS1 3AJ",urgent ur awarded complimentary trip eurodisinc trav aco entry number claim txt dis number number number number number morefrmmob shracomorsglsuplt number ls aj
spam,"Did you hear about the new ""Divorce Barbie""? It comes with all of Ken's stuff!",did you hear about new divorce barbie it comes all ken s stuff
ham,I plane to give on this month end.,i plane give this month end
ham,Wah lucky man... Then can save money... Hee...,wah lucky man then can save money hee
ham,Finished class where are you.,finished class where you
ham,HI BABE IM AT HOME NOW WANNA DO SOMETHING? XX,hi babe im home now wanna do something xx
ham,K..k:)where are you?how did you performed?,k k where you how did you performed
ham,U can call me now...,u can call me now
ham,I am waiting machan. Call me once you free.,i am waiting machan call me once you free
ham,Thats cool. i am a gentleman and will treat you with dignity and respect.,thats cool i am gentleman will treat you dignity respect
ham,I like you peoples very much:) but am very shy pa.,i like you peoples very much but am very shy pa
ham,Does not operate after  &lt;#&gt;  or what,does not operate after lt gt what
ham,Its not the same here. Still looking for a job. How much do Ta's earn there.,its not same here still looking job how much do ta s earn there
ham,"Sorry, I'll call later",sorry i ll call later
ham,K. Did you call me just now ah? ,k did you call me just now ah
ham,Ok i am on the way to home hi hi,ok i am way home hi hi
ham,You will be in the place of that man,you will be place that man
ham,Yup next stop.,yup next stop
ham,"I call you later, don't have network. If urgnt, sms me.",i call you later don t have network if urgnt sms me
ham,For real when u getting on yo? I only need 2 more tickets and one more jacket and I'm done. I already used all my multis.,real when u getting yo i only need number more tickets one more jacket i m done i already used all my multis
ham,Yes I started to send requests to make it but pain came back so I'm back in bed. Double coins at the factory too. I gotta cash in all my nitros.,yes i started send requests make it but pain came back so i m back bed double coins factory too i gotta cash all my nitros
ham,I'm really not up to it still tonight babe,i m really not up it still tonight babe
ham,"Ela kano.,il download, come wen ur free..",ela kano il download come wen ur free
ham,Yeah do! Don‘t stand to close tho- you‘ll catch something!,yeah do don t stand close tho you ll catch something
ham,Sorry to be a pain. Is it ok if we meet another night? I spent late afternoon in casualty and that means i haven't done any of y stuff42moro and that includes all my time sheets and that. Sorry. ,sorry be pain it ok if we meet another night i spent late afternoon casualty that means i haven t done any y stuff moro that includes all my time sheets that sorry
ham,Smile in Pleasure Smile in Pain Smile when trouble pours like Rain Smile when sum1 Hurts U Smile becoz SOMEONE still Loves to see u Smiling!!,smile pleasure smile pain smile when trouble pours like rain smile when sum hurts u smile becoz someone still loves see u smiling
spam,Please call our customer service representative on 0800 169 6031 between 10am-9pm as you have WON a guaranteed £1000 cash or £5000 prize!,please call our customer service representative number number number between am pm as you have won guaranteed number cash number prize
ham,Havent planning to buy later. I check already lido only got 530 show in e afternoon. U finish work already?,havent planning buy later i check already lido only got number show e afternoon u finish work already
spam,"Your free ringtone is waiting to be collected. Simply text the password ""MIX"" to 85069 to verify. Get Usher and Britney. FML, PO Box 5249, MK17 92H. 450Ppw 16",your free ringtone waiting be collected simply text password mix number verify get usher britney fml po box number mk h ppw number
ham,Watching telugu movie..wat abt u?,watching telugu movie wat abt u
ham,i see. When we finish we have loads of loans to pay,i see when we finish we have loads loans pay
ham,"Hi. Wk been ok - on hols now! Yes on for a bit of a run. Forgot that i have hairdressers appointment at four so need to get home n shower beforehand. Does that cause prob for u?""",hi wk been ok hols now yes bit run forgot that i have hairdressers appointment four so need get home n shower beforehand does that cause prob u
ham,I see a cup of coffee animation,i see cup coffee animation
ham,Please don't text me anymore. I have nothing else to say.,please don t text me anymore i have nothing else say
ham,Okay name ur price as long as its legal! Wen can I pick them up? Y u ave x ams xx,okay name ur price as long as its legal wen can i pick them up y u ave x ams xx
ham,I'm still looking for a car to buy. And have not gone 4the driving test yet.,i m still looking car buy have not gone driving test yet
ham,As per your request 'Melle Melle (Oru Minnaminunginte Nurungu Vettam)' has been set as your callertune for all Callers. Press *9 to copy your friends Callertune,as per your request melle melle oru minnaminunginte nurungu vettam has been set as your callertune all callers press number copy your friends callertune
ham,"wow. You're right! I didn't mean to do that. I guess once i gave up on boston men and changed my search location to nyc, something changed. Cuz on my signin page it still says boston.",wow you re right i didn t mean do that i guess once i gave up boston men changed my search location nyc something changed cuz my signin page it still says boston
ham,Umma my life and vava umma love you lot dear,umma my life vava umma love you lot dear
ham,Thanks a lot for your wishes on my birthday. Thanks you for making my birthday truly memorable.,thanks lot your wishes my birthday thanks you making my birthday truly memorable
ham,"Aight, I'll hit you up when I get some cash",aight i ll hit you up when i get some cash
ham,How would my ip address test that considering my computer isn't a minecraft server,how would my ip address test that considering my computer isn t minecraft server
ham,I know! Grumpy old people. My mom was like you better not be lying. Then again I am always the one to play jokes...,i know grumpy old people my mom was like you better not be lying then again i am always one play jokes
ham,Dont worry. I guess he's busy.,dont worry i guess he s busy
ham,What is the plural of the noun research?,what plural noun research
ham,Going for dinner.msg you after.,going dinner msg you after
ham,I'm ok wif it cos i like 2 try new things. But i scared u dun like mah. Cos u said not too loud.,i m ok wif it cos i like number try new things but i scared u dun like mah cos u said not too loud
spam,GENT! We are trying to contact you. Last weekends draw shows that you won a £1000 prize GUARANTEED. Call 09064012160. Claim Code K52. Valid 12hrs only. 150ppm,gent we trying contact you last weekends draw shows that you won number prize guaranteed call number claim code k valid hrs only ppm
ham,"Wa, ur openin sentence very formal... Anyway, i'm fine too, juz tt i'm eatin too much n puttin on weight...Haha... So anythin special happened?",wa ur openin sentence very formal anyway i m fine too juz tt i m eatin too much n puttin weight haha so anythin special happened
ham,"As I entered my cabin my PA said, '' Happy B'day Boss !!''. I felt special. She askd me 4 lunch. After lunch she invited me to her apartment. We went there.",as i entered my cabin my pa said happy b day boss i felt special she askd me number lunch after lunch she invited me her apartment we went there
spam,You are a winner U have been specially selected 2 receive £1000 or a 4* holiday (flights inc) speak to a live operator 2 claim 0871277810910p/min (18+) ,you winner u have been specially selected number receive number number holiday flights inc speak live operator number claim p min number
ham,Goodo! Yes we must speak friday - egg-potato ratio for tortilla needed! ,goodo yes we must speak friday egg potato ratio tortilla needed
ham,Hmm...my uncle just informed me that he's paying the school directly. So pls buy food.,hmm my uncle just informed me that he s paying school directly so pls buy food
spam,PRIVATE! Your 2004 Account Statement for 07742676969 shows 786 unredeemed Bonus Points. To claim call 08719180248 Identifier Code: 45239 Expires,private your number account statement number shows number unredeemed bonus points claim call number identifier code number expires
spam,"URGENT! Your Mobile No. was awarded £2000 Bonus Caller Prize on 5/9/03 This is our final try to contact U! Call from Landline 09064019788 BOX42WR29C, 150PPM",urgent your mobile no was awarded number bonus caller prize number number number this our final try contact u call from landline number box wr c ppm
ham,here is my new address -apples&pairs&all that malarky,here my new address apples pairs all that malarky
spam,Todays Voda numbers ending 7548 are selected to receive a $350 award. If you have a match please call 08712300220 quoting claim code 4041 standard rates app,todays voda numbers ending number selected receive number award if you have match please call number quoting claim code number standard rates app
ham,I am going to sao mu today. Will be done only at 12 ,i am going sao mu today will be done only number
ham,Ü predict wat time ü'll finish buying?,predict wat time ll finish buying
ham,"Good stuff, will do.",good stuff will do
ham,"Just so that you know,yetunde hasn't sent money yet. I just sent her a text not to bother sending. So its over, you dont have to involve yourself in anything. I shouldn't have imposed anything on you in the first place so for that, i apologise.",just so that you know yetunde hasn t sent money yet i just sent her text not bother sending so its over you dont have involve yourself anything i shouldn t have imposed anything you first place so that i apologise
ham,Are you there in room.,you there room
ham,HEY GIRL. HOW R U? HOPE U R WELL ME AN DEL R BAK! AGAIN LONG TIME NO C! GIVE ME A CALL SUM TIME FROM LUCYxx,hey girl how r u hope u r well me del r bak again long time no c give me call sum time from lucyxx
ham,K..k:)how much does it cost?,k k how much does it cost
ham,I'm home.,i m home
ham,"Dear, will call Tmorrow.pls accomodate.",dear will call tmorrow pls accomodate
ham,First answer my question.,first answer my question
spam,Sunshine Quiz Wkly Q! Win a top Sony DVD player if u know which country the Algarve is in? Txt ansr to 82277. £1.50 SP:Tyrone,sunshine quiz wkly q win top sony dvd player if u know which country algarve txt ansr number number number sp tyrone
spam,Want 2 get laid tonight? Want real Dogging locations sent direct 2 ur mob? Join the UK's largest Dogging Network bt Txting GRAVEL to 69888! Nt. ec2a. 31p.msg@150p,want number get laid tonight want real dogging locations sent direct number ur mob join uk s largest dogging network bt txting gravel number nt ec p msg p
ham,I only haf msn. It's yijue@hotmail.com,i only haf msn it s yijue hotmail com
ham,He is there. You call and meet him,he there you call meet him
ham,No no. I will check all rooms befor activities,no no i will check all rooms befor activities
spam,You'll not rcv any more msgs from the chat svc. For FREE Hardcore services text GO to: 69988 If u get nothing u must Age Verify with yr network & try again,you ll not rcv any more msgs from chat svc free hardcore services text go number if u get nothing u must age verify yr network try again
ham,Got c... I lazy to type... I forgot ü in lect... I saw a pouch but like not v nice...,got c i lazy type i forgot lect i saw pouch but like not v nice
ham,"K, text me when you're on the way",k text me when you re way
ham,"Sir, Waiting for your mail.",sir waiting your mail
ham,"A swt thought: ""Nver get tired of doing little things 4 lovable persons.."" Coz..somtimes those little things occupy d biggest part in their Hearts.. Gud ni8",swt thought nver get tired doing little things number lovable persons coz somtimes those little things occupy d biggest part their hearts gud ni
ham,I know you are. Can you pls open the back?,i know you can you pls open back
ham,Yes see ya not on the dot,yes see ya not dot
ham,Whats the staff name who is taking class for us?,whats staff name who taking class us
spam,"FreeMsg Why haven't you replied to my text? I'm Randy, sexy, female and live local. Luv to hear from u. Netcollex Ltd 08700621170150p per msg reply Stop to end",freemsg why haven t you replied my text i m randy sexy female live local luv hear from u netcollex ltd p per msg reply stop end
ham,Ummma.will call after check in.our life will begin from qatar so pls pray very hard.,ummma will call after check our life will begin from qatar so pls pray very hard
ham,K..i deleted my contact that why?,k i deleted my contact that why
ham,Sindu got job in birla soft ..,sindu got job birla soft
ham,The wine is flowing and i'm i have nevering..,wine flowing i m i have nevering
ham,Yup i thk cine is better cos no need 2 go down 2 plaza mah.,yup i thk cine better cos no need number go down number plaza mah
ham,Ok... Ur typical reply...,ok ur typical reply
ham,As per your request 'Melle Melle (Oru Minnaminunginte Nurungu Vettam)' has been set as your callertune for all Callers. Press *9 to copy your friends Callertune,as per your request melle melle oru minnaminunginte nurungu vettam has been set as your callertune all callers press number copy your friends callertune
ham,"You are everywhere dirt, on the floor, the windows, even on my shirt. And sometimes when i open my mouth, you are all that comes flowing out. I dream of my world without you, then half my chores are out too. A time of joy for me, lots of tv shows i.ll see. But i guess like all things you just must exist, like rain, hail and mist, and when my time here is done, you and i become one.",you everywhere dirt floor windows even my shirt sometimes when i open my mouth you all that comes flowing out i dream my world without you then half my chores out too time joy me lots tv shows i ll see but i guess like all things you just must exist like rain hail mist when my time here done you i become one
ham,Aaooooright are you at work?,aaooooright you work
ham,I'm leaving my house now...,i m leaving my house now
ham,"Hello, my love. What are you doing? Did you get to that interview today? Are you you happy? Are you being a good boy? Do you think of me?Are you missing me ?",hello my love what you doing did you get that interview today you you happy you being good boy do you think me you missing me
spam,Customer service annoncement. You have a New Years delivery waiting for you. Please call 07046744435 now to arrange delivery,customer service annoncement you have new years delivery waiting you please call number now arrange delivery
spam,You are a winner U have been specially selected 2 receive £1000 cash or a 4* holiday (flights inc) speak to a live operator 2 claim 0871277810810,you winner u have been specially selected number receive number cash number holiday flights inc speak live operator number claim number
ham,Keep yourself safe for me because I need you and I miss you already and I envy everyone that see's you in real life,keep yourself safe me because i need you i miss you already i envy everyone that see s you real life
ham,New car and house for my parents.:)i have only new job in hand:),new car house my parents i have only new job hand
ham,I'm so in love with you. I'm excited each day i spend with you. You make me so happy.,i m so love you i m excited each day i spend you you make me so happy
spam,-PLS STOP bootydelious (32/F) is inviting you to be her friend. Reply YES-434 or NO-434 See her: www.SMS.ac/u/bootydelious STOP? Send STOP FRND to 62468,pls stop bootydelious number f inviting you be her friend reply yes number no number see her url stop send stop frnd number
spam,"BangBabes Ur order is on the way. U SHOULD receive a Service Msg 2 download UR content. If U do not, GoTo wap. bangb. tv on UR mobile internet/service menu",bangbabes ur order way u should receive service msg number download ur content if u do not goto wap bangb tv ur mobile internet service menu
ham,I place all ur points on e cultures module already.,i place all ur points e cultures module already
spam,URGENT! We are trying to contact you. Last weekends draw shows that you have won a £900 prize GUARANTEED. Call 09061701939. Claim code S89. Valid 12hrs only,urgent we trying contact you last weekends draw shows that you have won number prize guaranteed call number claim code s valid hrs only
ham,"Hi frnd, which is best way to avoid missunderstding wit our beloved one's?",hi frnd which best way avoid missunderstding wit our beloved one s
ham,Great escape. I fancy the bridge but needs her lager. See you tomo ,great escape i fancy bridge but needs her lager see you tomo
ham,Yes :)it completely in out of form:)clark also utter waste.,yes it completely out form clark also utter waste
ham,"Sir, I need AXIS BANK account no and bank address.",sir i need axis bank account no bank address
ham,"Hmmm.. Thk sure got time to hop ard... Ya, can go 4 free abt... Muz call u to discuss liao... ",hmmm thk sure got time hop ard ya can go number free abt muz call u discuss liao
ham,What time you coming down later? ,what time you coming down later
ham,"Bloody hell, cant believe you forgot my surname Mr . Ill give u a clue, its spanish and begins with m... ",bloody hell cant believe you forgot my surname mr ill give u clue its spanish begins m
ham,"Well, i'm gonna finish my bath now. Have a good...fine night.",well i m gonna finish my bath now have good fine night
ham,Let me know when you've got the money so carlos can make the call,let me know when you ve got money so carlos can make call
ham,U still going to the mall?,u still going mall
ham,"Turns out my friends are staying for the whole show and won't be back til ~ &lt;#&gt; , so feel free to go ahead and smoke that $ &lt;#&gt;  worth",turns out my friends staying whole show won t be back til lt gt so feel free go ahead smoke that lt gt worth
ham,Text her. If she doesnt reply let me know so i can have her log in,text her if she doesnt reply let me know so i can have her log
ham,Hi! You just spoke to MANEESHA V. We'd like to know if you were satisfied with the experience. Reply Toll Free with Yes or No.,hi you just spoke maneesha v we d like know if you were satisfied experience reply toll free yes no
ham,You lifted my hopes with the offer of money. I am in need. Especially when the end of the month approaches and it hurts my studying. Anyways have a gr8 weekend,you lifted my hopes offer money i am need especially when end month approaches it hurts my studying anyways have gr weekend
ham,Lol no. U can trust me.,lol no u can trust me
ham,ok. I am a gentleman and will treat you with dignity and respect.,ok i am gentleman will treat you dignity respect
ham,"He will, you guys close?",he will you guys close
ham,Going on nothing great.bye,going nothing great bye
ham,Hello handsome ! Are you finding that job ? Not being lazy ? Working towards getting back that net for mummy ? Where's my boytoy now ? Does he miss me ?,hello handsome you finding that job not being lazy working towards getting back that net mummy where s my boytoy now does he miss me
ham,"Haha awesome, be there in a minute",haha awesome be there minute
spam,Please call our customer service representative on FREEPHONE 0808 145 4742 between 9am-11pm as you have WON a guaranteed £1000 cash or £5000 prize!,please call our customer service representative freephone number number number between am pm as you have won guaranteed number cash number prize
ham,Have you got Xmas radio times. If not i will get it now,have you got xmas radio times if not i will get it now
ham,I jus reached home. I go bathe first. But my sis using net tell u when she finishes k...,i jus reached home i go bathe first but my sis using net tell u when she finishes k
spam,Are you unique enough? Find out from 30th August. www.areyouunique.co.uk,you unique enough find out from th august url
ham,I'm sorry. I've joined the league of people that dont keep in touch. You mean a great deal to me. You have been a friend at all times even at great personal cost. Do have a great week.|,i m sorry i ve joined league people that dont keep touch you mean great deal me you have been friend all times even great personal cost do have great week
ham,Hi :)finally i completed the course:),hi finally i completed course
ham,It will stop on itself. I however suggest she stays with someone that will be able to give ors for every stool.,it will stop itself i however suggest she stays someone that will be able give ors every stool
ham,How are you doing? Hope you've settled in for the new school year. Just wishin you a gr8 day,how you doing hope you ve settled new school year just wishin you gr day
ham,Gud mrng dear hav a nice day,gud mrng dear hav nice day
ham,Did u got that persons story,did u got that persons story
ham,is your hamster dead? Hey so tmr i meet you at 1pm orchard mrt? ,your hamster dead hey so tmr i meet you pm orchard mrt
ham,Hi its Kate how is your evening? I hope i can see you tomorrow for a bit but i have to bloody babyjontet! Txt back if u can. :) xxx,hi its kate how your evening i hope i can see you tomorrow bit but i have bloody babyjontet txt back if u can xxx
ham,"Found it, ENC  &lt;#&gt; , where you at?",found it enc lt gt where you
ham,I sent you  &lt;#&gt;  bucks,i sent you lt gt bucks
ham,Hello darlin ive finished college now so txt me when u finish if u can love Kate xxx,hello darlin ive finished college now so txt me when u finish if u can love kate xxx
ham,Your account has been refilled successfully by INR  &lt;DECIMAL&gt; . Your KeralaCircle prepaid account balance is Rs  &lt;DECIMAL&gt; . Your Transaction ID is KR &lt;#&gt; .,your account has been refilled successfully by inr lt decimal gt your keralacircle prepaid account balance rs lt decimal gt your transaction id kr lt gt
ham,Goodmorning sleeping ga.,goodmorning sleeping ga
ham,U call me alter at 11 ok.,u call me alter number ok
ham,Ü say until like dat i dun buy ericsson oso cannot oredi lar...,say until like dat i dun buy ericsson oso cannot oredi lar
ham,"As I entered my cabin my PA said, '' Happy B'day Boss !!''. I felt special. She askd me 4 lunch. After lunch she invited me to her apartment. We went there.",as i entered my cabin my pa said happy b day boss i felt special she askd me number lunch after lunch she invited me her apartment we went there
ham,"Aight yo, dats straight dogg",aight yo dats straight dogg
ham,You please give us connection today itself before  &lt;DECIMAL&gt;  or refund the bill,you please give us connection today itself before lt decimal gt refund bill
ham,Both :) i shoot big loads so get ready!,both i shoot big loads so get ready
ham,"What's up bruv, hope you had a great break. Do have a rewarding semester.",what s up bruv hope you had great break do have rewarding semester
ham,Home so we can always chat,home so we can always chat
ham,K:)k:)good:)study well.,k k good study well
ham,Yup... How ü noe leh...,yup how noe leh
ham,Sounds great! Are you home now?,sounds great you home now
ham,Finally the match heading towards draw as your prediction.,finally match heading towards draw as your prediction
ham,Tired. I haven't slept well the past few nights.,tired i haven t slept well past few nights
ham,Easy ah?sen got selected means its good..,easy ah sen got selected means its good
ham,I have to take exam with march 3,i have take exam march number
ham,Yeah you should. I think you can use your gt atm now to register. Not sure but if there's anyway i can help let me know. But when you do be sure you are ready.,yeah you should i think you can use your gt atm now register not sure but if there s anyway i can help let me know but when you do be sure you ready
ham,Ok no prob. Take ur time.,ok no prob take ur time
ham,There is os called ubandu which will run without installing in hard disk...you can use that os to copy the important files in system and give it to repair shop..,there os called ubandu which will run without installing hard disk you can use that os copy important files system give it repair shop
ham,"Sorry, I'll call later",sorry i ll call later
ham,U say leh... Of course nothing happen lar. Not say v romantic jus a bit only lor. I thk e nite scenery not so nice leh.,u say leh course nothing happen lar not say v romantic jus bit only lor i thk e nite scenery not so nice leh
spam,"500 New Mobiles from 2004, MUST GO! Txt: NOKIA to No: 89545 & collect yours today!From ONLY £1 www.4-tc.biz 2optout 087187262701.50gbp/mtmsg18",number new mobiles from number must go txt nokia no number collect yours today from only number url optout number gbp mtmsg
ham,Would really appreciate if you call me. Just need someone to talk to.,would really appreciate if you call me just need someone talk
spam,"Will u meet ur dream partner soon? Is ur career off 2 a flyng start? 2 find out free, txt HORO followed by ur star sign, e. g. HORO ARIES",will u meet ur dream partner soon ur career off number flyng start number find out free txt horo followed by ur star sign e g horo aries
ham,Hey company elama po mudyadhu.,hey company elama po mudyadhu
ham,"Life is more strict than teacher... Bcoz Teacher teaches lesson &amp; then conducts exam, But Life first conducts Exam &amp; then teaches Lessons. Happy morning. . .",life more strict than teacher bcoz teacher teaches lesson amp then conducts exam but life first conducts exam amp then teaches lessons happy morning
ham,Dear good morning now only i am up,dear good morning now only i am up
ham,Get down in gandhipuram and walk to cross cut road. Right side &lt;#&gt; street road and turn at first right.,get down gandhipuram walk cross cut road right side lt gt street road turn first right
ham,Dear we are going to our rubber place,dear we going our rubber place
ham,"Sorry battery died, yeah I'm here",sorry battery died yeah i m here
ham,Yes:)here tv is always available in work place..,yes here tv always available work place
spam,Text & meet someone sexy today. U can find a date or even flirt its up to U. Join 4 just 10p. REPLY with NAME & AGE eg Sam 25. 18 -msg recd@thirtyeight pence,text meet someone sexy today u can find date even flirt its up u join number just p reply name age eg sam number number msg recd thirtyeight pence
ham,I have printed it oh. So  &lt;#&gt;  come upstairs,i have printed it oh so lt gt come upstairs
ham,Or ill be a little closer like at the bus stop on the same street,ill be little closer like bus stop same street
ham,Where are you?when wil you reach here?,where you when wil you reach here
ham,"New Theory: Argument wins d SITUATION, but loses the PERSON. So dont argue with ur friends just.. . . . kick them &amp; say, I'm always correct.!",new theory argument wins d situation but loses person so dont argue ur friends just kick them amp say i m always correct
spam,U 447801259231 have a secret admirer who is looking 2 make contact with U-find out who they R*reveal who thinks UR so special-call on 09058094597,u number have secret admirer who looking number make contact u find out who they r reveal who thinks ur so special call number
ham,Tomarrow final hearing on my laptop case so i cant.,tomarrow final hearing my laptop case so i cant
ham,PLEASSSSSSSEEEEEE TEL ME V AVENT DONE SPORTSx,pleassssssseeeeee tel me v avent done sportsx
ham,"Okay. No no, just shining on. That was meant to be signing, but that sounds better.",okay no no just shining that was meant be signing but that sounds better
ham,"Although i told u dat i'm into baig face watches now but i really like e watch u gave cos it's fr u. Thanx 4 everything dat u've done today, i'm touched...",although i told u dat i m into baig face watches now but i really like e watch u gave cos it s fr u thanx number everything dat u ve done today i m touched
ham,U don't remember that old commercial?,u don t remember that old commercial
ham,Too late. I said i have the website. I didn't i have or dont have the slippers,too late i said i have website i didn t i have dont have slippers
ham,I asked you to call him now ok,i asked you call him now ok
ham,Kallis wont bat in 2nd innings.,kallis wont bat nd innings
ham,It didnt work again oh. Ok goodnight then. I.ll fix and have it ready by the time you wake up. You are very dearly missed have a good night sleep.,it didnt work again oh ok goodnight then i ll fix have it ready by time you wake up you very dearly missed have good night sleep
spam,Congratulations ur awarded 500 of CD vouchers or 125gift guaranteed & Free entry 2 100 wkly draw txt MUSIC to 87066 TnCs www.Ldew.com1win150ppmx3age16,congratulations ur awarded number cd vouchers gift guaranteed free entry number number wkly draw txt music number tncs url
ham,Ranjith cal drpd Deeraj and deepak 5min hold,ranjith cal drpd deeraj deepak min hold
ham,"Wen ur lovable bcums angry wid u, dnt take it seriously.. Coz being angry is d most childish n true way of showing deep affection, care n luv!.. kettoda manda... Have nice day da.",wen ur lovable bcums angry wid u dnt take it seriously coz being angry d most childish n true way showing deep affection care n luv kettoda manda have nice day da
ham,What you doing?how are you?,what you doing how you
ham,"Ups which is 3days also, and the shipping company that takes 2wks. The other way is usps which takes a week but when it gets to lag you may have to bribe nipost to get your stuff.",ups which days also shipping company that takes wks other way usps which takes week but when it gets lag you may have bribe nipost get your stuff
ham,"I'm back, lemme know when you're ready",i m back lemme know when you re ready
ham,Don't necessarily expect it to be done before you get back though because I'm just now headin out,don t necessarily expect it be done before you get back though because i m just now headin out
ham,Mmm so yummy babe ... Nice jolt to the suzy,mmm so yummy babe nice jolt suzy
ham,Where are you lover ? I need you ...,where you lover i need you
spam,We tried to contact you re your reply to our offer of a Video Handset? 750 anytime networks mins? UNLIMITED TEXT? Camcorder? Reply or call 08000930705 NOW,we tried contact you re your reply our offer video handset number anytime networks mins unlimited text camcorder reply call number now
ham,I‘m parked next to a MINI!!!! When are you coming in today do you think?,i m parked next mini when you coming today do you think
ham,Yup,yup
ham,Anyway i'm going shopping on my own now. Cos my sis not done yet. Dun disturb u liao.,anyway i m going shopping my own now cos my sis not done yet dun disturb u liao
ham,MY NO. IN LUTON 0125698789 RING ME IF UR AROUND! H*,my no luton number ring me if ur around h
spam,Hey I am really horny want to chat or see me naked text hot to 69698 text charged at 150pm to unsubscribe text stop 69698,hey i am really horny want chat see me naked text hot number text charged pm unsubscribe text stop number
ham,Why you Dint come with us.,why you dint come us
ham,Same. Wana plan a trip sometme then,same wana plan trip sometme then
ham,"Not sure yet, still trying to get a hold of him",not sure yet still trying get hold him
spam,Ur ringtone service has changed! 25 Free credits! Go to club4mobiles.com to choose content now! Stop? txt CLUB STOP to 87070. 150p/wk Club4 PO Box1146 MK45 2WT,ur ringtone service has changed number free credits go club mobiles com choose content now stop txt club stop number p wk club po box mk wt
ham,The evo. I just had to download flash. Jealous?,evo i just had download flash jealous
spam,Ringtone Club: Get the UK singles chart on your mobile each week and choose any top quality ringtone! This message is free of charge.,ringtone club get uk singles chart your mobile each week choose any top quality ringtone this message free charge
ham,"Come to mu, we're sorting out our narcotics situation",come mu we re sorting out our narcotics situation
ham,"Night has ended for another day, morning has come in a special way. May you smile like the sunny rays and leaves your worries at the blue blue bay.",night has ended another day morning has come special way may you smile like sunny rays leaves your worries blue blue bay
spam,HMV BONUS SPECIAL 500 pounds of genuine HMV vouchers to be won. Just answer 4 easy questions. Play Now! Send HMV to 86688 More info:www.100percent-real.com,hmv bonus special number pounds genuine hmv vouchers be won just answer number easy questions play now send hmv number more info url
ham,"Usf I guess, might as well take 1 car",usf i guess might as well take number car
ham,No objection. My bf not coming.,no objection my bf not coming
ham,Thanx...,thanx
ham,Tell rob to mack his gf in the theater,tell rob mack his gf theater
ham,"Awesome, I'll see you in a bit",awesome i ll see you bit
ham,Just sent it. So what type of food do you like?,just sent it so what type food do you like
ham,All done? All handed in? Celebrations in full swing yet?,all done all handed celebrations full swing yet
ham,You got called a tool?,you got called tool
ham,"Wen u miss someone, the person is definitely special for u..... But if the person is so special, why to miss them, just Keep-in-touch gdeve..",wen u miss someone person definitely special u but if person so special why miss them just keep touch gdeve
ham,Ok. I asked for money how far,ok i asked money how far
ham,Okie...,okie
ham,"Yeah I think my usual guy's still passed out from last night, if you get ahold of anybody let me know and I'll throw down",yeah i think my usual guy s still passed out from last night if you get ahold anybody let me know i ll throw down
ham,"K, I might come by tonight then if my class lets out early",k i might come by tonight then if my class lets out early
ham,Ok..,ok
ham,hi baby im cruisin with my girl friend what r u up 2? give me a call in and hour at home if thats alright or fone me on this fone now love jenny xxx,hi baby im cruisin my girl friend what r u up number give me call hour home if thats alright fone me this fone now love jenny xxx
ham,"My life Means a lot to me, Not because I love my life, But because I love the people in my life, The world calls them friends, I call them my World:-).. Ge:-)..",my life means lot me not because i love my life but because i love people my life world calls them friends i call them my world ge
ham,"Dear,shall mail tonite.busy in the street,shall update you tonite.things are looking ok.varunnathu edukkukayee raksha ollu.but a good one in real sense.",dear shall mail tonite busy street shall update you tonite things looking ok varunnathu edukkukayee raksha ollu but good one real sense
ham,Hey you told your name to gautham ah?,hey you told your name gautham ah
ham,Haf u found him? I feel so stupid da v cam was working.,haf u found him i feel so stupid da v cam was working
ham,Oops. 4 got that bit.,oops number got that bit
ham,Are you this much buzy,you this much buzy
ham,I accidentally deleted the message. Resend please.,i accidentally deleted message resend please
spam,T-Mobile customer you may now claim your FREE CAMERA PHONE upgrade & a pay & go sim card for your loyalty. Call on 0845 021 3680.Offer ends 28thFeb.T&C's apply,t mobile customer you may now claim your free camera phone upgrade pay go sim card your loyalty call number number number offer ends thfeb t c s apply
ham,Unless it's a situation where YOU GO GURL would be more appropriate,unless it s situation where you go gurl would be more appropriate
ham,Hurt me... Tease me... Make me cry... But in the end of my life when i die plz keep one rose on my grave and say STUPID I MISS U.. HAVE A NICE DAY BSLVYL,hurt me tease me make me cry but end my life when i die plz keep one rose my grave say stupid i miss u have nice day bslvyl
ham,I cant pick the phone right now. Pls send a message,i cant pick phone right now pls send message
ham,Need a coffee run tomo?Can't believe it's that time of week already,need coffee run tomo can t believe it s that time week already
ham,"Awesome, I remember the last time we got somebody high for the first time with diesel :V",awesome i remember last time we got somebody high first time diesel v
ham,"Shit that is really shocking and scary, cant imagine for a second. Def up for night out. Do u think there is somewhere i could crash for night, save on taxi?",shit that really shocking scary cant imagine second def up night out do u think there somewhere i could crash night save taxi
ham,Oh and by the way you do have more food in your fridge! Want to go out for a meal tonight? ,oh by way you do have more food your fridge want go out meal tonight
ham,He is a womdarfull actor,he womdarfull actor
spam,"SMS. ac Blind Date 4U!: Rodds1 is 21/m from Aberdeen, United Kingdom. Check Him out http://img. sms. ac/W/icmb3cktz8r7!-4 no Blind Dates send HIDE",sms ac blind date u rodds number m from aberdeen united kingdom check him out url sms ac w icmb cktz r number no blind dates send hide
ham,Yup... From what i remb... I think should be can book... ,yup from what i remb i think should be can book
ham,Jos ask if u wana meet up?,jos ask if u wana meet up
ham,Lol yes. Our friendship is hanging on a thread cause u won't buy stuff.,lol yes our friendship hanging thread cause u won t buy stuff
spam,"TheMob> Check out our newest selection of content, Games, Tones, Gossip, babes and sport, Keep your mobile fit and funky text WAP to 82468",themob check out our newest selection content games tones gossip babes sport keep your mobile fit funky text wap number
ham,Where are the garage keys? They aren't on the bookshelf,where garage keys they aren t bookshelf
ham,Today is ACCEPT DAY..U Accept me as? Brother Sister Lover Dear1 Best1 Clos1 Lvblefrnd Jstfrnd Cutefrnd Lifpartnr Belovd Swtheart Bstfrnd No rply means enemy,today accept day u accept me as brother sister lover dear best clos lvblefrnd jstfrnd cutefrnd lifpartnr belovd swtheart bstfrnd no rply means enemy
spam,"Think ur smart ? Win £200 this week in our weekly quiz, text PLAY to 85222 now!T&Cs WinnersClub PO BOX 84, M26 3UZ. 16+. GBP1.50/week",think ur smart win number this week our weekly quiz text play number now t cs winnersclub po box number m uz number gbp number week
ham,He says he'll give me a call when his friend's got the money but that he's definitely buying before the end of the week,he says he ll give me call when his friend s got money but that he s definitely buying before end week
ham,"Hi the way I was with u 2day, is the normal way&this is the real me. UR unique&I hope I know u 4 the rest of mylife. Hope u find wot was lost.",hi way i was u day normal way this real me ur unique i hope i know u number rest mylife hope u find wot was lost
ham,You made my day. Do have a great day too.,you made my day do have great day too
ham,K.k:)advance happy pongal.,k k advance happy pongal
ham,"Hmmm... Guess we can go 4 kb n power yoga... Haha, dunno we can tahan power yoga anot... Thk got lo oso, forgot liao...",hmmm guess we can go number kb n power yoga haha dunno we can tahan power yoga anot thk got lo oso forgot liao
ham,"Not really dude, have no friends i'm afraid :(",not really dude have no friends i m afraid
spam,December only! Had your mobile 11mths+? You are entitled to update to the latest colour camera mobile for Free! Call The Mobile Update Co FREE on 08002986906,december only had your mobile mths you entitled update latest colour camera mobile free call mobile update co free number
ham,"Coffee cake, i guess...",coffee cake i guess
ham,"Merry Christmas to you too babe, i love ya *kisses*",merry christmas you too babe i love ya kisses
ham,Hey... Why dont we just go watch x men and have lunch... Haha ,hey why dont we just go watch x men have lunch haha
ham,cud u tell ppl im gona b a bit l8 cos 2 buses hav gon past cos they were full & im still waitin 4 1. Pete x,cud u tell ppl im gona b bit l cos number buses hav gon past cos they were full im still waitin number number pete x
ham,That would be great. We'll be at the Guild. Could meet on Bristol road or somewhere - will get in touch over weekend. Our plans take flight! Have a good week,that would be great we ll be guild could meet bristol road somewhere will get touch over weekend our plans take flight have good week
ham,No problem. How are you doing?,no problem how you doing
ham,No calls..messages..missed calls,no calls messages missed calls
ham,Hi da:)how is the todays class?,hi da how todays class
ham,"I'd say that's a good sign but, well, you know my track record at reading women",i d say that s good sign but well you know my track record reading women
ham,"Cool, text me when you're parked",cool text me when you re parked
ham,I'm reading the text i just sent you. Its meant to be a joke. So read it in that light,i m reading text i just sent you its meant be joke so read it that light
ham,K.k:)apo k.good movie.,k k apo k good movie
ham,Maybe i could get book out tomo then return it immediately ..? Or something.,maybe i could get book out tomo then return it immediately something
spam,Call Germany for only 1 pence per minute! Call from a fixed line via access number 0844 861 85 85. No prepayment. Direct access!,call germany only number pence per minute call from fixed line via access number number number number number no prepayment direct access
ham,Any chance you might have had with me evaporated as soon as you violated my privacy by stealing my phone number from your employer's paperwork. Not cool at all. Please do not contact me again or I will report you to your supervisor.,any chance you might have had me evaporated as soon as you violated my privacy by stealing my phone number from your employer s paperwork not cool all please do not contact me again i will report you your supervisor
spam,Valentines Day Special! Win over £1000 in our quiz and take your partner on the trip of a lifetime! Send GO to 83600 now. 150p/msg rcvd. CustCare:08718720201.,valentines day special win over number our quiz take your partner trip lifetime send go number now p msg rcvd custcare number
ham,"Ta-Daaaaa! I am home babe, are you still up ?",ta daaaaa i am home babe you still up
ham,Cool. So how come you havent been wined and dined before?,cool so how come you havent been wined dined before
ham,Just sleeping..and surfing,just sleeping surfing
ham,"Sorry, I'll call later",sorry i ll call later
ham,U calling me right? Call my hand phone...,u calling me right call my hand phone
ham,Ok that's great thanx a lot.,ok that s great thanx lot
ham,I take it the post has come then! You must have 1000s of texts now! Happy reading. My one from wiv hello caroline at the end is my favourite. Bless him,i take it post has come then you must have s texts now happy reading my one from wiv hello caroline end my favourite bless him
ham,Where u been hiding stranger?,where u been hiding stranger
ham,Am not interested to do like that.,am not interested do like that
ham,My sister cleared two round in birla soft yesterday.,my sister cleared two round birla soft yesterday
ham,Gudnite....tc...practice going on,gudnite tc practice going
ham,Dis is yijue. I jus saw ur mail. In case huiming havent sent u my num. Dis is my num.,dis yijue i jus saw ur mail case huiming havent sent u my num dis my num
ham,One small prestige problem now.,one small prestige problem now
spam,Fancy a shag? I do.Interested? sextextuk.com txt XXUK SUZY to 69876. Txts cost 1.50 per msg. TnCs on website. X,fancy shag i do interested sextextuk com txt xxuk suzy number txts cost number number per msg tncs website x
ham,Just checking in on you. Really do miss seeing Jeremiah. Do have a great month,just checking you really do miss seeing jeremiah do have great month
ham,"Nah can't help you there, I've never had an iphone",nah can t help you there i ve never had iphone
ham,If you're not in my car in an hour and a half I'm going apeshit,if you re not my car hour half i m going apeshit
ham,"TODAY is Sorry day.! If ever i was angry with you, if ever i misbehaved or hurt you? plz plz JUST SLAP URSELF Bcoz, Its ur fault, I'm basically GOOD",today sorry day if ever i was angry you if ever i misbehaved hurt you plz plz just slap urself bcoz its ur fault i m basically good
ham,Yo you guys ever figure out how much we need for alcohol? Jay and I are trying to figure out how much we can safely spend on weed,yo you guys ever figure out how much we need alcohol jay i trying figure out how much we can safely spend weed
ham,&lt;#&gt; ISH MINUTES WAS 5 MINUTES AGO. WTF.,lt gt ish minutes was number minutes ago wtf
ham,"Thank You for calling.Forgot to say Happy Onam to you Sirji.I am fine here and remembered you when i met an insurance person.Meet You in Qatar Insha Allah.Rakhesh, ex Tata AIG who joined TISSCO,Tayseer.",thank you calling forgot say happy onam you sirji i am fine here remembered you when i met insurance person meet you qatar insha allah rakhesh ex tata aig who joined tissco tayseer
spam,Congratulations ur awarded 500 of CD vouchers or 125gift guaranteed & Free entry 2 100 wkly draw txt MUSIC to 87066 TnCs www.Ldew.com1win150ppmx3age16,congratulations ur awarded number cd vouchers gift guaranteed free entry number number wkly draw txt music number tncs url
spam,Ur cash-balance is currently 500 pounds - to maximize ur cash-in now send CASH to 86688 only 150p/msg. CC: 08708800282 HG/Suite342/2Lands Row/W1J6HL,ur cash balance currently number pounds maximize ur cash now send cash number only p msg cc number hg suite lands row w j hl
ham,"I'm an actor. When i work, i work in the evening and sleep late. Since i'm unemployed at the moment, i ALWAYS sleep late. When you're unemployed, every day is saturday.",i m actor when i work i work evening sleep late since i m unemployed moment i always sleep late when you re unemployed every day saturday
ham,"Hello! Just got here, st andrews-boy its a long way! Its cold. I will keep you posted",hello just got here st andrews boy its long way its cold i will keep you posted
ham,Ha ha cool cool chikku chikku:-):-DB-),ha ha cool cool chikku chikku db
ham,Oh ok no prob..,oh ok no prob
ham,Check audrey's status right now,check audrey s status right now
ham,Busy here. Trying to finish for new year. I am looking forward to finally meeting you...,busy here trying finish new year i am looking forward finally meeting you
ham,"Good afternoon sunshine! How dawns that day ? Are we refreshed and happy to be alive? Do we breathe in the air and smile ? I think of you, my love ... As always",good afternoon sunshine how dawns that day we refreshed happy be alive do we breathe air smile i think you my love as always
ham,Well i know Z will take care of me. So no worries.,well i know z will take care me so no worries
spam,"Update_Now - Xmas Offer! Latest Motorola, SonyEricsson & Nokia & FREE Bluetooth! Double Mins & 1000 Txt on Orange. Call MobileUpd8 on 08000839402 or call2optout/F4Q=",update now xmas offer latest motorola sonyericsson nokia free bluetooth double mins number txt orange call mobileupd number call optout f q
spam,Here is your discount code RP176781. To stop further messages reply stop. www.regalportfolio.co.uk. Customer Services 08717205546,here your discount code rp stop further messages reply stop url customer services number
ham,Wat uniform? In where get?,wat uniform where get
ham,"Cool, text me when you're ready",cool text me when you re ready
ham,"Hello my boytoy ... Geeee I miss you already and I just woke up. I wish you were here in bed with me, cuddling me. I love you ...",hello my boytoy geeee i miss you already i just woke up i wish you were here bed me cuddling me i love you
ham,I will spoil you in bed as well :),i will spoil you bed as well
ham,I'm going for bath will msg you next  &lt;#&gt;  min..,i m going bath will msg you next lt gt min
ham,I cant keep talking to people if am not sure i can pay them if they agree to price. So pls tell me what you want to really buy and how much you are willing to pay,i cant keep talking people if am not sure i can pay them if they agree price so pls tell me what you want really buy how much you willing pay
spam,"Thanks for your Ringtone Order, Reference T91. You will be charged GBP 4 per week. You can unsubscribe at anytime by calling customer services on 09057039994",thanks your ringtone order reference t you will be charged gbp number per week you can unsubscribe anytime by calling customer services number
ham,Can you say what happen,can you say what happen
ham,You could have seen me..i did't recognise you Face.:),you could have seen me i did t recognise you face
ham,Well there's not a lot of things happening in Lindsay on New years *sighs* Some bars in Ptbo and the blue heron has something going,well there s not lot things happening lindsay new years sighs some bars ptbo blue heron has something going
ham,Keep my payasam there if rinu brings,keep my payasam there if rinu brings
ham,I taught that Ranjith sir called me. So only i sms like that. Becaus hes verifying about project. Prabu told today so only pa dont mistake me..,i taught that ranjith sir called me so only i sms like that becaus hes verifying about project prabu told today so only pa dont mistake me
ham,"I guess that's why you re worried. You must know that there's a way the body repairs itself. And i'm quite sure you shouldn't worry. We'll take it slow. First the tests, they will guide when your ovulation is then just relax. Nothing you've said is a reason to worry but i.ll keep on followin you up.",i guess that s why you re worried you must know that there s way body repairs itself i m quite sure you shouldn t worry we ll take it slow first tests they will guide when your ovulation then just relax nothing you ve said reason worry but i ll keep followin you up
ham,"Yeah sure, give me a couple minutes to track down my wallet",yeah sure give me couple minutes track down my wallet
ham,Hey leave it. not a big deal:-) take care.,hey leave it not big deal take care
ham,Hey i will be late ah... Meet you at 945+,hey i will be late ah meet you number
spam,"Double mins and txts 4 6months FREE Bluetooth on Orange. Available on Sony, Nokia Motorola phones. Call MobileUpd8 on 08000839402 or call2optout/N9DX",double mins txts number months free bluetooth orange available sony nokia motorola phones call mobileupd number call optout n dx
ham,It took Mr owl 3 licks,it took mr owl number licks
ham,Customer place i will call you.,customer place i will call you
ham,Mm that time you dont like fun,mm that time you dont like fun
spam,4mths half price Orange line rental & latest camera phones 4 FREE. Had your phone 11mths ? Call MobilesDirect free on 08000938767 to update now! or2stoptxt,mths half price orange line rental latest camera phones number free had your phone mths call mobilesdirect free number update now stoptxt
ham,Yup having my lunch buffet now.. U eat already?,yup having my lunch buffet now u eat already
ham,Huh so late... Fr dinner?,huh so late fr dinner
ham,Hey so this sat are we going for the intro pilates only? Or the kickboxing too? ,hey so this sat we going intro pilates only kickboxing too
ham,Morning only i can ok.,morning only i can ok
ham,Yes i think so. I am in office but my lap is in room i think thats on for the last few days. I didnt shut that down,yes i think so i am office but my lap room i think thats last few days i didnt shut that down
ham,Pick you up bout 7.30ish? What time are  and that going?,pick you up bout number ish what time that going
ham,From here after The performance award is calculated every two month.not for current one month period..,from here after performance award calculated every two month not current one month period
ham,Was actually sleeping and still might when u call back. So a text is gr8. You rock sis. Will send u a text wen i wake.,was actually sleeping still might when u call back so text gr you rock sis will send u text wen i wake
ham,"You are always putting your business out there. You put pictures of your ass on facebook. You are one of the most open people i've ever met. Why would i think a picture of your room would hurt you, make you feel violated.",you always putting your business out there you put pictures your ass facebook you one most open people i ve ever met why would i think picture your room would hurt you make you feel violated
ham,"Good evening Sir, Al Salam Wahleykkum.sharing a happy news.By the grace of God, i got an offer from Tayseer,TISSCO and i joined.Hope you are fine.Inshah Allah,meet you sometime.Rakhesh,visitor from India.",good evening sir al salam wahleykkum sharing happy news by grace god i got offer from tayseer tissco i joined hope you fine inshah allah meet you sometime rakhesh visitor from india
ham,Hmmm...k...but i want to change the field quickly da:-)i wanna get system administrator or network administrator..,hmmm k but i want change field quickly da i wanna get system administrator network administrator
spam,"FREE RINGTONE text FIRST to 87131 for a poly or text GET to 87131 for a true tone! Help? 0845 2814032 16 after 1st free, tones are 3x£150pw to e£nd txt stop",free ringtone text first number poly text get number true tone help number number number after st free tones x pw e nd txt stop
ham,Dear how is chechi. Did you talk to her,dear how chechi did you talk her
ham,The hair cream has not been shipped.,hair cream has not been shipped
ham,None of that's happening til you get here though,none that s happening til you get here though
ham,"Yep, the great loxahatchee xmas tree burning of  &lt;#&gt;  starts in an hour",yep great loxahatchee xmas tree burning lt gt starts hour
ham,"Haha get used to driving to usf man, I know a lot of stoners",haha get used driving usf man i know lot stoners
ham,All was well until slightly disastrous class this pm with my fav darlings! Hope day off ok. Coffee wld be good as can't stay late tomorrow. Same time + place as always?,all was well until slightly disastrous class this pm my fav darlings hope day off ok coffee wld be good as can t stay late tomorrow same time place as always
ham,Hello! Good week? Fancy a drink or something later?,hello good week fancy drink something later
ham,Headin towards busetop,headin towards busetop
ham,Message:some text missing* Sender:Name Missing* *Number Missing *Sent:Date missing *Missing U a lot thats y everything is missing sent via fullonsms.com,message some text missing sender name missing number missing sent date missing missing u lot thats y everything missing sent via fullonsms com
ham,Come by our room at some point so we can iron out the plan for this weekend,come by our room some point so we can iron out plan this weekend
ham,Cos i want it to be your thing,cos i want it be your thing
ham,"Okies... I'll go yan jiu too... We can skip ard oso, go cine den go mrt one, blah blah blah... ",okies i ll go yan jiu too we can skip ard oso go cine den go mrt one blah blah blah
ham,Bring home some Wendy =D,bring home some wendy d
spam,100 dating service cal;l 09064012103 box334sk38ch,number dating service cal l number box sk ch
ham,Whatsup there. Dont u want to sleep,whatsup there dont u want sleep
ham,Alright i have a new goal now,alright i have new goal now
spam,FREE entry into our £250 weekly competition just text the word WIN to 80086 NOW. 18 T&C www.txttowin.co.uk,free entry into our number weekly competition just text word win number now number t c url
ham,"Alright, I'll head out in a few minutes, text me where to meet you",alright i ll head out few minutes text me where meet you
spam,Send a logo 2 ur lover - 2 names joined by a heart. Txt LOVE NAME1 NAME2 MOBNO eg LOVE ADAM EVE 07123456789 to 87077 Yahoo! POBox36504W45WQ TxtNO 4 no ads 150p,send logo number ur lover number names joined by heart txt love name name mobno eg love adam eve number number yahoo pobox w wq txtno number no ads p
ham,Yes:)from last week itself i'm taking live call.,yes from last week itself i m taking live call
spam,Someone has contacted our dating service and entered your phone because they fancy you! To find out who it is call from a landline 09111032124 . PoBox12n146tf150p,someone has contacted our dating service entered your phone because they fancy you find out who it call from landline number pobox n tf p
ham,Siva is in hostel aha:-.,siva hostel aha
spam,URGENT! Your Mobile number has been awarded with a £2000 prize GUARANTEED. Call 09058094455 from land line. Claim 3030. Valid 12hrs only,urgent your mobile number has been awarded number prize guaranteed call number from land line claim number valid hrs only
ham,Send this to ur friends and receive something about ur voice..... How is my speaking expression? 1.childish 2.naughty 3.Sentiment 4.rowdy 5.ful of attitude 6.romantic 7.shy 8.Attractive 9.funny  &lt;#&gt; .irritating  &lt;#&gt; .lovable. reply me..,send this ur friends receive something about ur voice how my speaking expression number childish number naughty number sentiment number rowdy number ful attitude number romantic number shy number attractive number funny lt gt irritating lt gt lovable reply me
ham,Ok. She'll be ok. I guess,ok she ll be ok i guess
ham,aathi..where are you dear..,aathi where you dear
ham,Any pain on urination any thing else?,any pain urination any thing else
ham,7 at esplanade.. Do ü mind giving me a lift cos i got no car today..,number esplanade do mind giving me lift cos i got no car today
ham,I wnt to buy a BMW car urgently..its vry urgent.but hv a shortage of  &lt;#&gt; Lacs.there is no source to arng dis amt. &lt;#&gt; lacs..thats my prob,i wnt buy bmw car urgently its vry urgent but hv shortage lt gt lacs there no source arng dis amt lt gt lacs thats my prob
ham,At home watching tv lor.,home watching tv lor
ham,Does she usually take fifteen fucking minutes to respond to a yes or no question,does she usually take fifteen fucking minutes respond yes no question
spam,Congrats! Nokia 3650 video camera phone is your Call 09066382422 Calls cost 150ppm Ave call 3mins vary from mobiles 16+ Close 300603 post BCM4284 Ldn WC1N3XX,congrats nokia number video camera phone your call number calls cost ppm ave call mins vary from mobiles number close number post bcm ldn wc n xx
ham,Booked ticket for pongal?,booked ticket pongal
ham,You available now? I'm like right around hillsborough &amp;  &lt;#&gt; th,you available now i m like right around hillsborough amp lt gt th
ham,The message sent is askin for  &lt;#&gt; dollars. Shoul i pay  &lt;#&gt;  or  &lt;#&gt; ?,message sent askin lt gt dollars shoul i pay lt gt lt gt
ham,"Ask g or iouri, I've told the story like ten times already",ask g iouri i ve told story like ten times already
ham,How long does applebees fucking take,how long does applebees fucking take
ham,"Hi hope u get this txt~journey hasnt been gd,now about 50 mins late I think.",hi hope u get this txt journey hasnt been gd now about number mins late i think
ham,But i have to. I like to have love and arrange.,but i have i like have love arrange
ham,Yes..he is really great..bhaji told kallis best cricketer after sachin in world:).very tough to get out.,yes he really great bhaji told kallis best cricketer after sachin world very tough get out
ham,You were supposed to wake ME up &gt;:(,you were supposed wake me up gt
ham,Oic... I saw him too but i tot he din c me... I found a group liao...,oic i saw him too but i tot he din c me i found group liao
ham,"Sorry, I'll call later",sorry i ll call later
ham,"HEY HEY WERETHE MONKEESPEOPLE SAY WE MONKEYAROUND! HOWDY GORGEOUS, HOWU DOIN? FOUNDURSELF A JOBYET SAUSAGE?LOVE JEN XXX",hey hey werethe monkeespeople say we monkeyaround howdy gorgeous howu doin foundurself jobyet sausage love jen xxx
ham,"Sorry, my battery died, I can come by but I'm only getting a gram for now, where's your place?",sorry my battery died i can come by but i m only getting gram now where s your place
ham,"Well done, blimey, exercise, yeah, i kinda remember wot that is, hmm. ",well done blimey exercise yeah i kinda remember wot that hmm
ham,I wont get concentration dear you know you are my mind and everything :-),i wont get concentration dear you know you my mind everything
ham,LOL ... Have you made plans for new years?,lol have you made plans new years
ham,10 min later k...,number min later k
ham,hanks lotsly!,hanks lotsly
ham,Thanks for this hope you had a good day today,thanks this hope you had good day today
ham,K:)k:)what are detail you want to transfer?acc no enough?,k k what detail you want transfer acc no enough
ham,Ok i will tell her to stay out. Yeah its been tough but we are optimistic things will improve this month.,ok i will tell her stay out yeah its been tough but we optimistic things will improve this month
spam,"Loan for any purpose £500 - £75,000. Homeowners + Tenants welcome. Have you been previously refused? We can still help. Call Free 0800 1956669 or text back 'help'",loan any purpose number number number homeowners tenants welcome have you been previously refused we can still help call free number number text back help
ham,Si si. I think ill go make those oreo truffles.,si si i think ill go make those oreo truffles
ham,"LOOK AT AMY URE A BEAUTIFUL, INTELLIGENT WOMAN AND I LIKE U A LOT. I KNOW U DONT LIKE ME LIKE THAT SO DONT WORRY.",look amy ure beautiful intelligent woman i like u lot i know u don t like me like that so don t worry
ham,I hope you that's the result of being consistently intelligent and kind. Start asking him about practicum links and keep your ears open and all the best. ttyl,i hope you that s result being consistently intelligent kind start asking him about practicum links keep your ears open all best ttyl
ham,"1.20 that call cost. Which i guess isnt bad. Miss ya, need ya, want ya, love ya",number number that call cost which i guess isnt bad miss ya need ya want ya love ya
ham,Going thru a very different feeling.wavering decisions and coping up with the same is the same individual.time will heal everything i believe.,going thru very different feeling wavering decisions coping up same same individual time will heal everything i believe
ham,Where did u go? My phone is gonna die you have to stay in here,where did u go my phone gonna die you have stay here
ham,Great. Never been better. Each day gives even more reasons to thank God,great never been better each day gives even more reasons thank god
spam,"UpgrdCentre Orange customer, you may now claim your FREE CAMERA PHONE upgrade for your loyalty. Call now on 0207 153 9153. Offer ends 26th July. T&C's apply. Opt-out available",upgrdcentre orange customer you may now claim your free camera phone upgrade your loyalty call now number number number offer ends th july t c s apply opt out available
ham,"Sorry, I'll call later ok bye",sorry i ll call later ok bye
ham,Ok i am on the way to railway,ok i am way railway
ham,great princess! I love giving and receiving oral. Doggy style is my fave position. How about you? I enjoy making love  &lt;#&gt;  times per night :),great princess i love giving receiving oral doggy style my fave position how about you i enjoy making love lt gt times per night
ham,They don't put that stuff on the roads to keep it from getting slippery over there?,they don t put that stuff roads keep it from getting slippery over there
ham,When are you going to ride your bike?,when you going ride your bike
ham,"Yup, no need. I'll jus wait 4 e rain 2 stop.",yup no need i ll jus wait number e rain number stop
ham,There are many company. Tell me the language.,there many company tell me language
spam,okmail: Dear Dave this is your final notice to collect your 4* Tenerife Holiday or #5000 CASH award! Call 09061743806 from landline. TCs SAE Box326 CW25WX 150ppm,okmail dear dave this your final notice collect your number tenerife holiday number cash award call number from landline tcs sae box cw wx ppm
ham,"How long has it been since you screamed, princess?",how long has it been since you screamed princess
ham,"Nothing. I meant that once the money enters your account here, the bank will remove its flat rate. Someone transfered  &lt;#&gt;  to my account and  &lt;#&gt; dollars got removed. So the banks differ and charges also differ.be sure you trust the 9ja person you are sending account details to cos...",nothing i meant that once money enters your account here bank will remove its flat rate someone transfered lt gt my account lt gt dollars got removed so banks differ charges also differ be sure you trust ja person you sending account details cos
spam,Want 2 get laid tonight? Want real Dogging locations sent direct 2 ur Mob? Join the UK's largest Dogging Network by txting MOAN to 69888Nyt. ec2a. 31p.msg@150p,want number get laid tonight want real dogging locations sent direct number ur mob join uk s largest dogging network by txting moan nyt ec p msg p
ham,Nice line said by a broken heart- Plz don't cum 1 more times infront of me... Other wise once again I ll trust U... Good 9t:),nice line said by broken heart plz don t cum number more times infront me other wise once again i ll trust u good t
ham,Ok I'm gonna head up to usf in like fifteen minutes,ok i m gonna head up usf like fifteen minutes
ham,Love you aathi..love u lot..,love you aathi love u lot
ham,Tension ah?what machi?any problem?,tension ah what machi any problem
ham,"K, can I pick up another 8th when you're done?",k can i pick up another th when you re done
ham,When're you guys getting back? G said you were thinking about not staying for mcr,when re you guys getting back g said you were thinking about not staying mcr
ham,"Almost there, see u in a sec",almost there see u sec
ham,"Yo carlos, a few friends are already asking me about you, you working at all this weekend?",yo carlos few friends already asking me about you you working all this weekend
ham,Watching tv lor...,watching tv lor
ham,Thank you baby! I cant wait to taste the real thing...,thank you baby i cant wait taste real thing
ham,You should change your fb to jaykwon thuglyfe falconerf,you should change your fb jaykwon thuglyfe falconerf
ham,If we win its really no 1 side for long time.,if we win its really no number side long time
spam,"FREE MESSAGE Activate your 500 FREE Text Messages by replying to this message with the word FREE For terms & conditions, visit www.07781482378.com",free message activate your number free text messages by replying this message word free terms conditions visit url
ham,Dear reached railway. What happen to you,dear reached railway what happen you
ham,"Depends on quality. If you want the type i sent boye, faded glory, then about 6. If you want ralphs maybe 2",depends quality if you want type i sent boye faded glory then about number if you want ralphs maybe number
ham,I think i've fixed it can you send a test message?,i think i ve fixed it can you send test message
ham,"Sorry man my account's dry or I would, if you want we could trade back half or I could buy some shit with my credit card",sorry man my account s dry i would if you want we could trade back half i could buy some shit my credit card
spam,"Congrats! 1 year special cinema pass for 2 is yours. call 09061209465 now! C Suprman V, Matrix3, StarWars3, etc all 4 FREE! bx420-ip4-5we. 150pm. Dont miss out!",congrats number year special cinema pass number yours call number now c suprman v matrix starwars etc all number free bx ip we pm dont miss out
ham,"Sorry,in meeting I'll call later",sorry meeting i ll call later
ham,What class of  &lt;#&gt;  reunion?,what class lt gt reunion
ham,Are you free now?can i call now?,you free now can i call now
ham,Got meh... When?,got meh when
ham,Nope... Think i will go for it on monday... Sorry i replied so late,nope think i will go it monday sorry i replied so late
ham,Some of them told accenture is not confirm. Is it true.,some them told accenture not confirm it true
ham,"Kate jackson rec center before 7ish, right?",kate jackson rec center before ish right
ham,Dear i have reache room,dear i have reache room
ham,"Fighting with the world is easy, u either win or lose bt fightng with some1 who is close to u is dificult if u lose - u lose if u win - u still lose.",fighting world easy u either win lose bt fightng some who close u dificult if u lose u lose if u win u still lose
ham,When can ü come out?,when can come out
ham,Check with nuerologist.,check nuerologist
ham,Lolnice. I went from a fish to ..water.?,lolnice i went from fish water
spam,+123 Congratulations - in this week's competition draw u have won the £1450 prize to claim just call 09050002311 b4280703. T&Cs/stop SMS 08718727868. Over 18 only 150ppm,number congratulations this week s competition draw u have won number prize claim just call number b t cs stop sms number over number only ppm
ham,No it's waiting in e car dat's bored wat. Cos wait outside got nothing 2 do. At home can do my stuff or watch tv wat.,no it s waiting e car dat s bored wat cos wait outside got nothing number do home can do my stuff watch tv wat
ham,"Maybe westshore or hyde park village, the place near my house?",maybe westshore hyde park village place near my house
ham,You should know now. So how's anthony. Are you bringing money. I've school fees to pay and rent and stuff like that. Thats why i need your help. A friend in need....|,you should know now so how s anthony you bringing money i ve school fees pay rent stuff like that thats why i need your help friend need
ham,What's the significance?,what s significance
ham,Your opinion about me? 1. Over 2. Jada 3. Kusruthi 4. Lovable 5. Silent 6. Spl character 7. Not matured 8. Stylish 9. Simple Pls reply..,your opinion about me number over number jada number kusruthi number lovable number silent number spl character number not matured number stylish number simple pls reply
ham,"8 at the latest, g's still there if you can scrounge up some ammo and want to give the new ak a try",number latest g s still there if you can scrounge up some ammo want give new ak try
ham,Prabha..i'm soryda..realy..frm heart i'm sory,prabha i m soryda realy frm heart i m sory
ham,Lol ok your forgiven :),lol ok your forgiven
ham,No..jst change tat only..,no jst change tat only
spam,"You are guaranteed the latest Nokia Phone, a 40GB iPod MP3 player or a £500 prize! Txt word: COLLECT to No: 83355! IBHltd LdnW15H 150p/Mtmsgrcvd18+",you guaranteed latest nokia phone gb ipod mp player number prize txt word collect no number ibhltd ldnw h p mtmsgrcvd
ham,S:)no competition for him.,s no competition him
spam,Boltblue tones for 150p Reply POLY# or MONO# eg POLY3 1. Cha Cha Slide 2. Yeah 3. Slow Jamz 6. Toxic 8. Come With Me or STOP 4 more tones txt MORE,boltblue tones p reply poly mono eg poly number cha cha slide number yeah number slow jamz number toxic number come me stop number more tones txt more
spam,Your credits have been topped up for http://www.bubbletext.com Your renewal Pin is tgxxrz,your credits have been topped up url your renewal pin tgxxrz
ham,"That way transport is less problematic than on sat night. By the way, if u want to ask  n  to join my bday, feel free. But need to know definite nos as booking on fri. ",that way transport less problematic than sat night by way if u want ask n join my bday feel free but need know definite nos as booking fri
ham,Usually the person is unconscious that's in children but in adults they may just behave abnormally. I.ll call you now,usually person unconscious that s children but adults they may just behave abnormally i ll call you now
ham,But that's on ebay it might be less elsewhere.,but that s ebay it might be less elsewhere
ham,Shall i come to get pickle,shall i come get pickle
ham,Were gonna go get some tacos,were gonna go get some tacos
ham,"That's very rude, you on campus?",that s very rude you campus
spam,"URGENT!: Your Mobile No. was awarded a £2,000 Bonus Caller Prize on 02/09/03! This is our 2nd attempt to contact YOU! Call 0871-872-9755 BOX95QU",urgent your mobile no was awarded number number bonus caller prize number number number this our nd attempt contact you call number number number box qu
ham,Hi i won't b ard 4 christmas. But do enjoy n merry x'mas.,hi i won t b ard number christmas but do enjoy n merry x mas
spam,"Today's Offer! Claim ur £150 worth of discount vouchers! Text YES to 85023 now! SavaMob, member offers mobile! T Cs 08717898035. £3.00 Sub. 16 . Unsub reply X",today s offer claim ur number worth discount vouchers text yes number now savamob member offers mobile t cs number number number sub number unsub reply x
ham,Yes! How is a pretty lady like you single?,yes how pretty lady like you single
spam,You will recieve your tone within the next 24hrs. For Terms and conditions please see Channel U Teletext Pg 750,you will recieve your tone within next hrs terms conditions please see channel u teletext pg number
ham,Jay says that you're a double-faggot,jay says that you re double faggot
spam,PRIVATE! Your 2003 Account Statement for 07815296484 shows 800 un-redeemed S.I.M. points. Call 08718738001 Identifier Code 41782 Expires 18/11/04 ,private your number account statement number shows number un redeemed s i m points call number identifier code number expires number number number
ham,What Today-sunday..sunday is holiday..so no work..,what today sunday sunday holiday so no work
ham,Gudnite....tc...practice going on,gudnite tc practice going
ham,I'll be late...,i ll be late
ham,"I've not called you in a while. This is hoping it was l8r malaria and that you know that we miss you guys. I miss Bani big, so pls give her my love especially. Have a great day.",i ve not called you while this hoping it was l r malaria that you know that we miss you guys i miss bani big so pls give her my love especially have great day
ham,"Good afternoon, my love! How goes that day ? I hope maybe you got some leads on a job. I think of you, boytoy and send you a passionate kiss from across the sea",good afternoon my love how goes that day i hope maybe you got some leads job i think you boytoy send you passionate kiss from across sea
ham,"Probably gonna be here for a while, see you later tonight &lt;)",probably gonna be here while see you later tonight lt
ham,Or maybe my fat fingers just press all these buttons and it doesn't know what to do.,maybe my fat fingers just press all these buttons it doesn t know what do
ham,Ummmmmaah Many many happy returns of d day my dear sweet heart.. HAPPY BIRTHDAY dear,ummmmmaah many many happy returns d day my dear sweet heart happy birthday dear
ham,"I am in tirupur da, once you started from office call me.",i am tirupur da once you started from office call me
spam,from www.Applausestore.com MonthlySubscription@50p/msg max6/month T&CsC web age16 2stop txt stop,from url monthlysubscription p msg max month t csc web age stop txt stop
ham,"A famous quote : when you develop the ability to listen to 'anything' unconditionally without losing your temper or self confidence, it means you are ......... 'MARRIED'",famous quote when you develop ability listen anything unconditionally without losing your temper self confidence it means you married
ham,But am going to college pa. What to do. are else ill come there it self. Pa.,but am going college pa what do else ill come there it self pa
ham,4 oclock at mine. Just to bash out a flat plan.,number oclock mine just bash out flat plan
ham,This girl does not stay in bed. This girl doesn't need recovery time. Id rather pass out while having fun then be cooped up in bed,this girl does not stay bed this girl doesn t need recovery time id rather pass out while having fun then be cooped up bed
ham,Then any special there?,then any special there
ham,I know but you need to get hotel now. I just got my invitation but i had to apologise. Cali is to sweet for me to come to some english bloke's weddin,i know but you need get hotel now i just got my invitation but i had apologise cali sweet me come some english bloke s weddin
ham,"Sorry that took so long, omw now",sorry that took so long omw now
ham,Wait  &lt;#&gt;  min..,wait lt gt min
ham,Ok give me 5 minutes I think I see her. BTW you're my alibi. You were cutting my hair the whole time.,ok give me number minutes i think i see her btw you re my alibi you were cutting my hair whole time
ham,"Imagine you finally get to sink into that bath after I have put you through your paces, maybe even having you eat me for a while before I left ... But also imagine the feel of that cage on your cock surrounded by the bath water, reminding you always who owns you ... Enjoy, my cuck",imagine you finally get sink into that bath after i have put you through your paces maybe even having you eat me while before i left but also imagine feel that cage your cock surrounded by bath water reminding you always who owns you enjoy my cuck
ham,"Hurry up, I've been weed-deficient for like three days",hurry up i ve been weed deficient like three days
ham,"Sure, if I get an acknowledgement from you that it's astoundingly tactless and generally faggy to demand a blood oath fo",sure if i get acknowledgement from you that it s astoundingly tactless generally faggy demand blood oath fo
ham,Ok. Every night take a warm bath drink a cup of milk and you'll see a work of magic. You still need to loose weight. Just so that you know,ok every night take warm bath drink cup milk you ll see work magic you still need loose weight just so that you know
ham,I‘ll have a look at the frying pan in case it‘s cheap or a book perhaps. No that‘s silly a frying pan isn‘t likely to be a book,i ll have look frying pan case it s cheap book perhaps no that s silly frying pan isn t likely be book
ham,O. Well uv causes mutations. Sunscreen is like essential thesedays,o well uv causes mutations sunscreen like essential thesedays
ham,Having lunch:)you are not in online?why?,having lunch you not online why
ham,I know that my friend already told that.,i know that my friend already told that
ham,Hi Princess! Thank you for the pics. You are very pretty. How are you?,hi princess thank you pics you very pretty how you
ham,"Aiyo... U always c our ex one... I dunno abt mei, she haven reply... First time u reply so fast... Y so lucky not workin huh, got bao by ur sugardad ah...gee.. ",aiyo u always c our ex one i dunno abt mei she haven reply first time u reply so fast y so lucky not workin huh got bao by ur sugardad ah gee
ham,Hi msg me:)i'm in office..,hi msg me i m office
ham,Thanx 4 e brownie it's v nice...,thanx number e brownie it s v nice
ham,Geeeee ... I love you so much I can barely stand it,geeeee i love you so much i can barely stand it
spam,GENT! We are trying to contact you. Last weekends draw shows that you won a £1000 prize GUARANTEED. Call 09064012160. Claim Code K52. Valid 12hrs only. 150ppm ,gent we trying contact you last weekends draw shows that you won number prize guaranteed call number claim code k valid hrs only ppm
ham,"Fuck babe ... I miss you already, you know ? Can't you let me send you some money towards your net ? I need you ... I want you ... I crave you ...",fuck babe i miss you already you know can t you let me send you some money towards your net i need you i want you i crave you
ham,"Ill call u 2mrw at ninish, with my address that icky American freek wont stop callin me 2 bad Jen k eh?",ill call u mrw ninish my address that icky american freek wont stop callin me number bad jen k eh
ham,Oooh bed ridden ey? What are YOU thinking of?,oooh bed ridden ey what you thinking
ham,"So anyways, you can just go to your gym or whatever, my love *smiles* I hope your ok and having a good day babe ... I miss you so much already",so anyways you can just go your gym whatever my love smiles i hope your ok having good day babe i miss you so much already
ham,Love it! Daddy will make you scream with pleasure! I am going to slap your ass with my dick!,love it daddy will make you scream pleasure i am going slap your ass my dick
ham,WOT U WANNA DO THEN MISSY?,wot u wanna do then missy
ham,Yar lor wait 4 my mum 2 finish sch then have lunch lor... I whole morning stay at home clean my room now my room quite clean... Hee...,yar lor wait number my mum number finish sch then have lunch lor i whole morning stay home clean my room now my room quite clean hee
ham,Do you know where my lab goggles went,do you know where my lab goggles went
ham,Can you open the door?,can you open door
ham,Waiting for your call.,waiting your call
ham,Nope i waiting in sch 4 daddy... ,nope i waiting sch number daddy
spam,"You have won ?1,000 cash or a ?2,000 prize! To claim, call09050000327",you have won number number cash number number prize claim call
ham,"I'm tired of arguing with you about this week after week. Do what you want and from now on, i'll do the same.",i m tired arguing you about this week after week do what you want from now i ll do same
ham,Ü wait 4 me in sch i finish ard 5..,wait number me sch i finish ard number
spam,"our mobile number has won £5000, to claim calls us back or ring the claims hot line on 09050005321.",our mobile number has won number claim calls us back ring claims hot line number
ham,"Arngd marriage is while u r walkin unfortuntly a snake bites u. bt love marriage is dancing in frnt of d snake &amp; sayin Bite me, bite me.",arngd marriage while u r walkin unfortuntly snake bites u bt love marriage dancing frnt d snake amp sayin bite me bite me
ham,Huh so early.. Then ü having dinner outside izzit?,huh so early then having dinner outside izzit
ham,Ok anyway no need to change with what you said,ok anyway no need change what you said
spam,We tried to contact you re your reply to our offer of 750 mins 150 textand a new video phone call 08002988890 now or reply for free delivery tomorrow,we tried contact you re your reply our offer number mins number textand new video phone call number now reply free delivery tomorrow
ham,my ex-wife was not able to have kids. Do you want kids one day?,my ex wife was not able have kids do you want kids one day
ham,So how's scotland. Hope you are not over showing your JJC tendencies. Take care. Live the dream,so how s scotland hope you not over showing your jjc tendencies take care live dream
ham,Tell them u have a headache and just want to use 1 hour of sick time.,tell them u have headache just want use number hour sick time
ham,"I dun thk i'll quit yet... Hmmm, can go jazz ? Yogasana oso can... We can go meet em after our lessons den... ",i dun thk i ll quit yet hmmm can go jazz yogasana oso can we can go meet em after our lessons den
ham,Pete can you please ring meive hardly gotany credit,pete can you please ring meive hardly gotany credit
ham,Ya srsly better than yi tho,ya srsly better than yi tho
ham,"I'm in a meeting, call me later at",i m meeting call me later
spam,"For ur chance to win a £250 wkly shopping spree TXT: SHOP to 80878. T's&C's www.txt-2-shop.com custcare 08715705022, 1x150p/wk",ur chance win number wkly shopping spree txt shop number t s c s url custcare number x p wk
spam,You have been specially selected to receive a 2000 pound award! Call 08712402050 BEFORE the lines close. Cost 10ppm. 16+. T&Cs apply. AG Promo,you have been specially selected receive number pound award call number before lines close cost ppm number t cs apply ag promo
spam,PRIVATE! Your 2003 Account Statement for 07753741225 shows 800 un-redeemed S. I. M. points. Call 08715203677 Identifier Code: 42478 Expires 24/10/04,private your number account statement number shows number un redeemed s i m points call number identifier code number expires number number number
ham,You still at grand prix?,you still grand prix
ham,"I met you as a stranger and choose you as my friend. As long as the world stands, our friendship never ends. Lets be Friends forever!!! Gud nitz...",i met you as stranger choose you as my friend as long as world stands our friendship never ends lets be friends forever gud nitz
ham,I am great! How are you?,i am great how you
ham,Gud mrng dear have a nice day,gud mrng dear have nice day
spam,You have an important customer service announcement. Call FREEPHONE 0800 542 0825 now!,you have important customer service announcement call freephone number number number now
ham,Will do. Was exhausted on train this morning. Too much wine and pie. You sleep well too,will do was exhausted train this morning too much wine pie you sleep well too
ham,I'm going out to buy mum's present ar.,i m going out buy mum s present ar
ham,Mind blastin.. No more Tsunamis will occur from now on.. Rajnikant stopped swimming in Indian Ocean..:-D,mind blastin no more tsunamis will occur from now rajnikant stopped swimming indian ocean d
ham,If u sending her home first it's ok lor. I'm not ready yet.,if u sending her home first it s ok lor i m not ready yet
ham,Speaking of does he have any cash yet?,speaking does he have any cash yet
ham,Be happy there. I will come after noon,be happy there i will come after noon
ham,Meet after lunch la...,meet after lunch la
ham,TaKe CaRE n gET WeLL sOOn,take care n get well soon
spam,XCLUSIVE@CLUBSAISAI 2MOROW 28/5 SOIREE SPECIALE ZOUK WITH NICHOLS FROM PARIS.FREE ROSES 2 ALL LADIES !!! info: 07946746291/07880867867 ,xclusive clubsaisai morow number number soiree speciale zouk nichols from paris free roses number all ladies info number number
ham,what I meant to say is cant wait to see u again getting bored of this bridgwater banter,what i meant say cant wait see u again getting bored this bridgwater banter
ham,Neva mind it's ok..,neva mind it s ok
ham,"It's fine, imma get a drink or somethin. Want me to come find you?",it s fine imma get drink somethin want me come find you
spam,22 days to kick off! For Euro2004 U will be kept up to date with the latest news and results daily. To be removed send GET TXT STOP to 83222,number days kick off euro u will be kept up date latest news results daily be removed send get txt stop number
ham,Its a valentine game. . . Send dis msg to all ur friends. .. If 5 answers r d same then someone really loves u. Ques- which colour suits me the best?rply me,its valentine game send dis msg all ur friends if number answers r d same then someone really loves u ques which colour suits me best rply me
ham,I have many dependents,i have many dependents
ham,THANX4 TODAY CER IT WAS NICE 2 CATCH UP BUT WE AVE 2 FIND MORE TIME MORE OFTEN OH WELL TAKE CARE C U SOON.C,thanx today cer it was nice number catch up but we ave number find more time more often oh well take care c u soon c
ham,I called and said all to him:)then he have to choose this future.,i called said all him then he have choose this future
ham,Happy valentines day I know its early but i have hundreds of handsomes and beauties to wish. So i thought to finish off aunties and uncles 1st...,happy valentines day i know its early but i have hundreds handsomes beauties wish so i thought finish off aunties uncles st
ham,He like not v shock leh. Cos telling shuhui is like telling leona also. Like dat almost all know liao. He got ask me abt ur reaction lor.,he like not v shock leh cos telling shuhui like telling leona also like dat almost all know liao he got ask me abt ur reaction lor
ham,For my family happiness..,my family happiness
ham,I come n pick ü up... Come out immediately aft ur lesson...,i come n pick up come out immediately aft ur lesson
ham,Let there be snow. Let there be snow. This kind of weather brings ppl together so friendships can grow.,let there be snow let there be snow this kind weather brings ppl together so friendships can grow
ham,Dear we got  &lt;#&gt;  dollars hi hi,dear we got lt gt dollars hi hi
ham,Good words.... But words may leave u in dismay many times.,good words but words may leave u dismay many times
ham,MAKE SURE ALEX KNOWS HIS BIRTHDAY IS OVER IN FIFTEEN MINUTES AS FAR AS YOU'RE CONCERNED,make sure alex knows his birthday over fifteen minutes as far as you re concerned
ham,"sorry, no, have got few things to do. may be in pub later.",sorry no have got few things do may be pub later
ham,"Nah it's straight, if you can just bring bud or drinks or something that's actually a little more useful than straight cash",nah it s straight if you can just bring bud drinks something that s actually little more useful than straight cash
ham,"Haha good to hear, I'm officially paid and on the market for an 8th",haha good hear i m officially paid market th
ham,How many licks does it take to get to the center of a tootsie pop?,how many licks does it take get center tootsie pop
ham,Yup i thk they r e teacher said that will make my face look longer. Darren ask me not 2 cut too short.,yup i thk they r e teacher said that will make my face look longer darren ask me not number cut too short
spam,New TEXTBUDDY Chat 2 horny guys in ur area 4 just 25p Free 2 receive Search postcode or at gaytextbuddy.com. TXT ONE name to 89693,new textbuddy chat number horny guys ur area number just p free number receive search postcode gaytextbuddy com txt one name number
spam,Todays Vodafone numbers ending with 4882 are selected to a receive a £350 award. If your number matches call 09064019014 to receive your £350 award.,todays vodafone numbers ending number selected receive number award if your number matches call number receive your number award
ham,Please dont say like that. Hi hi hi,please dont say like that hi hi hi
ham,Thank u!,thank u
ham,Oh that was a forwarded message. I thought you send that to me,oh that was forwarded message i thought you send that me
ham,Got it. Seventeen pounds for seven hundred ml – hope ok.,got it seventeen pounds seven hundred ml hope ok
spam,"Dear Voucher Holder, 2 claim this weeks offer, at your PC go to http://www.e-tlp.co.uk/expressoffer Ts&Cs apply.2 stop texts txt STOP to 80062.",dear voucher holder number claim this weeks offer your pc go url ts cs apply number stop texts txt stop number
ham,Me n him so funny...,me n him so funny
ham,"Sweetheart, hope you are not having that kind of day! Have one with loads of reasons to smile. Biola",sweetheart hope you not having that kind day have one loads reasons smile biola
ham,When ü login dat time... Dad fetching ü home now?,when login dat time dad fetching home now
ham,"What will we do in the shower, baby?",what will we do shower baby
ham,I had askd u a question some hours before. Its answer,i had askd u question some hours before its answer
ham,"Well imma definitely need to restock before thanksgiving, I'll let you know when I'm out",well imma definitely need restock before thanksgiving i ll let you know when i m out
ham," said kiss, kiss, i can't do the sound effects! He is a gorgeous man isn't he! Kind of person who needs a smile to brighten his day! ",said kiss kiss i can t do sound effects he gorgeous man isn t he kind person who needs smile brighten his day
ham,Probably gonna swing by in a wee bit,probably gonna swing by wee bit
ham,Ya very nice. . .be ready on thursday,ya very nice be ready thursday
ham,Allo! We have braved the buses and taken on the trains and triumphed. I mean we‘re in b‘ham. Have a jolly good rest of week,allo we have braved buses taken trains triumphed i mean we re b ham have jolly good rest week
ham,"Watching cartoon, listening music &amp; at eve had to go temple &amp; church.. What about u?",watching cartoon listening music amp eve had go temple amp church what about u
ham,Do you mind if I ask what happened? You dont have to say if it is uncomfortable.,do you mind if i ask what happened you dont have say if it uncomfortable
spam,PRIVATE! Your 2003 Account Statement for shows 800 un-redeemed S. I. M. points. Call 08715203694 Identifier Code: 40533 Expires 31/10/04,private your number account statement shows number un redeemed s i m points call number identifier code number expires number number number
ham,No prob. I will send to your email.,no prob i will send your email
spam,"You have won ?1,000 cash or a ?2,000 prize! To claim, call09050000327. T&C: RSTM, SW7 3SS. 150ppm",you have won number number cash number number prize claim call t c rstm sw ss ppm
ham,Thats cool! Sometimes slow and gentle. Sonetimes rough and hard :),thats cool sometimes slow gentle sonetimes rough hard
ham,I'm gonna say no. Sorry. I would but as normal am starting to panic about time. Sorry again! Are you seeing on Tuesday?,i m gonna say no sorry i would but as normal am starting panic about time sorry again you seeing tuesday
ham,"Wait, do you know if wesleys in town? I bet she does hella drugs!",wait do you know if wesleys town i bet she does hella drugs
ham,Fine i miss you very much.,fine i miss you very much
ham,Did u got that persons story,did u got that persons story
ham,Tell them the drug dealer's getting impatient,tell them drug dealer s getting impatient
ham,"Sun cant come to earth but send luv as rays. cloud cant come to river but send luv as rain. I cant come to meet U, but can send my care as msg to U. Gud evng",sun cant come earth but send luv as rays cloud cant come river but send luv as rain i cant come meet u but can send my care as msg u gud evng
ham,You will be in the place of that man,you will be place that man
ham,"It doesnt make sense to take it there unless its free. If you need to know more, wikipedia.com",it doesnt make sense take it there unless its free if you need know more wikipedia com
spam,88800 and 89034 are premium phone services call 08718711108,number number premium phone services call number
ham,"Under the sea, there lays a rock. In the rock, there is an envelope. In the envelope, there is a paper. On the paper, there are 3 words... '",under sea there lays rock rock there envelope envelope there paper paper there number words
ham,Then mum's repent how?,then mum s repent how
ham,Sorry me going home first... Daddy come fetch ü later...,sorry me going home first daddy come fetch later
ham,Leave it de:-). Start Prepare for next:-)..,leave it de start prepare next
ham,Yes baby! We can study all the positions of the kama sutra ;),yes baby we can study all positions kama sutra
ham,En chikku nange bakra msg kalstiya..then had tea/coffee?,en chikku nange bakra msg kalstiya then had tea coffee
ham,Carlos'll be here in a minute if you still need to buy,carlos ll be here minute if you still need buy
ham,This pay is  &lt;DECIMAL&gt;  lakhs:),this pay lt decimal gt lakhs
ham,Have a good evening! Ttyl,have good evening ttyl
ham,Did u receive my msg?,did u receive my msg
ham,Ho ho - big belly laugh! See ya tomo,ho ho big belly laugh see ya tomo
spam,"SMS. ac sun0819 posts HELLO:""You seem cool, wanted to say hi. HI!!!"" Stop? Send STOP to 62468",sms ac sun posts hello you seem cool wanted say hi hi stop send stop number
spam,Get ur 1st RINGTONE FREE NOW! Reply to this msg with TONE. Gr8 TOP 20 tones to your phone every week just £1.50 per wk 2 opt out send STOP 08452810071 16,get ur st ringtone free now reply this msg tone gr top number tones your phone every week just number number per wk number opt out send stop number number
ham,"Ditto. And you won't have to worry about me saying ANYTHING to you anymore. Like i said last night, you do whatever you want and i'll do the same. Peace.",ditto you won t have worry about me saying anything you anymore like i said last night you do whatever you want i ll do same peace
ham,"I've got  &lt;#&gt; , any way I could pick up?",i ve got lt gt any way i could pick up
ham,"I dont knw pa, i just drink milk..",i dont knw pa i just drink milk
ham,Maybe?! Say hi to  and find out if  got his card. Great escape or wetherspoons? ,maybe say hi find out if got his card great escape wetherspoons
ham,"Piggy, r u awake? I bet u're still sleeping. I'm going 4 lunch now...",piggy r u awake i bet u re still sleeping i m going number lunch now
ham,Cause I'm not freaky lol,cause i m not freaky lol
ham,Missed your call cause I was yelling at scrappy. Miss u. Can't wait for u to come home. I'm so lonely today.,missed your call cause i was yelling scrappy miss u can t wait u come home i m so lonely today
ham,What is this 'hex' place you talk of? Explain!,what this hex place you talk explain
ham,Ü log off 4 wat. It's sdryb8i,log off number wat it s sdryb i
ham,Is xy going 4 e lunch?,xy going number e lunch
spam,Hi I'm sue. I am 20 years old and work as a lapdancer. I love sex. Text me live - I'm i my bedroom now. text SUE to 89555. By TextOperator G2 1DA 150ppmsg 18+,hi i m sue i am number years old work as lapdancer i love sex text me live i m i my bedroom now text sue number by textoperator g da ppmsg number
ham,I wanted to ask ü to wait 4 me to finish lect. Cos my lect finishes in an hour anyway.,i wanted ask wait number me finish lect cos my lect finishes hour anyway
ham,Have you finished work yet? :),have you finished work yet
ham,"Every King Was Once A Crying Baby And Every Great Building Was Once A Map.. Not Imprtant Where U r TODAY, BUT Where U Wil Reach TOMORW. Gud ni8",every king was once crying baby every great building was once map not imprtant where u r today but where u wil reach tomorw gud ni
ham,"Dear,Me at cherthala.in case u r coming cochin pls call bfore u start.i shall also reach accordingly.or tell me which day u r coming.tmorow i am engaged ans its holiday.",dear me cherthala case u r coming cochin pls call bfore u start i shall also reach accordingly tell me which day u r coming tmorow i am engaged ans its holiday
ham,Thanks love. But am i doing torch or bold.,thanks love but am i doing torch bold
spam,<Forwarded from 448712404000>Please CALL 08712404000 immediately as there is an urgent message waiting for you.,forwarded from number please call number immediately as there urgent message waiting you
ham,Was the farm open?,was farm open
ham,"Sorry to trouble u again. Can buy 4d for my dad again? 1405, 1680, 1843. All 2 big 1 small, sat n sun. Thanx.",sorry trouble u again can buy d my dad again number number number all number big number small sat n sun thanx
ham,"My sister in law, hope you are having a great month. Just saying hey. Abiola",my sister law hope you having great month just saying hey abiola
ham,Will purchase d stuff today and mail to you. Do you have a po box number?,will purchase d stuff today mail you do you have po box number
ham,Ah poop. Looks like ill prob have to send in my laptop to get fixed cuz it has a gpu problem,ah poop looks like ill prob have send my laptop get fixed cuz it has gpu problem
ham,Good. Good job. I like entrepreneurs,good good job i like entrepreneurs
ham,"Aight, you close by or still down around alex's place?",aight you close by still down around alex s place
ham,meet you in corporation st outside gap … you can see how my mind is working!,meet you corporation st outside gap you can see how my mind working
ham,Mum ask ü to buy food home...,mum ask buy food home
ham,K..u also dont msg or reply to his msg..,k u also dont msg reply his msg
ham,How much r ü willing to pay?,how much r willing pay
ham,"Sorry, I'll call later",sorry i ll call later
ham,What is important is that you prevent dehydration by giving her enough fluids,what important that you prevent dehydration by giving her enough fluids
ham,"Thats a bit weird, even ?- where is the do supposed to be happening? But good idea, sure they will be in pub!",thats bit weird even where do supposed be happening but good idea sure they will be pub
ham,True dear..i sat to pray evening and felt so.so i sms'd you in some time...,true dear i sat pray evening felt so so i sms d you some time
ham,"I don't think I can get away for a trek that long with family in town, sorry",i don t think i can get away trek that long family town sorry
ham,So when do you wanna gym harri,so when do you wanna gym harri
ham,Quite late lar... Ard 12 anyway i wun b drivin...,quite late lar ard number anyway i wun b drivin
spam,"To review and KEEP the fantastic Nokia N-Gage game deck with Club Nokia, go 2 www.cnupdates.com/newsletter. unsubscribe from alerts reply with the word OUT",review keep fantastic nokia n gage game deck club nokia go number url unsubscribe from alerts reply word out
spam,4mths half price Orange line rental & latest camera phones 4 FREE. Had your phone 11mths+? Call MobilesDirect free on 08000938767 to update now! or2stoptxt T&Cs,mths half price orange line rental latest camera phones number free had your phone mths call mobilesdirect free number update now stoptxt t cs
ham,"Height of Confidence: All the Aeronautics professors wer calld &amp; they wer askd 2 sit in an aeroplane. Aftr they sat they wer told dat the plane ws made by their students. Dey all hurried out of d plane.. Bt only 1 didnt move... He said:""if it is made by my students,this wont even start........ Datz confidence..",height confidence all aeronautics professors wer calld amp they wer askd number sit aeroplane aftr they sat they wer told dat plane ws made by their students dey all hurried out d plane bt only number didnt move he said if it made by my students this wont even start datz confidence
ham,It just seems like weird timing that the night that all you and g want is for me to come smoke is the same day as when a shitstorm is attributed to me always coming over and making everyone smoke,it just seems like weird timing that night that all you g want me come smoke same day as when shitstorm attributed me always coming over making everyone smoke
spam,08714712388 between 10am-7pm Cost 10p,number between am pm cost p
ham,"Save yourself the stress. If the person has a dorm account, just send your account details and the money will be sent to you.",save yourself stress if person has dorm account just send your account details money will be sent you
ham,He also knows about lunch menu only da. . I know,he also knows about lunch menu only da i know
ham,When i have stuff to sell i.ll tell you,when i have stuff sell i ll tell you
spam,+449071512431 URGENT! This is the 2nd attempt to contact U!U have WON £1250 CALL 09071512433 b4 050703 T&CsBCM4235WC1N3XX. callcost 150ppm mobilesvary. max£7. 50,number urgent this nd attempt contact u u have won number call number b number t csbcm wc n xx callcost ppm mobilesvary max number number
ham,Book which lesson? then you msg me... I will call up after work or sth... I'm going to get specs. My membership is PX3748,book which lesson then you msg me i will call up after work sth i m going get specs my membership px
spam,You have WON a guaranteed £1000 cash or a £2000 prize. To claim yr prize call our customer service representative on 08714712394 between 10am-7pm,you have won guaranteed number cash number prize claim yr prize call our customer service representative number between am pm
ham,Macha dont feel upset.i can assume your mindset.believe me one evening with me and i have some wonderful plans for both of us.LET LIFE BEGIN AGAIN.call me anytime,macha dont feel upset i can assume your mindset believe me one evening me i have some wonderful plans both us let life begin again call me anytime
ham,Oh is it? Send me the address,oh it send me address
ham,S'fine. Anytime. All the best with it.,s fine anytime all best it
ham,That is wondar full flim.,that wondar full flim
ham,Ya even those cookies have jelly on them,ya even those cookies have jelly them
ham,"The world is running and i am still.maybe all are feeling the same,so be it.or i have to admit,i am mad.then where is the correction?or let me call this is life.and keep running with the world,may be u r also running.lets run.",world running i am still maybe all feeling same so be it i have admit i am mad then where correction let me call this life keep running world may be u r also running lets run
ham,Got it! It looks scrumptious... daddy wants to eat you all night long!,got it it looks scrumptious daddy wants eat you all night long
ham,Of cos can lar i'm not so ba dao ok... 1 pm lor... Y u never ask where we go ah... I said u would ask on fri but he said u will ask today...,cos can lar i m not so ba dao ok number pm lor y u never ask where we go ah i said u would ask fri but he said u will ask today
ham,"Alright omw, gotta change my order to a half8th",alright omw gotta change my order half th
ham,Exactly. Anyways how far. Is jide her to study or just visiting,exactly anyways how far jide her study just visiting
ham,Dunno y u ask me.,dunno y u ask me
spam,Email AlertFrom: Jeri StewartSize: 2KBSubject: Low-cost prescripiton drvgsTo listen to email call 123,email alertfrom jeri stewartsize kbsubject low cost prescripiton drvgsto listen email call number
ham,No he didn't. Spring is coming early yay!,no he didn t spring coming early yay
ham,Lol you won't feel bad when I use her money to take you out to a steak dinner =D,lol you won t feel bad when i use her money take you out steak dinner d
ham,Even u dont get in trouble while convincing..just tel him once or twice and just tel neglect his msgs dont c and read it..just dont reply,even u dont get trouble while convincing just tel him once twice just tel neglect his msgs dont c read it just dont reply
ham,Leaving to qatar tonite in search of an opportunity.all went fast.pls add me in ur prayers dear.Rakhesh,leaving qatar tonite search opportunity all went fast pls add me ur prayers dear rakhesh
ham,Then why no one talking to me,then why no one talking me
ham,Thanks for looking out for me. I really appreciate.,thanks looking out me i really appreciate
spam,Hi. Customer Loyalty Offer:The NEW Nokia6650 Mobile from ONLY £10 at TXTAUCTION! Txt word: START to No: 81151 & get yours Now! 4T&Ctxt TC 150p/MTmsg,hi customer loyalty offer new nokia mobile from only number txtauction txt word start no number get yours now t ctxt tc p mtmsg
ham,Wish i were with you now!,wish i were you now
ham,Haha mayb u're rite... U know me well. Da feeling of being liked by someone is gd lor. U faster go find one then all gals in our group attached liao.,haha mayb u re rite u know me well da feeling being liked by someone gd lor u faster go find one then all gals our group attached liao
ham,Yes i will be there. Glad you made it.,yes i will be there glad you made it
ham,Do well :)all will for little time. Thing of good times ahead:,do well all will little time thing good times ahead
ham,Just got up. have to be out of the room very soon. …. i hadn't put the clocks back til at 8 i shouted at everyone to get up and then realised it was 7. wahay. another hour in bed.,just got up have be out room very soon i hadn t put clocks back til number i shouted everyone get up then realised it was number wahay another hour bed
ham,Ok. There may be a free gym about.,ok there may be free gym about
ham,Men like shorter ladies. Gaze up into his eyes.,men like shorter ladies gaze up into his eyes
ham,Dunno he jus say go lido. Same time 930.,dunno he jus say go lido same time number
ham,"I promise to take good care of you, princess. I have to run now. Please send pics when you get a chance. Ttyl!",i promise take good care you princess i have run now please send pics when you get chance ttyl
spam,U are subscribed to the best Mobile Content Service in the UK for £3 per 10 days until you send STOP to 82324. Helpline 08706091795,u subscribed best mobile content service uk number per number days until you send stop number helpline number
ham,Is there a reason we've not spoken this year? Anyways have a great week and all the best in your exam,there reason we ve not spoken this year anyways have great week all best your exam
ham,By monday next week. Give me the full gist,by monday next week give me full gist
spam,"Do you realize that in about 40 years, we'll have thousands of old ladies running around with tattoos?",do you realize that about number years we ll have thousands old ladies running around tattoos
spam,You have an important customer service announcement from PREMIER.,you have important customer service announcement from premier
ham,Dont gimme that lip caveboy,dont gimme that lip caveboy
ham,When did you get to the library,when did you get library
ham,Realy sorry-i don't recognise this number and am now confused :) who r u please?! ,realy sorry i don t recognise this number am now confused who r u please
ham,So why didnt you holla?,so why didnt you holla
ham,Cant think of anyone with * spare room off * top of my head,cant think anyone spare room off top my head
ham,"Faith makes things possible,Hope makes things work,Love makes things beautiful,May you have all three this Christmas!Merry Christmas!",faith makes things possible hope makes things work love makes things beautiful may you have all three this christmas merry christmas
ham,U should have made an appointment,u should have made appointment
ham,"Call me when you/carlos is/are here, my phone's vibrate is acting up and I might not hear texts",call me when you carlos here my phone s vibrate acting up i might not hear texts
spam,"Romantic Paris. 2 nights, 2 flights from £79 Book now 4 next year. Call 08704439680Ts&Cs apply.",romantic paris number nights number flights from number book now number next year call ts cs apply
ham,"We are at grandmas. Oh dear, u still ill? I felt Shit this morning but i think i am just hungover! Another night then. We leave on sat.",we grandmas oh dear u still ill i felt shit this morning but i think i am just hungover another night then we leave sat
spam,Urgent Ur £500 guaranteed award is still unclaimed! Call 09066368327 NOW closingdate04/09/02 claimcode M39M51 £1.50pmmorefrommobile2Bremoved-MobyPOBox734LS27YF,urgent ur number guaranteed award still unclaimed call number now closingdate number number claimcode m m number pmmorefrommobile bremoved mobypobox ls yf
ham,Nothing but we jus tot u would ask cos u ba gua... But we went mt faber yest... Yest jus went out already mah so today not going out... Jus call lor...,nothing but we jus tot u would ask cos u ba gua but we went mt faber yest yest jus went out already mah so today not going out jus call lor
ham,"Wishing you and your family Merry ""X"" mas and HAPPY NEW Year in advance..",wishing you your family merry x mas happy new year advance
spam,UR awarded a City Break and could WIN a £200 Summer Shopping spree every WK. Txt STORE to 88039 . SkilGme. TsCs087147403231Winawk!Age16 £1.50perWKsub,ur awarded city break could win number summer shopping spree every wk txt store number skilgme tscs winawk age number perwksub
ham,"I'm nt goin, got somethin on, unless they meetin 4 dinner lor... Haha, i wonder who will go tis time...",i m nt goin got somethin unless they meetin number dinner lor haha i wonder who will go tis time
ham,"Sorry, I'll call later",sorry i ll call later
ham,I cant pick the phone right now. Pls send a message,i cant pick phone right now pls send message
ham,Lol I know! They're so dramatic. Schools already closed for tomorrow. Apparently we can't drive in the inch of snow were supposed to get.,lol i know they re so dramatic schools already closed tomorrow apparently we can t drive inch snow were supposed get
ham,Not getting anywhere with this damn job hunting over here!,not getting anywhere this damn job hunting over here
ham,Lol! U drunkard! Just doing my hair at d moment. Yeah still up 4 tonight. Wats the plan? ,lol u drunkard just doing my hair d moment yeah still up number tonight wats plan
ham,"idc get over here, you are not weaseling your way out of this shit twice in a row",idc get over here you not weaseling your way out this shit twice row
ham,I wil be there with in  &lt;#&gt;  minutes. Got any space,i wil be there lt gt minutes got any space
ham,Just sleeping..and surfing,just sleeping surfing
ham,Thanks for picking up the trash.,thanks picking up trash
ham,Why don't you go tell your friend you're not sure you want to live with him because he smokes too much then spend hours begging him to come smoke,why don t you go tell your friend you re not sure you want live him because he smokes too much then spend hours begging him come smoke
ham,Hi its Kate it was lovely to see you tonight and ill phone you tomorrow. I got to sing and a guy gave me his card! xxx,hi its kate it was lovely see you tonight ill phone you tomorrow i got sing guy gave me his card xxx
ham,Happy New year my dear brother. I really do miss you. Just got your number and decided to send you this text wishing you only happiness. Abiola,happy new year my dear brother i really do miss you just got your number decided send you this text wishing you only happiness abiola
ham,That means get the door,that means get door
ham,Your opinion about me? 1. Over 2. Jada 3. Kusruthi 4. Lovable 5. Silent 6. Spl character 7. Not matured 8. Stylish 9. Simple Pls reply..,your opinion about me number over number jada number kusruthi number lovable number silent number spl character number not matured number stylish number simple pls reply
ham,"Hmmm ... I thought we said 2 hours slave, not 3 ... You are late ... How should I punish you ?",hmmm i thought we said number hours slave not number you late how should i punish you
ham,Beerage?,beerage
spam,You have an important customer service announcement from PREMIER. Call FREEPHONE 0800 542 0578 now!,you have important customer service announcement from premier call freephone number number number now
ham,Dont think so. It turns off like randomlly within 5min of opening,dont think so it turns off like randomlly within min opening
ham,"She was supposed to be but couldn't make it, she's still in town though",she was supposed be but couldn t make it she s still town though
ham,It does it on its own. Most of the time it fixes my spelling. But sometimes it gets a completely diff word. Go figure,it does it its own most time it fixes my spelling but sometimes it gets completely diff word go figure
spam,Ever thought about living a good life with a perfect partner? Just txt back NAME and AGE to join the mobile community. (100p/SMS),ever thought about living good life perfect partner just txt back name age join mobile community p sms
spam,"5 Free Top Polyphonic Tones call 087018728737, National Rate. Get a toppoly tune sent every week, just text SUBPOLY to 81618, £3 per pole. UnSub 08718727870.",number free top polyphonic tones call number national rate get toppoly tune sent every week just text subpoly number number per pole unsub number
ham,Gud mrng dear hav a nice day,gud mrng dear hav nice day
ham,This is hoping you enjoyed your game yesterday. Sorry i've not been in touch but pls know that you are fondly bein thot off. Have a great week. Abiola,this hoping you enjoyed your game yesterday sorry i ve not been touch but pls know that you fondly bein thot off have great week abiola
ham,All e best 4 ur driving tmr :-),all e best number ur driving tmr
ham,Y?WHERE U AT DOGBREATH? ITS JUST SOUNDING LIKE JAN C THATS AL!!!!!!!!!,y where u dogbreath its just sounding like jan c that s al
ham,Omg I want to scream. I weighed myself and I lost more weight! Woohoo!,omg i want scream i weighed myself i lost more weight woohoo
ham,There generally isn't one. It's an uncountable noun - u in the dictionary. pieces of research?,there generally isn t one it s uncountable noun u dictionary pieces research
ham,it's really getting me down just hanging around.,it s really getting me down just hanging around
spam,"Orange customer, you may now claim your FREE CAMERA PHONE upgrade for your loyalty. Call now on 0207 153 9996. Offer ends 14thMarch. T&C's apply. Opt-out availa",orange customer you may now claim your free camera phone upgrade your loyalty call now number number number offer ends thmarch t c s apply opt out availa
ham,Petey boy whereare you me and all your friendsare in theKingshead come down if you canlove Nic,petey boy whereare you me all your friendsare thekingshead come down if you canlove nic
ham,Ok i msg u b4 i leave my house.,ok i msg u b i leave my house
ham,Gimme a few was  &lt;#&gt;  minutes ago,gimme few was lt gt minutes ago
spam,"Last Chance! Claim ur £150 worth of discount vouchers today! Text SHOP to 85023 now! SavaMob, offers mobile! T Cs SavaMob POBOX84, M263UZ. £3.00 Sub. 16",last chance claim ur number worth discount vouchers today text shop number now savamob offers mobile t cs savamob pobox m uz number number sub number
ham,Appt is at &lt;TIME&gt; am. Not my fault u don't listen. I told u twice,appt lt time gt am not my fault u don t listen i told u twice
spam,FREE for 1st week! No1 Nokia tone 4 ur mobile every week just txt NOKIA to 8077 Get txting and tell ur mates. www.getzed.co.uk POBox 36504 W45WQ 16+ norm150p/tone,free st week no nokia tone number ur mobile every week just txt nokia number get txting tell ur mates url pobox number w wq number norm p tone
spam,You have won a guaranteed £200 award or even £1000 cashto claim UR award call free on 08000407165 (18+) 2 stop getstop on 88222 PHP. RG21 4JX,you have won guaranteed number award even number cashto claim ur award call free number number number stop getstop number php rg jx
ham,K I'll be there before 4.,k i ll be there before number
ham,I dled 3d its very imp,i dled d its very imp
ham,"sure, but make sure he knows we ain't smokin yet",sure but make sure he knows we ain t smokin yet
ham,Boooo you always work. Just quit.,boooo you always work just quit
ham,I am taking half day leave bec i am not well,i am taking half day leave bec i am not well
ham,Ugh I don't wanna get out of bed. It's so warm.,ugh i don t wanna get out bed it s so warm
ham,S:)s.nervous  &lt;#&gt; :),s s nervous lt gt
ham,So there's a ring that comes with the guys costumes. It's there so they can gift their future yowifes. Hint hint,so there s ring that comes guys costumes it s there so they can gift their future yowifes hint hint
spam,Congratulations ur awarded either £500 of CD gift vouchers & Free entry 2 our £100 weekly draw txt MUSIC to 87066 TnCs www.Ldew.com1win150ppmx3age16,congratulations ur awarded either number cd gift vouchers free entry number our number weekly draw txt music number tncs url
ham,I borrow ur bag ok.,i borrow ur bag ok
spam,"U were outbid by simonwatson5120 on the Shinco DVD Plyr. 2 bid again, visit sms. ac/smsrewards 2 end bid notifications, reply END OUT",u were outbid by simonwatson shinco dvd plyr number bid again visit sms ac smsrewards number end bid notifications reply end out
ham,Where's my boytoy? I miss you ... What happened?,where s my boytoy i miss you what happened
ham,"He has lots of used ones babe, but the model doesn't help. Youi have to bring it over and he'll match it up",he has lots used ones babe but model doesn t help youi have bring it over he ll match it up
ham,Also are you bringing galileo or dobby,also you bringing galileo dobby
ham,Then why you not responding,then why you not responding
ham,BOO BABE! U ENJOYIN YOURJOB? U SEEMED 2 B GETTIN ON WELL HUNNY!HOPE URE OK?TAKE CARE & ILLSPEAK 2U SOONLOTS OF LOVEME XXXX.,boo babe u enjoyin yourjob u seemed number b gettin well hunny hope ure ok take care i llspeak u soonlots loveme xxxx
ham,Good afternoon starshine! How's my boytoy? Does he crave me yet? Ache to fuck me ? *sips cappuccino* I miss you babe *teasing kiss*,good afternoon starshine how s my boytoy does he crave me yet ache fuck me sips cappuccino i miss you babe teasing kiss
ham,On the road so cant txt,road so cant txt
spam,"SMSSERVICES. for yourinclusive text credits, pls goto www.comuk.net login= 3qxj9 unsubscribe with STOP, no extra charge. help 08702840625.COMUK. 220-CM2 9AE",smsservices yourinclusive text credits pls goto url login qxj unsubscribe stop no extra charge help number comuk number cm ae
spam,25p 4 alfie Moon's Children in need song on ur mob. Tell ur m8s. Txt Tone charity to 8007 for Nokias or Poly charity for polys: zed 08701417012 profit 2 charity.,p number alfie moon s children need song ur mob tell ur m s txt tone charity number nokias poly charity polys zed number profit number charity
ham,Have a good evening! Ttyl,have good evening ttyl
ham,Hmm .. Bits and pieces lol ... *sighs* ...,hmm bits pieces lol sighs
ham,Hahaha..use your brain dear,hahaha use your brain dear
ham,Hey. You got any mail?,hey you got any mail
ham,"Sorry light turned green, I meant another friend wanted  &lt;#&gt;  worth but he may not be around",sorry light turned green i meant another friend wanted lt gt worth but he may not be around
ham,Thanks for yesterday sir. You have been wonderful. Hope you enjoyed the burial. MojiBiola,thanks yesterday sir you have been wonderful hope you enjoyed burial mojibiola
spam,U have a secret admirer. REVEAL who thinks U R So special. Call 09065174042. To opt out Reply REVEAL STOP. 1.50 per msg recd. Cust care 07821230901,u have secret admirer reveal who thinks u r so special call number opt out reply reveal stop number number per msg recd cust care number
ham,Hi mate its RV did u hav a nice hol just a message 3 say hello coz havent sent u 1 in ages started driving so stay off roads!RVx,hi mate its rv did u hav nice hol just message number say hello coz haven t sent u number ages started driving so stay off roads rvx
spam,"Dear Voucher Holder, To claim this weeks offer, at you PC please go to http://www.e-tlp.co.uk/expressoffer Ts&Cs apply. To stop texts, txt STOP to 80062",dear voucher holder claim this weeks offer you pc please go url ts cs apply stop texts txt stop number
ham,"Thank you so much. When we skyped wit kz and sura, we didnt get the pleasure of your company. Hope you are good. We've given you ultimatum oh! We are countin down to aburo. Enjoy! This is the message i sent days ago",thank you so much when we skyped wit kz sura we didnt get pleasure your company hope you good we ve given you ultimatum oh we countin down aburo enjoy this message i sent days ago
ham,Surely result will offer:),surely result will offer
ham,Good Morning my Dear........... Have a great &amp; successful day.,good morning my dear have great amp successful day
spam,Do you want 750 anytime any network mins 150 text and a NEW VIDEO phone for only five pounds per week call 08002888812 or reply for delivery tomorrow,do you want number anytime any network mins number text new video phone only five pounds per week call number reply delivery tomorrow
ham,"Sir, I have been late in paying rent for the past few months and had to pay a $ &lt;#&gt;  charge. I felt it would be inconsiderate of me to nag about something you give at great cost to yourself and that's why i didnt speak up. I however am in a recession and wont be able to pay the charge this month hence my askin well ahead of month's end. Can you please help. Thanks",sir i have been late paying rent past few months had pay lt gt charge i felt it would be inconsiderate me nag about something you give great cost yourself that s why i didnt speak up i however am recession wont be able pay charge this month hence my askin well ahead month s end can you please help thanks
spam,We tried to contact you re our offer of New Video Phone 750 anytime any network mins HALF PRICE Rental camcorder call 08000930705 or reply for delivery Wed,we tried contact you re our offer new video phone number anytime any network mins half price rental camcorder call number reply delivery wed
spam,Last chance 2 claim ur £150 worth of discount vouchers-Text YES to 85023 now!SavaMob-member offers mobile T Cs 08717898035. £3.00 Sub. 16 . Remove txt X or STOP,last chance number claim ur number worth discount vouchers text yes number now savamob member offers mobile t cs number number number sub number remove txt x stop
ham,I luv u soo much u dont understand how special u r 2 me ring u 2morrow luv u xxx,i luv u soo much u don t understand how special u r number me ring u morrow luv u xxx
ham,"Pls send me a comprehensive mail about who i'm paying, when and how much.",pls send me comprehensive mail about who i m paying when how much
ham,Our Prashanthettan's mother passed away last night. pray for her and family.,our prashanthettan s mother passed away last night pray her family
spam,"Urgent! call 09066350750 from your landline. Your complimentary 4* Ibiza Holiday or 10,000 cash await collection SAE T&Cs PO BOX 434 SK3 8WP 150 ppm 18+ ",urgent call number from your landline your complimentary number ibiza holiday number number cash await collection sae t cs po box number sk wp number ppm number
ham,K.k:)when are you going?,k k when you going
ham,Meanwhile in the shit suite: xavier decided to give us  &lt;#&gt;  seconds of warning that samantha was coming over and is playing jay's guitar to impress her or some shit. Also I don't think doug realizes I don't live here anymore,meanwhile shit suite xavier decided give us lt gt seconds warning that samantha was coming over playing jay s guitar impress her some shit also i don t think doug realizes i don t live here anymore
ham,My stomach has been thru so much trauma I swear I just can't eat. I better lose weight.,my stomach has been thru so much trauma i swear i just can t eat i better lose weight
ham,I am in office:)whats the matter..msg me now.i will call you at break:).,i am office whats matter msg me now i will call you break
ham,"Yeah there's barely enough room for the two of us, x has too many fucking shoes. Sorry man, see you later",yeah there s barely enough room two us x has too many fucking shoes sorry man see you later
spam,"Today's Offer! Claim ur £150 worth of discount vouchers! Text YES to 85023 now! SavaMob, member offers mobile! T Cs 08717898035. £3.00 Sub. 16 . Unsub reply X",today s offer claim ur number worth discount vouchers text yes number now savamob member offers mobile t cs number number number sub number unsub reply x
ham,U reach orchard already? U wan 2 go buy tickets first?,u reach orchard already u wan number go buy tickets first
ham,"I am real, baby! I want to bring out your inner tigress...",i am real baby i want bring out your inner tigress
ham,No da if you run that it activate the full version da.,no da if you run that it activate full version da
ham,AH POOR BABY!HOPE URFEELING BETTERSN LUV! PROBTHAT OVERDOSE OF WORK HEY GO CAREFUL SPK 2 U SN LOTS OF LOVEJEN XXX.,ah poor baby hope urfeeling bettersn luv probthat overdose work hey go careful spk number u sn lots lovejen xxx
ham,Stop the story. I've told him i've returned it and he's saying i should not re order it.,stop story i ve told him i ve returned it he s saying i should not re order it
spam,Talk sexy!! Make new friends or fall in love in the worlds most discreet text dating service. Just text VIP to 83110 and see who you could meet.,talk sexy make new friends fall love worlds most discreet text dating service just text vip number see who you could meet
ham,Going to take your babe out ?,going take your babe out
ham,Hai ana tomarrow am coming on morning.  &lt;DECIMAL&gt;  ill be there in sathy then we ll go to RTO office. Reply me after came to home.,hai ana tomarrow am coming morning lt decimal gt ill be there sathy then we ll go rto office reply me after came home
ham,Spoons it is then okay?,spoons it then okay
ham,Did he just say somebody is named tampa,did he just say somebody named tampa
ham,In work now. Going have in few min.,work now going have few min
ham,Your brother is a genius,your brother genius
ham,"Sorry, I guess whenever I can get a hold of my connections, maybe an hour or two? I'll text you",sorry i guess whenever i can get hold my connections maybe hour two i ll text you
ham,Did u find out what time the bus is at coz i need to sort some stuff out.,did u find out what time bus coz i need sort some stuff out
ham,Dude ive been seeing a lotta corvettes lately,dude ive been seeing lotta corvettes lately
spam,Congratulations ur awarded either a yrs supply of CDs from Virgin Records or a Mystery Gift GUARANTEED Call 09061104283 Ts&Cs www.smsco.net £1.50pm approx 3mins,congratulations ur awarded either yrs supply cds from virgin records mystery gift guaranteed call number ts cs url number pm approx mins
ham,"Same here, but I consider walls and bunkers and shit important just because I never play on peaceful but I guess your place is high enough that it don't matter",same here but i consider walls bunkers shit important just because i never play peaceful but i guess your place high enough that it don t matter
spam,PRIVATE! Your 2003 Account Statement for 07808 XXXXXX shows 800 un-redeemed S. I. M. points. Call 08719899217 Identifier Code: 41685 Expires 07/11/04,private your number account statement number xxxxxx shows number un redeemed s i m points call number identifier code number expires number number number
spam,Hello. We need some posh birds and chaps to user trial prods for champneys. Can i put you down? I need your address and dob asap. Ta r,hello we need some posh birds chaps user trial prods champneys can i put you down i need your address dob asap ta r
spam,What do U want for Xmas? How about 100 free text messages & a new video phone with half price line rental? Call free now on 0800 0721072 to find out more!,what do u want xmas how about number free text messages new video phone half price line rental call free now number number find out more
ham,"Well am officially in a philosophical hole, so if u wanna call am at home ready to be saved!",well am officially philosophical hole so if u wanna call am home ready be saved
ham,Its going good...no problem..but still need little experience to understand american customer voice...,its going good no problem but still need little experience understand american customer voice
ham,I'll text you when I drop x off,i ll text you when i drop x off
ham,Ugh its been a long day. I'm exhausted. Just want to cuddle up and take a nap,ugh its been long day i m exhausted just want cuddle up take nap
ham,Talk With Yourself Atleast Once In A Day...!!! Otherwise You Will Miss Your Best FRIEND In This WORLD...!!! -Shakespeare- SHESIL  &lt;#&gt;,talk yourself atleast once day otherwise you will miss your best friend this world shakespeare shesil lt gt
spam,"Shop till u Drop, IS IT YOU, either 10K, 5K, £500 Cash or £100 Travel voucher, Call now, 09064011000. NTT PO Box CR01327BT fixedline Cost 150ppm mobile vary",shop till u drop it you either k k number cash number travel voucher call now number ntt po box cr bt fixedline cost ppm mobile vary
ham,Are you in castor? You need to see something,you castor you need see something
spam,Sunshine Quiz Wkly Q! Win a top Sony DVD player if u know which country Liverpool played in mid week? Txt ansr to 82277. £1.50 SP:Tyrone,sunshine quiz wkly q win top sony dvd player if u know which country liverpool played mid week txt ansr number number number sp tyrone
spam,U have a secret admirer who is looking 2 make contact with U-find out who they R*reveal who thinks UR so special-call on 09058094565,u have secret admirer who looking number make contact u find out who they r reveal who thinks ur so special call number
spam,U have a Secret Admirer who is looking 2 make contact with U-find out who they R*reveal who thinks UR so special-call on 09065171142-stopsms-08,u have secret admirer who looking number make contact u find out who they r reveal who thinks ur so special call number stopsms number
spam,Reminder: You have not downloaded the content you have already paid for. Goto http://doit. mymoby. tv/ to collect your content.,reminder you have not downloaded content you have already paid goto url mymoby tv collect your content
ham,"see, i knew giving you a break a few times woul lead to you always wanting to miss curfew. I was gonna gibe you 'til one, but a MIDNIGHT movie is not gonna get out til after 2. You need to come home. You need to getsleep and, if anything, you need to b studdying ear training.",see i knew giving you break few times woul lead you always wanting miss curfew i was gonna gibe you til one but midnight movie not gonna get out til after number you need come home you need getsleep if anything you need b studdying ear training
ham,I love to give massages. I use lots of baby oil... What is your fave position?,i love give massages i use lots baby oil what your fave position
ham,Dude we should go sup again,dude we should go sup again
ham,Yoyyooo u know how to change permissions for a drive in mac. My usb flash drive,yoyyooo u know how change permissions drive mac my usb flash drive
ham,Gibbs unsold.mike hussey,gibbs unsold mike hussey
ham,I like to talk pa but am not able to. I dont know y.,i like talk pa but am not able i dont know y
ham,Y dun cut too short leh. U dun like ah? She failed. She's quite sad.,y dun cut too short leh u dun like ah she failed she s quite sad
ham,You unbelievable faglord,you unbelievable faglord
ham,Wife.how she knew the time of murder exactly,wife how she knew time murder exactly
ham,Why do you ask princess?,why do you ask princess
ham,I am great princess! What are you thinking about me? :),i am great princess what you thinking about me
ham,Nutter. Cutter. Ctter. Cttergg. Cttargg. Ctargg. Ctagg. ie you,nutter cutter ctter cttergg cttargg ctargg ctagg ie you
ham,It's ok i noe u're busy but i'm really too bored so i msg u. I oso dunno wat colour she choose 4 me one.,it s ok i noe u re busy but i m really too bored so i msg u i oso dunno wat colour she choose number me one
ham,Doesn't g have class early tomorrow and thus shouldn't be trying to smoke at  &lt;#&gt;,doesn t g have class early tomorrow thus shouldn t be trying smoke lt gt
ham,"Superb Thought- ""Be grateful that u dont have everything u want. That means u still have an opportunity to be happier tomorrow than u are today."":-)",superb thought be grateful that u dont have everything u want that means u still have opportunity be happier tomorrow than u today
ham,Hope you are having a good week. Just checking in,hope you having good week just checking
ham,"I'm used to it. I just hope my agents don't drop me since i've only booked a few things this year. This whole me in boston, them in nyc was an experiment.",i m used it i just hope my agents don t drop me since i ve only booked few things this year this whole me boston them nyc was experiment
ham,"Thursday night? Yeah, sure thing, we'll work it out then",thursday night yeah sure thing we ll work it out then
spam,"Your free ringtone is waiting to be collected. Simply text the password ""MIX"" to 85069 to verify. Get Usher and Britney. FML, PO Box 5249, MK17 92H. 450Ppw 16",your free ringtone waiting be collected simply text password mix number verify get usher britney fml po box number mk h ppw number
ham,Probably money worries. Things are coming due and i have several outstanding invoices for work i did two and three months ago.,probably money worries things coming due i have several outstanding invoices work i did two three months ago
ham,How is it possible to teach you. And where.,how it possible teach you where
ham,"I wonder if your phone battery went dead ? I had to tell you, I love you babe",i wonder if your phone battery went dead i had tell you i love you babe
ham,Lovely smell on this bus and it ain't tobacco... ,lovely smell this bus it ain t tobacco
ham,"We're all getting worried over here, derek and taylor have already assumed the worst",we re all getting worried over here derek taylor have already assumed worst
ham,Hey what's up charles sorry about the late reply.,hey what s up charles sorry about late reply
spam,"all the lastest from Stereophonics, Marley, Dizzee Racal, Libertines and The Strokes! Win Nookii games with Flirt!! Click TheMob WAP Bookmark or text WAP to 82468",all lastest from stereophonics marley dizzee racal libertines strokes win nookii games flirt click themob wap bookmark text wap number
ham,I.ll give her once i have it. Plus she said grinule greet you whenever we speak,i ll give her once i have it plus she said grinule greet you whenever we speak
ham,WHITE FUDGE OREOS ARE IN STORES,white fudge oreos stores
spam,"January Male Sale! Hot Gay chat now cheaper, call 08709222922. National rate from 1.5p/min cheap to 7.8p/min peak! To stop texts call 08712460324 (10p/min)",january male sale hot gay chat now cheaper call number national rate from number p min cheap number p min peak stop texts call number p min
ham,My love ! How come it took you so long to leave for Zaher's? I got your words on ym and was happy to see them but was sad you had left. I miss you,my love how come it took you so long leave zaher s i got your words ym was happy see them but was sad you had left i miss you
ham,I am sorry it hurt you.,i am sorry it hurt you
ham,Can't. I feel nauseous. I'm so pissed. I didn't eat any sweets all week cause today I was planning to pig out. I was dieting all week. And now I'm not hungry :/,can t i feel nauseous i m so pissed i didn t eat any sweets all week cause today i was planning pig out i was dieting all week now i m not hungry
ham,Ok lor but not too early. Me still having project meeting now.,ok lor but not too early me still having project meeting now
ham,"Call me da, i am waiting for your call.",call me da i am waiting your call
ham,I could ask carlos if we could get more if anybody else can chip in,i could ask carlos if we could get more if anybody else can chip
ham,Was actually about to send you a reminder today. Have a wonderful weekend,was actually about send you reminder today have wonderful weekend
ham,"When people see my msgs, They think Iam addicted to msging... They are wrong, Bcoz They don\'t know that Iam addicted to my sweet Friends..!! BSLVYL",when people see my msgs they think iam addicted msging they wrong bcoz they don t know that iam addicted my sweet friends bslvyl
ham,Hey you gave them your photo when you registered for driving ah? Tmr wanna meet at yck? ,hey you gave them your photo when you registered driving ah tmr wanna meet yck
ham,Dont talk to him ever ok its my word.,dont talk him ever ok its my word
ham,When u wana see it then,when u wana see it then
ham,On ma way to school. Can you pls send me ashley's number,ma way school can you pls send me ashley s number
ham,It shall be fine. I have avalarr now. Will hollalater,it shall be fine i have avalarr now will hollalater
ham,She went to attend another two rounds today..but still did't reach home..,she went attend another two rounds today but still did t reach home
ham,Actually i deleted my old website..now i m blogging at magicalsongs.blogspot.com,actually i deleted my old website now i m blogging magicalsongs blogspot com
ham,"K, wait chikku..il send aftr  &lt;#&gt; mins",k wait chikku il send aftr lt gt mins
ham,But I'm on a diet. And I ate 1 too many slices of pizza yesterday. Ugh I'm ALWAYS on a diet.,but i m diet i ate number too many slices pizza yesterday ugh i m always diet
ham,K:)i will give my kvb acc details:),k i will give my kvb acc details
ham,Oh all have to come ah?,oh all have come ah
spam,money!!! you r a lucky winner ! 2 claim your prize text money 2 88600 over £1million to give away ! ppt150x3+normal text rate box403 w1t1jy,money you r lucky winner number claim your prize text money number number over million give away ppt x normal text rate box w t jy
ham,I'm really sorry i won't b able 2 do this friday.hope u can find an alternative.hope yr term's going ok:-),i m really sorry i won t b able number do this friday hope u can find alternative hope yr term s going ok
ham,Congratulations ore mo owo re wa. Enjoy it and i wish you many happy moments to and fro wherever you go,congratulations ore mo owo re wa enjoy it i wish you many happy moments fro wherever you go
ham,So do you have samus shoulders yet,so do you have samus shoulders yet
ham,What time you think you'll have it? Need to know when I should be near campus,what time you think you ll have it need know when i should be near campus
spam,"Dear Matthew please call 09063440451 from a landline, your complimentary 4*Lux Tenerife holiday or £1000 CASH await collection. ppm150 SAE T&Cs Box334 SK38XH.",dear matthew please call number from landline your complimentary number lux tenerife holiday number cash await collection ppm sae t cs box sk xh
ham,Then dun wear jeans lor...,then dun wear jeans lor
ham,"Since when, which side, any fever, any vomitin.",since when which side any fever any vomitin
ham,K:)k.are you in college?,k k you college
spam,"Urgent! call 09061749602 from Landline. Your complimentary 4* Tenerife Holiday or £10,000 cash await collection SAE T&Cs BOX 528 HP20 1YF 150ppm 18+",urgent call number from landline your complimentary number tenerife holiday number number cash await collection sae t cs box number hp yf ppm number
ham,Better. Made up for Friday and stuffed myself like a pig yesterday. Now I feel bleh. But at least its not writhing pain kind of bleh.,better made up friday stuffed myself like pig yesterday now i feel bleh but least its not writhing pain kind bleh
ham,No we sell it all so we'll have tons if coins. Then sell our coins to someone thru paypal. Voila! Money back in life pockets:),no we sell it all so we ll have tons if coins then sell our coins someone thru paypal voila money back life pockets
ham,Theyre doing it to lots of places. Only hospitals and medical places are safe.,theyre doing it lots places only hospitals medical places safe
spam,How about getting in touch with folks waiting for company? Just txt back your NAME and AGE to opt in! Enjoy the community (150p/SMS),how about getting touch folks waiting company just txt back your name age opt enjoy community p sms
ham,And also I've sorta blown him off a couple times recently so id rather not text him out of the blue looking for weed,also i ve sorta blown him off couple times recently so id rather not text him out blue looking weed
ham,"I sent my scores to sophas and i had to do secondary application for a few schools. I think if you are thinking of applying, do a research on cost also. Contact joke ogunrinde, her school is one me the less expensive ones",i sent my scores sophas i had do secondary application few schools i think if you thinking applying do research cost also contact joke ogunrinde her school one me less expensive ones
ham,I cant wait to see you! How were the photos were useful? :),i cant wait see you how were photos were useful
spam,Ur cash-balance is currently 500 pounds - to maximize ur cash-in now send GO to 86688 only 150p/msg. CC: 08718720201 PO BOX 114/14 TCR/W1,ur cash balance currently number pounds maximize ur cash now send go number only p msg cc number po box number number tcr w
ham,Hey i booked the kb on sat already... what other lessons are we going for ah? Keep your sat night free we need to meet and confirm our lodging ,hey i booked kb sat already what other lessons we going ah keep your sat night free we need meet confirm our lodging
ham,Chk in ur belovd ms dict,chk ur belovd ms dict
ham,Is that what time you want me to come?,that what time you want me come
ham,"Awesome, lemme know whenever you're around",awesome lemme know whenever you re around
ham,Shb b ok lor... Thanx...,shb b ok lor thanx
ham,"Beautiful Truth against Gravity.. Read carefully: ""Our heart feels light when someone is in it.. But it feels very heavy when someone leaves it.."" GOOD NIGHT",beautiful truth against gravity read carefully our heart feels light when someone it but it feels very heavy when someone leaves it good night
ham,Also remember to get dobby's bowl from your car,also remember get dobby s bowl from your car
spam,Filthy stories and GIRLS waiting for your,filthy stories girls waiting your
ham,Sorry i now then c ur msg... Yar lor so poor thing... But only 4 one night... Tmr u'll have a brand new room 2 sleep in...,sorry i now then c ur msg yar lor so poor thing but only number one night tmr u ll have brand new room number sleep
ham,"Love isn't a decision, it's a feeling. If we could decide who to love, then, life would be much simpler, but then less magical",love isn t decision it s feeling if we could decide who love then life would be much simpler but then less magical
ham,Welp apparently he retired,welp apparently he retired
ham,My sort code is  and acc no is . The bank is natwest. Can you reply to confirm i've sent this to the right person!,my sort code acc no bank natwest can you reply confirm i ve sent this right person
ham,Where @,where
ham,U sure u can't take any sick time?,u sure u can t take any sick time
spam,URGENT! We are trying to contact U. Todays draw shows that you have won a £800 prize GUARANTEED. Call 09050001808 from land line. Claim M95. Valid12hrs only,urgent we trying contact u todays draw shows that you have won number prize guaranteed call number from land line claim m valid hrs only
ham,"Watching cartoon, listening music &amp; at eve had to go temple &amp; church.. What about u?",watching cartoon listening music amp eve had go temple amp church what about u
ham,Yo chad which gymnastics class do you wanna take? The site says Christians class is full..,yo chad which gymnastics class do you wanna take site says christians class full
ham,Are you this much buzy,you this much buzy
ham,Or better still can you catch her and let ask her if she can sell  &lt;#&gt;  for me.,better still can you catch her let ask her if she can sell lt gt me
ham,I am not sure about night menu. . . I know only about noon menu,i am not sure about night menu i know only about noon menu
ham,What do u want when i come back?.a beautiful necklace as a token of my heart for you.thats what i will give but ONLY to MY WIFE OF MY LIKING.BE THAT AND SEE..NO ONE can give you that.dont call me.i will wait till i come.,what do u want when i come back beautiful necklace as token my heart you thats what i will give but only my wife my liking be that see no one can give you that dont call me i will wait till i come
ham,Are you willing to go for aptitude class.,you willing go aptitude class
ham,"It wont b until 2.15 as trying 2 sort house out, is that ok?",it wont b until number number as trying number sort house out that ok
ham,"Yar lor he wan 2 go c horse racing today mah, so eat earlier lor. I ate chicken rice. U?",yar lor he wan number go c horse racing today mah so eat earlier lor i ate chicken rice u
ham,"Haha awesome, omw back now then",haha awesome omw back now then
ham,Yup i thk so until e shop closes lor.,yup i thk so until e shop closes lor
ham,what is your account number?,what your account number
ham,Eh u send wrongly lar...,eh u send wrongly lar
ham,Hey no I ad a crap nite was borin without ya 2 boggy with me u boring biatch! Thanx but u wait til nxt time il ave ya ,hey no i ad crap nite was borin without ya number boggy me u boring biatch thanx but u wait til nxt time il ave ya
ham,Ok i shall talk to him,ok i shall talk him
ham,Dont hesitate. You know this is the second time she has had weakness like that. So keep i notebook of what she eat and did the day before or if anything changed the day before so that we can be sure its nothing,dont hesitate you know this second time she has had weakness like that so keep i notebook what she eat did day before if anything changed day before so that we can be sure its nothing
ham,Hey you can pay. With salary de. Only  &lt;#&gt; .,hey you can pay salary de only lt gt
ham,Another month. I need chocolate weed and alcohol.,another month i need chocolate weed alcohol
ham,If he started searching he will get job in few days.he have great potential and talent.,if he started searching he will get job few days he have great potential talent
ham,Reckon need to be in town by eightish to walk from * carpark.,reckon need be town by eightish walk from carpark
spam,"Congrats! 2 mobile 3G Videophones R yours. call 09063458130 now! videochat wid your mates, play java games, Dload polyPH music, noline rentl.",congrats number mobile g videophones r yours call number now videochat wid your mates play java games dload polyph music noline rentl
ham,LOOK AT THE FUCKIN TIME. WHAT THE FUCK YOU THINK IS UP,look fuckin time what fuck you think up
ham,Yo guess what I just dropped,yo guess what i just dropped
ham,Carlos says he'll be at mu in  &lt;#&gt;  minutes,carlos says he ll be mu lt gt minutes
ham,I'm in office now . I will call you  &lt;#&gt;  min:),i m office now i will call you lt gt min
ham,"Geeee ... I miss you already, you know ? Your all I can think about. Fuck, I can't wait till next year when we will be together ... *loving kiss*",geeee i miss you already you know your all i can think about fuck i can t wait till next year when we will be together loving kiss
ham,"Yun ah.the ubi one say if ü wan call by tomorrow.call 67441233 look for irene.ere only got bus8,22,65,61,66,382. Ubi cres,ubi tech park.6ph for 1st 5wkg days.èn",yun ah ubi one say if wan call by tomorrow call number look irene ere only got bus number number number number number ubi cres ubi tech park ph st wkg days n
ham,Ugh. Gotta drive back to sd from la. My butt is sore.,ugh gotta drive back sd from la my butt sore
ham,26th OF JULY,th july
ham,Hi im having the most relaxing time ever! we have to get up at 7am every day! was the party good the other night? I get home tomorrow at 5ish.,hi im having most relaxing time ever we have get up am every day was party good other night i get home tomorrow ish
ham,Up to ü... Ü wan come then come lor... But i din c any stripes skirt...,up wan come then come lor but i din c any stripes skirt
ham,The Xmas story is peace.. The Xmas msg is love.. The Xmas miracle is jesus.. Hav a blessed month ahead &amp; wish U Merry Xmas...,xmas story peace xmas msg love xmas miracle jesus hav blessed month ahead amp wish u merry xmas
ham,"I can't, I don't have her number!",i can t i don t have her number
ham,Change again... It's e one next to escalator...,change again it s e one next escalator
ham,Yetunde i'm in class can you not run water on it to make it ok. Pls now.,yetunde i m class can you not run water it make it ok pls now
ham,Not a lot has happened here. Feels very quiet. Beth is at her aunts and charlie is working lots. Just me and helen in at the mo. How have you been? ,not lot has happened here feels very quiet beth her aunts charlie working lots just me helen mo how have you been
ham,Then ü wait 4 me at bus stop aft ur lect lar. If i dun c ü then i go get my car then come back n pick ü.,then wait number me bus stop aft ur lect lar if i dun c then i go get my car then come back n pick
ham,"Aight will do, thanks again for comin out",aight will do thanks again comin out
ham,No..but heard abt tat..,no but heard abt tat
spam,Please call our customer service representative on FREEPHONE 0808 145 4742 between 9am-11pm as you have WON a guaranteed £1000 cash or £5000 prize!,please call our customer service representative freephone number number number between am pm as you have won guaranteed number cash number prize
ham,Yes..he is really great..bhaji told kallis best cricketer after sachin in world:).very tough to get out.,yes he really great bhaji told kallis best cricketer after sachin world very tough get out
ham,&lt;#&gt;  am I think? Should say on syllabus,lt gt am i think should say syllabus
ham,Umma. Did she say anything,umma did she say anything
ham,Give me a sec to think think about it,give me sec think think about it
spam,Panasonic & BluetoothHdset FREE. Nokia FREE. Motorola FREE & DoubleMins & DoubleTxt on Orange contract. Call MobileUpd8 on 08000839402 or call 2optout,panasonic bluetoothhdset free nokia free motorola free doublemins doubletxt orange contract call mobileupd number call optout
ham,I don't quite know what to do. I still can't get hold of anyone. I cud pick you up bout 7.30pm and we can see if they're in the pub?,i don t quite know what do i still can t get hold anyone i cud pick you up bout number pm we can see if they re pub
ham,"Poyyarikatur,kolathupalayam,unjalur post,erode dis, &lt;#&gt; .",poyyarikatur kolathupalayam unjalur post erode dis lt gt
ham,"Dear Hero,i am leaving to qatar tonite for an apt opportunity.pls do keep in touch at  &lt;EMAIL&gt; ,kerala",dear hero i am leaving qatar tonite apt opportunity pls do keep touch lt email gt kerala
ham,Lol I would but my mom would have a fit and tell the whole family how crazy and terrible I am,lol i would but my mom would have fit tell whole family how crazy terrible i am
ham,"I just got home babe, are you still awake ?",i just got home babe you still awake
ham,I dunno they close oredi not... Ü v ma fan...,i dunno they close oredi not v ma fan
ham,Just buy a pizza. Meat lovers or supreme. U get to pick.,just buy pizza meat lovers supreme u get pick
ham,"Ya, told..she was asking wats matter?",ya told she was asking wats matter
ham,"Dear,regret i cudnt pick call.drove down frm ctla now at cochin home.left mobile in car..ente style ishtamayoo?happy bakrid!",dear regret i cudnt pick call drove down frm ctla now cochin home left mobile car ente style ishtamayoo happy bakrid
spam,FREE for 1st week! No1 Nokia tone 4 ur mob every week just txt NOKIA to 8007 Get txting and tell ur mates www.getzed.co.uk POBox 36504 W45WQ norm150p/tone 16+,free st week no nokia tone number ur mob every week just txt nokia number get txting tell ur mates url pobox number w wq norm p tone number
ham,Shall i send that exe to your mail id.,shall i send that exe your mail id
ham,Nope watching tv at home... Not going out. V bored...,nope watching tv home not going out v bored
ham,Don know..wait i will check it.,don know wait i will check it
ham,"Good afternoon on this glorious anniversary day, my sweet J !! I hope this finds you happy and content, my Prey. I think of you and send a teasing kiss from across the sea coaxing images of fond souveniers ... You Cougar-Pen",good afternoon this glorious anniversary day my sweet j i hope this finds you happy content my prey i think you send teasing kiss from across sea coaxing images fond souveniers you cougar pen
spam,Guess what! Somebody you know secretly fancies you! Wanna find out who it is? Give us a call on 09065394514 From Landline DATEBox1282EssexCM61XN 150p/min 18,guess what somebody you know secretly fancies you wanna find out who it give us call number from landline datebox essexcm xn p min number
ham,We still on for tonight?,we still tonight
ham,May i call You later Pls,may i call you later pls
ham,Hasn't that been the pattern recently crap weekends?,hasn t that been pattern recently crap weekends
ham,I have a sore throat. It's scratches when I talk,i have sore throat it s scratches when i talk
ham,Yes da. Any plm at ur office,yes da any plm ur office
ham,Are you not around or just still asleep? :V,you not around just still asleep v
ham,"Lol you forgot it eh ? Yes, I'll bring it in babe",lol you forgot it eh yes i ll bring it babe
ham,"Its good, we'll find a way",its good we ll find way
ham,Can not use foreign stamps in this country. Good lecture .,can not use foreign stamps this country good lecture
ham,Yup bathe liao...,yup bathe liao
ham,HAPPY NEW YEAR MY NO.1 MAN,happy new year my no number man
ham,"OH MR SHEFFIELD! You wanna play THAT game, okay. You're the boss and I'm the nanny. You give me a raise and I'll give YOU one!!",oh mr sheffield you wanna play that game okay you re boss i m nanny you give me raise i ll give you one
ham,ZOE IT JUST HIT ME 2 IM FUCKING SHITIN MYSELF IL DEFO TRY MY HARDEST 2 CUM 2MOROW LUV U MILLIONS LEKDOG,zoe it just hit me number im fucking shitin myself il defo try my hardest number cum morow luv u millions lekdog
ham,"Hello baby, did you get back to your mom's ? Are you setting up the computer now ? Filling your belly ? How goes it loverboy ? I miss you already ... *sighs*",hello baby did you get back your mom s you setting up computer now filling your belly how goes it loverboy i miss you already sighs
ham,"No my blankets are sufficient, thx",no my blankets sufficient thx
ham,"naughty little thought: 'its better to flirt, flirt n flirt, rather than loving someone n gettin hurt, hurt n hurt...:-) Gud nyt",naughty little thought its better flirt flirt n flirt rather than loving someone n gettin hurt hurt n hurt gud nyt
ham,"Edison has rightly said, ""A fool can ask more questions than a wise man can answer"" Now you know why all of us are speechless during ViVa.. GM,GN,GE,GNT:-)",edison has rightly said fool can ask more questions than wise man can answer now you know why all us speechless during viva gm gn ge gnt
ham,They just talking thats it de. They wont any other.,they just talking thats it de they wont any other
ham,Today am going to college so am not able to atten the class.,today am going college so am not able atten class
ham,I'm in class. Will holla later,i m class will holla later
ham,Easy ah?sen got selected means its good..,easy ah sen got selected means its good
ham,Mmm thats better now i got a roast down me! id b better if i had a few drinks down me 2! Good indian?,mmm thats better now i got roast down me i d b better if i had few drinks down me number good indian
spam,"We know someone who you know that fancies you. Call 09058097218 to find out who. POBox 6, LS15HB 150p",we know someone who you know that fancies you call number find out who pobox number ls hb p
ham,"Come round, it's . ",come round it s
ham,"Do 1 thing! Change that sentence into: ""Because i want 2 concentrate in my educational career im leaving here..""",do number thing change that sentence into because i want number concentrate my educational career im leaving here
spam,"1000's flirting NOW! Txt GIRL or BLOKE & ur NAME & AGE, eg GIRL ZOE 18 to 8007 to join and get chatting!",number s flirting now txt girl bloke ur name age eg girl zoe number number join get chatting
ham,I walked an hour 2 c u! doesnt that show I care y wont u believe im serious?,i walked hour number c u doesn t that show i care y wont u believe im serious
spam,18 days to Euro2004 kickoff! U will be kept informed of all the latest news and results daily. Unsubscribe send GET EURO STOP to 83222.,number days euro kickoff u will be kept informed all latest news results daily unsubscribe send get euro stop number
ham,Are you available for soiree on June 3rd?,you available soiree june rd
ham,Do u noe wat time e place dat sells 4d closes?,do u noe wat time e place dat sells d closes
ham,"I got another job! The one at the hospital doing data analysis or something, starts on monday! Not sure when my thesis will got finished",i got another job one hospital doing data analysis something starts monday not sure when my thesis will got finished
ham,Jay's getting really impatient and belligerent,jay s getting really impatient belligerent
ham,HIYA COMIN 2 BRISTOL 1 ST WEEK IN APRIL. LES GOT OFF + RUDI ON NEW YRS EVE BUT I WAS SNORING.THEY WERE DRUNK! U BAK AT COLLEGE YET? MY WORK SENDS INK 2 BATH.,hiya comin number bristol number st week april les got off rudi new yrs eve but i was snoring they were drunk u bak college yet my work sends ink number bath
ham,I'm at work. Please call,i m work please call
ham,Then u drive lor.,then u drive lor
ham,Ard 515 like dat. Y?,ard number like dat y
ham,Tell me they're female :V how're you throwing in? We're deciding what all to get now,tell me they re female v how re you throwing we re deciding what all get now
spam,EASTENDERS TV Quiz. What FLOWER does DOT compare herself to? D= VIOLET E= TULIP F= LILY txt D E or F to 84025 NOW 4 chance 2 WIN £100 Cash WKENT/150P16+,eastenders tv quiz what flower does dot compare herself d violet e tulip f lily txt d e f number now number chance number win number cash wkent p
ham,I'm working technical support :)voice process.networking field.,i m working technical support voice process networking field
ham,I might come to kerala for 2 days.so you can be prepared to take a leave once i finalise .dont plan any travel during my visit.need to finish urgent works.,i might come kerala number days so you can be prepared take leave once i finalise dont plan any travel during my visit need finish urgent works
ham,Ok. Not sure what time tho as not sure if can get to library before class. Will try. See you at some point! Have good eve.,ok not sure what time tho as not sure if can get library before class will try see you some point have good eve
spam,We have new local dates in your area - Lots of new people registered in YOUR AREA. Reply DATE to start now! 18 only www.flirtparty.us REPLYS150,we have new local dates your area lots new people registered your area reply date start now number only url replys
ham,"That's fine, I'll bitch at you about it later then",that s fine i ll bitch you about it later then
ham,No my mum went 2 dentist.,no my mum went number dentist
ham,Once free call me sir. I am waiting for you.,once free call me sir i am waiting you
ham,Meeting u is my work. . . Tel me when shall i do my work tomorrow,meeting u my work tel me when shall i do my work tomorrow
spam,Someone U know has asked our dating service 2 contact you! Cant Guess who? CALL 09058091854 NOW all will be revealed. PO BOX385 M6 6WU,someone u know has asked our dating service number contact you cant guess who call number now all will be revealed po box m wu
ham,Jus finish bathing...,jus finish bathing
ham,"alright, I'll make sure the car is back tonight",alright i ll make sure car back tonight
spam,URGENT! We are trying to contact U. Todays draw shows that you have won a £800 prize GUARANTEED. Call 09050003091 from land line. Claim C52. Valid12hrs only,urgent we trying contact u todays draw shows that you have won number prize guaranteed call number from land line claim c valid hrs only
spam,Dear U've been invited to XCHAT. This is our final attempt to contact u! Txt CHAT to 86688,dear u ve been invited xchat this our final attempt contact u txt chat number
ham,Lul im gettin some juicy gossip at the hospital. Two nurses are talking about how fat they are gettin. And one thinks shes obese. Oyea.,lul im gettin some juicy gossip hospital two nurses talking about how fat they gettin one thinks shes obese oyea
ham,Aight ill get on fb in a couple minutes,aight ill get fb couple minutes
ham,Oi. Ami parchi na re. Kicchu kaaj korte iccha korche na. Phone ta tul na. Plz. Plz.,oi ami parchi na re kicchu kaaj korte iccha korche na phone ta tul na plz plz
ham,Where can download clear movies. Dvd copies.,where can download clear movies dvd copies
ham,"Yep, by the pretty sculpture",yep by pretty sculpture
ham,Convey my regards to him,convey my regards him
ham,Me too watching surya movie only. . .after 6 pm vijay movie POKKIRI,me too watching surya movie only after number pm vijay movie pokkiri
ham,You tell what happen dont behave like this to me. Ok no need to say,you tell what happen dont behave like this me ok no need say
ham,Can u get pic msgs to your phone?,can u get pic msgs your phone
ham,Send to someone else :-),send someone else
ham,Wat makes some people dearer is not just de happiness dat u feel when u meet them but de pain u feel when u miss dem!!!,wat makes some people dearer not just de happiness dat u feel when u meet them but de pain u feel when u miss dem
ham,For me the love should start with attraction.i should feel that I need her every time around me.she should be the first thing which comes in my thoughts.I would start the day and end it with her.she should be there every time I dream.love will be then when my every breath has her name.my life should happen around her.my life will be named to her.I would cry for her.will give all my happiness and take all her sorrows.I will be ready to fight with anyone for her.I will be in love when I will be doing the craziest things for her.love will be when I don't have to proove anyone that my girl is the most beautiful lady on the whole planet.I will always be singing praises for her.love will be when I start up making chicken curry and end up makiing sambar.life will be the most beautiful then.will get every morning and thank god for the day because she is with me.I would like to say a lot..will tell later..,me love should start attraction i should feel that i need her every time around me she should be first thing which comes my thoughts i would start day end it her she should be there every time i dream love will be then when my every breath has her name my life should happen around her my life will be named her i would cry her will give all my happiness take all her sorrows i will be ready fight anyone her i will be love when i will be doing craziest things her love will be when i don t have proove anyone that my girl most beautiful lady whole planet i will always be singing praises her love will be when i start up making chicken curry end up makiing sambar life will be most beautiful then will get every morning thank god day because she me i would like say lot will tell later
ham,"FR'NDSHIP is like a needle of a clock. Though V r in d same clock, V r nt able 2 met. Evn if V meet,itz only 4few seconds. Bt V alwys stay conected. Gud 9t;-)",fr ndship like needle clock though v r d same clock v r nt able number met evn if v meet itz only few seconds bt v alwys stay conected gud t
ham,I don't think he has spatula hands!,i don t think he has spatula hands
ham,You can never do NOTHING,you can never do nothing
spam,You are awarded a SiPix Digital Camera! call 09061221061 from landline. Delivery within 28days. T Cs Box177. M221BP. 2yr warranty. 150ppm. 16 . p p£3.99,you awarded sipix digital camera call number from landline delivery within days t cs box m bp yr warranty ppm number p p number number
ham,Goodmorning today i am late for  &lt;DECIMAL&gt; min.,goodmorning today i am late lt decimal gt min
spam,WIN URGENT! Your mobile number has been awarded with a £2000 prize GUARANTEED call 09061790121 from land line. claim 3030 valid 12hrs only 150ppm ,win urgent your mobile number has been awarded number prize guaranteed call number from land line claim number valid hrs only ppm
ham,Please da call me any mistake from my side sorry da. Pls da goto doctor.,please da call me any mistake from my side sorry da pls da goto doctor
ham,Where r we meeting?,where r we meeting
ham,"Well the weather in cali's great. But its complexities are great. You need a car to move freely, its taxes are outrageous. But all in all its a great place. The sad part is i missing home.",well weather cali s great but its complexities great you need car move freely its taxes outrageous but all all its great place sad part i missing home
ham,Now only i reached home. . . I am very tired now. . I will come tomorro,now only i reached home i am very tired now i will come tomorro
ham,Ryder unsold.now gibbs.,ryder unsold now gibbs
spam,Dear Subscriber ur draw 4 £100 gift voucher will b entered on receipt of a correct ans. When was Elvis Presleys Birthday? TXT answer to 80062,dear subscriber ur draw number number gift voucher will b entered receipt correct ans when was elvis presleys birthday txt answer number
ham,Don't fret. I'll buy the ovulation test strips and send them to you. You wont get them til like march. Can you send me your postal address.u'll be alright.Okay.,don t fret i ll buy ovulation test strips send them you you wont get them til like march can you send me your postal address u ll be alright okay
ham,NO GIFTS!! You trying to get me to throw myself off a cliff or something?,no gifts you trying get me throw myself off cliff something
ham,Been up to ne thing interesting. Did you have a good birthday? When are u wrking nxt? I started uni today.,been up ne thing interesting did you have good birthday when u wrking nxt i started uni today
ham,You busy or can I come by at some point and figure out what we're doing tomorrow,you busy can i come by some point figure out what we re doing tomorrow
ham,"Yeah go on then, bored and depressed sittin waitin for phone to ring... Hope the wind drops though, scary",yeah go then bored depressed sittin waitin phone ring hope wind drops though scary
ham,Black shirt n blue jeans... I thk i c ü...,black shirt n blue jeans i thk i c
ham,Aiyah sorry lor... I watch tv watch until i forgot 2 check my phone.,aiyah sorry lor i watch tv watch until i forgot number check my phone
spam,Message Important information for O2 user. Today is your lucky day! 2 find out why log onto http://www.urawinner.com there is a fantastic surprise awaiting you,message important information o user today your lucky day number find out why log onto url there fantastic surprise awaiting you
ham,on hen night. Going with a swing,hen night going swing
ham,"Good afternoon, my love. How goes your day ? What are you up to ? I woke early and am online waiting for you ... Hmmm ... Italian boy is online I see . *grins*",good afternoon my love how goes your day what you up i woke early am online waiting you hmmm italian boy online i see grins
ham,From someone not to smoke when every time I've smoked in the last two weeks is because of you calling or texting me that you wanted to smoke,from someone not smoke when every time i ve smoked last two weeks because you calling texting me that you wanted smoke
ham,No you'll just get a headache trying to figure it out. U can trust me to do the math. I promise. O:-),no you ll just get headache trying figure it out u can trust me do math i promise o
ham,S s..first time..dhoni rocks...,s s first time dhoni rocks
ham,Ok ill tell the company,ok ill tell company
ham,"Awesome, think we can get an 8th at usf some time tonight?",awesome think we can get th usf some time tonight
ham,So that means you still think of teju,so that means you still think teju
ham,"No I'm good for the movie, is it ok if I leave in an hourish?",no i m good movie it ok if i leave hourish
ham,No no:)this is kallis home ground.amla home town is durban:),no no this kallis home ground amla home town durban
ham,So lets make it saturday or monday as per convenience.,so lets make it saturday monday as per convenience
ham,Hey... What time is your driving on fri? We go for evaluation on fri?,hey what time your driving fri we go evaluation fri
spam,"449050000301 You have won a £2,000 price! To claim, call 09050000301.",number you have won number number price claim call number
ham,I'm going 4 lunch now wif my family then aft dat i go str 2 orchard lor.,i m going number lunch now wif my family then aft dat i go str number orchard lor
spam,"Bored of speed dating? Try SPEEDCHAT, txt SPEEDCHAT to 80155, if you don't like em txt SWAP and get a new chatter! Chat80155 POBox36504W45WQ 150p/msg rcd 16",bored speed dating try speedchat txt speedchat number if you don t like em txt swap get new chatter chat pobox w wq p msg rcd number
ham,Cancel cheyyamo?and get some money back?,cancel cheyyamo get some money back
spam,Do you want 750 anytime any network mins 150 text and a NEW video phone for only five pounds per week call 08000776320 now or reply for delivery Tomorrow,do you want number anytime any network mins number text new video phone only five pounds per week call number now reply delivery tomorrow
ham,Ok.ok ok..then..whats ur todays plan,ok ok ok then whats ur todays plan
ham,Good morning princess! How are you?,good morning princess how you
ham,Aiyar sorry lor forgot 2 tell u...,aiyar sorry lor forgot number tell u
spam,For taking part in our mobile survey yesterday! You can now have 500 texts 2 use however you wish. 2 get txts just send TXT to 80160 T&C www.txt43.com 1.50p,taking part our mobile survey yesterday you can now have number texts number use however you wish number get txts just send txt number t c url number p
ham,Not tonight mate. Catching up on some sleep. This is my new number by the way. ,not tonight mate catching up some sleep this my new number by way
ham,"Height of ""Oh shit....!!"" situation: A guy throws a luv letter on a gal but falls on her brothers head whos a gay,.;-):-D",height oh shit situation guy throws luv letter gal but falls her brothers head whos gay d
spam,Ur HMV Quiz cash-balance is currently £500 - to maximize ur cash-in now send HMV1 to 86688 only 150p/msg,ur hmv quiz cash balance currently number maximize ur cash now send hmv number only p msg
ham,"So check your errors and if you had difficulties, do correction.",so check your errors if you had difficulties do correction
ham,Howz pain?hope u r fine..,howz pain hope u r fine
ham,"Sorry, I'll call later",sorry i ll call later
ham,Good morning princess! How are you?,good morning princess how you
ham,"As I entered my cabin my PA said, '' Happy B'day Boss !!''. I felt special. She askd me 4 lunch. After lunch she invited me to her apartment. We went there.",as i entered my cabin my pa said happy b day boss i felt special she askd me number lunch after lunch she invited me her apartment we went there
ham,U wake up already? Thanx 4 e tau sar piah it's quite nice.,u wake up already thanx number e tau sar piah it s quite nice
ham,K do I need a login or anything,k do i need login anything
spam,Dont forget you can place as many FREE Requests with 1stchoice.co.uk as you wish. For more Information call 08707808226.,dont forget you can place as many free requests stchoice co uk as you wish more information call number
ham,LOL ... No just was busy,lol no just was busy
ham,What * u wearing?,what u wearing
ham,Message:some text missing* Sender:Name Missing* *Number Missing *Sent:Date missing *Missing U a lot thats y everything is missing sent via fullonsms.com,message some text missing sender name missing number missing sent date missing missing u lot thats y everything missing sent via fullonsms com
ham,Oh:)as usual vijay film or its different?,oh as usual vijay film its different
spam,I don't know u and u don't know me. Send CHAT to 86688 now and let's find each other! Only 150p/Msg rcvd. HG/Suite342/2Lands/Row/W1J6HL LDN. 18 years or over.,i don t know u u don t know me send chat number now let s find each other only p msg rcvd hg suite lands row w j hl ldn number years over
ham,Have you had a good day? Mine was really busy are you up to much tomorrow night?,have you had good day mine was really busy you up much tomorrow night
ham,And is there a way you can send shade's stuff to her. And she has been wonderful too.,there way you can send shade s stuff her she has been wonderful too
ham,Really... I tot ur paper ended long ago... But wat u copied jus now got use? U happy lar... I still haf 2 study :-(,really i tot ur paper ended long ago but wat u copied jus now got use u happy lar i still haf number study
spam,"Thank you, winner notified by sms. Good Luck! No future marketing reply STOP to 84122 customer services 08450542832",thank you winner notified by sms good luck no future marketing reply stop number customer services number
ham,Babe ? I lost you ... :-(,babe i lost you
ham,Ok... Help me ask if she's working tmr a not?,ok help me ask if she s working tmr not
ham,I'm not driving... Raining! Then i'll get caught at e mrt station lor.,i m not driving raining then i ll get caught e mrt station lor
ham,Not a drop in the tank,not drop tank
ham,(That said can you text him one more time?),that said can you text him one more time
ham,"Sorry, I'll call later",sorry i ll call later
ham,Ok i go change also...,ok i go change also
spam,1000's of girls many local 2 u who r virgins 2 this & r ready 2 4fil ur every sexual need. Can u 4fil theirs? text CUTE to 69911(£1.50p. m),number s girls many local number u who r virgins number this r ready number fil ur every sexual need can u fil theirs text cute number number p m
ham,Did u find a sitter for kaitlyn? I was sick and slept all day yesterday.,did u find sitter kaitlyn i was sick slept all day yesterday
ham,"Sorry man, accidentally left my phone on silent last night and didn't check it til I got up",sorry man accidentally left my phone silent last night didn t check it til i got up
ham,Hey.. Something came up last min.. Think i wun be signing up tmr.. Hee,hey something came up last min think i wun be signing up tmr hee
ham,He's an adult and would learn from the experience. There's no real danger. I just dont like peeps using drugs they dont need. But no comment,he s adult would learn from experience there s no real danger i just dont like peeps using drugs they dont need but no comment
ham,Hey! There's veggie pizza... :/,hey there s veggie pizza
ham,Yun buying... But school got offer 2000 plus only...,yun buying but school got offer number plus only
ham,You sure your neighbors didnt pick it up,you sure your neighbors didnt pick it up
ham,K. I will sent it again,k i will sent it again
spam,Free entry in 2 a wkly comp to win FA Cup final tkts 21st May 2005. Text FA to 87121 to receive entry question(std txt rate)T&C's apply 08452810075over18's,free entry number wkly comp win fa cup final tkts st may number text fa number receive entry question std txt rate t c s apply over s
ham,"New Theory: Argument wins d SITUATION, but loses the PERSON. So dont argue with ur friends just.. . . . kick them &amp; say, I'm always correct.!",new theory argument wins d situation but loses person so dont argue ur friends just kick them amp say i m always correct
ham,Well. Im computerless. Time to make some oreo truffles,well im computerless time make some oreo truffles
ham,"Haha yeah I see that now, be there in a sec",haha yeah i see that now be there sec
ham,I am not having her number sir,i am not having her number sir
ham,Lol now I'm after that hot air balloon!,lol now i m after that hot air balloon
ham,Ok . . now i am in bus. . If i come soon i will come otherwise tomorrow,ok now i am bus if i come soon i will come otherwise tomorrow
ham,Msgs r not time pass.They silently say that I am thinking of U right now and also making U think of me at least 4 a moment. Gd nt.swt drms @Shesil,msgs r not time pass they silently say that i am thinking u right now also making u think me least number moment gd nt swt drms shesil
ham,"Yeah, we can probably swing by once my roommate finishes up with his girl",yeah we can probably swing by once my roommate finishes up his girl
spam,"Got what it takes 2 take part in the WRC Rally in Oz? U can with Lucozade Energy! Text RALLY LE to 61200 (25p), see packs or lucozade.co.uk/wrc & itcould be u!",got what it takes number take part wrc rally oz u can lucozade energy text rally le number p see packs lucozade co uk wrc itcould be u
ham,Happy new years melody!,happy new years melody
ham,Ü dun need to pick ur gf?,dun need pick ur gf
ham,Yay! You better not have told that to 5 other girls either.,yay you better not have told that number other girls either
ham,Horrible u eat macs eat until u forgot abt me already rite... U take so long 2 reply. I thk it's more toot than b4 so b prepared. Now wat shall i eat?,horrible u eat macs eat until u forgot abt me already rite u take so long number reply i thk it s more toot than b so b prepared now wat shall i eat
ham,"Did he say how fantastic I am by any chance, or anything need a bigger life lift as losing the will 2 live, do you think I would be the first person 2 die from N V Q? ",did he say how fantastic i am by any chance anything need bigger life lift as losing will number live do you think i would be first person number die from n v q
ham,Just nw i came to hme da..,just nw i came hme da
ham,"I'm outside islands, head towards hard rock and you'll run into me",i m outside islands head towards hard rock you ll run into me
ham,To day class is there are no class.,day class there no class
ham,I'm in chennai velachery:),i m chennai velachery
ham,You flippin your shit yet?,you flippin your shit yet
ham,"K give me a sec, breaking a  &lt;#&gt;  at cstore",k give me sec breaking lt gt cstore
ham,Am i that much bad to avoid like this?,am i that much bad avoid like this
ham,"Yo, you around? Just got my car back",yo you around just got my car back
ham,Annoying isn't it.,annoying isn t it
ham,"Goodmorning, Today i am late for  &lt;#&gt; min.",goodmorning today i am late lt gt min
ham,There's no point hangin on to mr not right if he's not makin u happy,there s no point hangin mr not right if he s not makin u happy
ham,All will come alive.better correct any good looking figure there itself..,all will come alive better correct any good looking figure there itself
ham,In that case I guess I'll see you at campus lodge,that case i guess i ll see you campus lodge
ham,We're done...,we re done
ham,Come to my home for one last time i wont do anything. Trust me.,come my home one last time i wont do anything trust me
ham,I was up all night too worrying about this appt. It's a shame we missed a girls night out with quizzes popcorn and you doing my hair.,i was up all night too worrying about this appt it s shame we missed girls night out quizzes popcorn you doing my hair
spam,Sex up ur mobile with a FREE sexy pic of Jordan! Just text BABE to 88600. Then every wk get a sexy celeb! PocketBabe.co.uk 4 more pics. 16 £3/wk 087016248,sex up ur mobile free sexy pic jordan just text babe number then every wk get sexy celeb pocketbabe co uk number more pics number number wk number
ham,Ok... C ya...,ok c ya
spam,You have 1 new voicemail. Please call 08719181503,you have number new voicemail please call number
ham,What he said is not the matter. My mind saying some other matter is there.,what he said not matter my mind saying some other matter there
ham,He also knows about lunch menu only da. . I know,he also knows about lunch menu only da i know
ham,"Al he does is moan at me if n e thin goes wrong its my fault&al de arguments r my fault&fed up of him of himso y bother? Hav 2go, thanx.xx",al he does moan me if n e thin goes wrong its my fault al de arguments r my fault fed up him himso y bother hav go thanx xx
ham,NEFT Transaction with reference number  &lt;#&gt;  for Rs. &lt;DECIMAL&gt;  has been credited to the beneficiary account on  &lt;#&gt;  at  &lt;TIME&gt; : &lt;#&gt;,neft transaction reference number lt gt rs lt decimal gt has been credited beneficiary account lt gt lt time gt lt gt
ham,Otherwise had part time job na-tuition..,otherwise had part time job na tuition
ham,I know she called me,i know she called me
ham,"Me also da, i feel yesterday night  wait til 2day night dear.",me also da i feel yesterday night wait til day night dear
ham,Thanks for understanding. I've been trying to tell sura that.,thanks understanding i ve been trying tell sura that
spam,WIN a year supply of CDs 4 a store of ur choice worth £500 & enter our £100 Weekly draw txt MUSIC to 87066 Ts&Cs www.Ldew.com.subs16+1win150ppmx3,win year supply cds number store ur choice worth number enter our number weekly draw txt music number ts cs url
ham,The whole car appreciated the last two! Dad and are having a map reading semi argument but apart from that things are going ok. P.,whole car appreciated last two dad having map reading semi argument but apart from that things going ok p
spam,"As a SIM subscriber, you are selected to receive a Bonus! Get it delivered to your door, Txt the word OK to No: 88600 to claim. 150p/msg, EXP. 30Apr",as sim subscriber you selected receive bonus get it delivered your door txt word ok no number claim p msg exp apr
ham,I need you to be in my strong arms...,i need you be my strong arms
ham,Also maaaan are you missing out,also maaaan you missing out
ham,His bday real is in april .,his bday real april
ham,Guessin you ain't gonna be here before 9?,guessin you ain t gonna be here before number
ham,Ok then i will come to ur home after half an hour,ok then i will come ur home after half hour
ham,"Yo, the game almost over? Want to go to walmart soon",yo game almost over want go walmart soon
ham,"Yeah, probably but not sure. Ilol let u know, but personally I wuldnt bother, then again if ur goin to then I mite as well!!",yeah probably but not sure ilol let u know but personally i wuldnt bother then again if ur goin then i mite as well
ham,I'll text now! All creepy like so he won't think that we forgot,i ll text now all creepy like so he won t think that we forgot
ham,"that would be good … I'll phone you tomo lunchtime, shall I, to organise something?",that would be good i ll phone you tomo lunchtime shall i organise something
spam,You have 1 new voicemail. Please call 08719181513.,you have number new voicemail please call number
ham,"Damn, can you make it tonight or do you want to just wait til tomorrow",damn can you make it tonight do you want just wait til tomorrow
ham,K..k..i'm also fine:)when will you complete the course?,k k i m also fine when will you complete course
ham,"True. It is passable. And if you get a high score and apply for phd, you get 5years of salary. So it makes life easier.",true it passable if you get high score apply phd you get years salary so it makes life easier
spam,No. 1 Nokia Tone 4 ur mob every week! Just txt NOK to 87021. 1st Tone FREE ! so get txtin now and tell ur friends. 150p/tone. 16 reply HL 4info,no number nokia tone number ur mob every week just txt nok number st tone free so get txtin now tell ur friends p tone number reply hl info
ham,Prakesh is there know.,prakesh there know
ham,Teach me apps da. When you come to college.,teach me apps da when you come college
ham,Rofl betta invest in some  anti aging products,rofl betta invest some anti aging products
spam,You are a winner U have been specially selected 2 receive £1000 cash or a 4* holiday (flights inc) speak to a live operator 2 claim 0871277810810,you winner u have been specially selected number receive number cash number holiday flights inc speak live operator number claim number
ham,"sir, you will receive the account no another 1hr time. Sorry for the delay.",sir you will receive account no another hr time sorry delay
spam,Reply with your name and address and YOU WILL RECEIVE BY POST a weeks completely free accommodation at various global locations www.phb1.com ph:08700435505150p,reply your name address you will receive by post weeks completely free accommodation various global locations url ph p
ham,So ü'll be submitting da project tmr rite?,so ll be submitting da project tmr rite
spam,FREE entry into our £250 weekly comp just send the word ENTER to 84128 NOW. 18 T&C www.textcomp.com cust care 08712405020.,free entry into our number weekly comp just send word enter number now number t c url cust care number
ham,Jus ans me lar. U'll noe later.,jus ans me lar u ll noe later
ham,I want to send something that can sell fast.  &lt;#&gt; k is not easy money.,i want send something that can sell fast lt gt k not easy money
ham,have got * few things to do. may be in * pub later.,have got few things do may be pub later
ham,1's finish meeting call me.,number s finish meeting call me
ham,Lol ok. I'll snatch her purse too.,lol ok i ll snatch her purse too
ham,Hello-/@drivby-:0quit edrunk sorry iff pthis makes no senrd-dnot no how ^ dancce 2 drum n basq!ihave fun 2nhite x ros xxxxxxx,hello drivby quit edrunk sorry iff pthis makes no senrd dnot no how dancce number drum n basq ihave fun nhite x ros xxxxxxx
ham,Your opinion about me? 1. Over 2. Jada 3. Kusruthi 4. Lovable 5. Silent 6. Spl character 7. Not matured 8. Stylish 9. Simple Pls reply..,your opinion about me number over number jada number kusruthi number lovable number silent number spl character number not matured number stylish number simple pls reply
ham,How much are we getting?,how much we getting
ham,Is ur paper in e morn or aft tmr?,ur paper e morn aft tmr
ham,"Dear relieved of westonzoyland, all going to plan this end too!",dear relieved westonzoyland all going plan this end too
ham,Hope you are having a great new semester. Do wish you the very best. You are made for greatness.,hope you having great new semester do wish you very best you made greatness
ham,Oh yes I can speak txt 2 u no! Hmm. Did u get  email?,oh yes i can speak txt number u no hmm did u get email
ham,"I want to show you the world, princess :) how about europe?",i want show you world princess how about europe
ham,Nobody can decide where to eat and dad wants Chinese,nobody can decide where eat dad wants chinese
ham,No shoot me. I'm in the docs waiting room. :/,no shoot me i m docs waiting room
ham,Now? I'm going out 4 dinner soon..,now i m going out number dinner soon
ham,Hello which the site to download songs its urgent pls,hello which site download songs its urgent pls
ham,"I do know what u mean,  is the king of not havin credit! I'm goin2bed now. Night night sweet! Only1more sleep! ",i do know what u mean king not havin credit i m goin bed now night night sweet only more sleep
ham,Horrible gal. Me in sch doing some stuff. How come u got mc?,horrible gal me sch doing some stuff how come u got mc
ham,"HI HUN! IM NOT COMIN 2NITE-TELL EVERY1 IM SORRY 4 ME, HOPE U AVA GOODTIME!OLI RANG MELNITE IFINK IT MITE B SORTED,BUT IL EXPLAIN EVERYTHIN ON MON.L8RS.x",hi hun im not comin nite tell every im sorry number me hope u ava goodtime oli rang melnite ifink it mite b sorted but il explain everythin mon l rs x
ham,"I call you later, don't have network. If urgnt, sms me.",i call you later don t have network if urgnt sms me
ham,Ummmmmaah Many many happy returns of d day my dear sweet heart.. HAPPY BIRTHDAY dear,ummmmmaah many many happy returns d day my dear sweet heart happy birthday dear
spam,Please CALL 08712402779 immediately as there is an urgent message waiting for you,please call number immediately as there urgent message waiting you
ham,Yeah like if it goes like it did with my friends imma flip my shit in like half an hour,yeah like if it goes like it did my friends imma flip my shit like half hour
ham,Mum say we wan to go then go... Then she can shun bian watch da glass exhibition... ,mum say we wan go then go then she can shun bian watch da glass exhibition
ham,What your plan for pongal?,what your plan pongal
ham,Just wait till end of march when el nino gets himself. Oh.,just wait till end march when el nino gets himself oh
ham,"Not yet chikku..going to room nw, i'm in bus..",not yet chikku going room nw i m bus
ham,Am also doing in cbe only. But have to pay.,am also doing cbe only but have pay
ham,Honey boo I'm missing u.,honey boo i m missing u
ham,"We have sent JD for Customer Service cum Accounts Executive to ur mail id, For details contact us",we have sent jd customer service cum accounts executive ur mail id details contact us
ham,"Yo, I'm at my parents' gettin cash. Good news: we picked up a downstem",yo i m my parents gettin cash good news we picked up downstem
ham,"Thank you so much. When we skyped wit kz and sura, we didnt get the pleasure of your company. Hope you are good. We've given you ultimatum oh! We are countin down to aburo. Enjoy!",thank you so much when we skyped wit kz sura we didnt get pleasure your company hope you good we ve given you ultimatum oh we countin down aburo enjoy
spam,"Hungry gay guys feeling hungry and up 4 it, now. Call 08718730555 just 10p/min. To stop texts call 08712460324 (10p/min)",hungry gay guys feeling hungry up number it now call number just p min stop texts call number p min
ham,Ok. No wahala. Just remember that a friend in need ...,ok no wahala just remember that friend need
ham,I will see in half an hour,i will see half hour
ham,"Im in inperialmusic listening2the weirdest track ever byleafcutter john-sounds like insects being molested&someone plumbing,remixed by evil men on acid!",im inperialmusic listening weirdest track ever by leafcutter john sounds like insects being molested someone plumbing remixed by evil men acid
ham,"Hey sorry I didntgive ya a a bellearlier hunny,just been in bedbut mite go 2 thepub l8tr if uwana mt up?loads a luv Jenxxx.",hey sorry i didntgive ya bellearlier hunny just been bedbut mite go number thepub l tr if uwana mt up loads luv jenxxx
ham,SERIOUSLY. TELL HER THOSE EXACT WORDS RIGHT NOW.,seriously tell her those exact words right now
spam,Can U get 2 phone NOW? I wanna chat 2 set up meet Call me NOW on 09096102316 U can cum here 2moro Luv JANE xx Calls£1/minmoremobsEMSPOBox45PO139WA,can u get number phone now i wanna chat number set up meet call me now number u can cum here moro luv jane xx calls number minmoremobsemspobox po wa
ham,"Tee hee. Off to lecture, cheery bye bye.",tee hee off lecture cheery bye bye
ham,"Sorry chikku, my cell got some problem thts y i was nt able to reply u or msg u..",sorry chikku my cell got some problem thts y i was nt able reply u msg u
ham,If you still havent collected the dough pls let me know so i can go to the place i sent it to get the control number,if you still havent collected dough pls let me know so i can go place i sent it get control number
ham,Ok...,ok
spam,network operator. The service is free. For T & C's visit 80488.biz,network operator service free t c s visit number biz
ham,Let me know how to contact you. I've you settled in a room. Lets know you are ok.,let me know how contact you i ve you settled room lets know you ok
ham,Wot u up 2 u weirdo?,wot u up number u weirdo
ham,Can do lor...,can do lor
ham,Dont put your phone on silent mode ok,dont put your phone silent mode ok
ham,Can i meet ü at 5.. As 4 where depends on where ü wan 2 in lor..,can i meet number as number where depends where wan number lor
ham,Waiting 4 my tv show 2 start lor... U leh still busy doing ur report?,waiting number my tv show number start lor u leh still busy doing ur report
ham,Oh ho. Is this the first time u use these type of words,oh ho this first time u use these type words
ham,Am I the only one who doesn't stalk profiles?,am i only one who doesn t stalk profiles
ham,"Ever green quote ever told by Jerry in cartoon ""A Person Who Irritates u Always Is the one Who Loves u Vry Much But Fails to Express It...!..!! :-) :-) gud nyt",ever green quote ever told by jerry cartoon person who irritates u always one who loves u vry much but fails express it gud nyt
ham,Yes i thought so. Thanks.,yes i thought so thanks
ham,But if she.s drinkin i'm ok.,but if she s drinkin i m ok
ham,"Just wondering, the others just took off",just wondering others just took off
ham,"Night has ended for another day, morning has come in a special way. May you smile like the sunny rays and leaves your worries at the blue blue bay. Gud mrng",night has ended another day morning has come special way may you smile like sunny rays leaves your worries blue blue bay gud mrng
ham,"What do you do, my dog ? Must I always wait till the end of your day to have word from you ? Did you run out of time on your cell already?",what do you do my dog must i always wait till end your day have word from you did you run out time your cell already
ham,Happy new year to u too!,happy new year u too
ham,"Hey...Great deal...Farm tour 9am to 5pm $95/pax, $50 deposit by 16 May",hey great deal farm tour am pm number pax number deposit by number may
ham,Eat jap done oso aft ur lect wat... Ü got lect at 12 rite... ,eat jap done oso aft ur lect wat got lect number rite
ham,"Hey babe! I saw you came online for a second and then you disappeared, what happened ?",hey babe i saw you came online second then you disappeared what happened
ham,Da my birthdate in certificate is in april but real date is today. But dont publish it. I shall give you a special treat if you keep the secret. Any way thanks for the wishes,da my birthdate certificate april but real date today but dont publish it i shall give you special treat if you keep secret any way thanks wishes
ham,Happy birthday... May all ur dreams come true...,happy birthday may all ur dreams come true
ham,Aiyah u did ok already lar. E nydc at wheellock?,aiyah u did ok already lar e nydc wheellock
ham,TELL HER I SAID EAT SHIT.,tell her i said eat shit
ham,Sure! I am driving but will reach my destination soon.,sure i am driving but will reach my destination soon
ham,"K so am I, how much for an 8th? Fifty?",k so am i how much th fifty
ham,Your daily text from me – a favour this time,your daily text from me favour this time
ham,Great to hear you are settling well. So what's happenin wit ola?,great hear you settling well so what s happenin wit ola
ham,Those cocksuckers. If it makes you feel better ipads are worthless garbage novelty items and you should feel bad for even wanting one,those cocksuckers if it makes you feel better ipads worthless garbage novelty items you should feel bad even wanting one
ham,I tot u reach liao. He said t-shirt.,i tot u reach liao he said t shirt
ham,"FRAN I DECIDED 2 GO N E WAY IM COMPLETELY BROKE AN KNACKERED I GOT UP BOUT 3 C U 2MRW LOVE JANX P.S THIS IS MY DADS FONE, -NO CREDIT",fran i decided number go n e way im completely broke knackered i got up bout number c u mrw love janx p s this my dads fone no credit
ham,I cant pick the phone right now. Pls send a message,i cant pick phone right now pls send message
ham,Your right! I'll make the appointment right now.,your right i ll make appointment right now
ham,Designation is software developer and may be she get chennai:),designation software developer may be she get chennai
spam,Enjoy the jamster videosound gold club with your credits for 2 new videosounds+2 logos+musicnews! get more fun from jamster.co.uk! 16+only Help? call: 09701213186 ,enjoy jamster videosound gold club your credits number new videosounds number logos musicnews get more fun from jamster co uk number only help call number
spam,"Get 3 Lions England tone, reply lionm 4 mono or lionp 4 poly. 4 more go 2 www.ringtones.co.uk, the original n best. Tones 3GBP network operator rates apply",get number lions england tone reply lionm number mono lionp number poly number more go number url original n best tones gbp network operator rates apply
ham,I jokin oni lar.. Ü busy then i wun disturb ü.,i jokin oni lar busy then i wun disturb
ham,"Ok, be careful ! Don't text and drive !",ok be careful don t text drive
ham,"I.ll always be there, even if its just in spirit. I.ll get a bb soon. Just trying to be sure i need it.",i ll always be there even if its just spirit i ll get bb soon just trying be sure i need it
ham,U r too much close to my heart. If u go away i will be shattered. Plz stay with me.,u r too much close my heart if u go away i will be shattered plz stay me
ham,I love u 2 babe! R u sure everything is alrite. Is he being an idiot? Txt bak girlie,i love u number babe r u sure everything alrite he being idiot txt bak girlie
ham,How abt making some of the pics bigger?,how abt making some pics bigger
ham,Got but got 2 colours lor. One colour is quite light n e other is darker lor. Actually i'm done she's styling my hair now.,got but got number colours lor one colour quite light n e other darker lor actually i m done she s styling my hair now
ham,"Whenevr ur sad, Whenevr ur gray, Remembr im here 2 listn 2 watevr u wanna say, Jus walk wid me a little while,&amp; I promise I'll bring back ur smile.:-)",whenevr ur sad whenevr ur gray remembr im here number listn number watevr u wanna say jus walk wid me little while amp i promise i ll bring back ur smile
ham,Why nothing. Ok anyway give me treat,why nothing ok anyway give me treat
spam,"Win the newest “Harry Potter and the Order of the Phoenix (Book 5) reply HARRY, answer 5 questions - chance to be the first among readers!",win newest harry potter order phoenix book number reply harry answer number questions chance be first among readers
ham,Ok...,ok
ham,Correct. So how was work today,correct so how was work today
ham,"Just sent again. Do you scream and moan in bed, princess?",just sent again do you scream moan bed princess
ham,"I wake up long ago already... Dunno, what other thing?",i wake up long ago already dunno what other thing
ham,Oh just getting even with u.... u?,oh just getting even u u
ham,I thk 50 shd be ok he said plus minus 10.. Did ü leave a line in between paragraphs?,i thk number shd be ok he said plus minus number did leave line between paragraphs
ham,Can you call me plz. Your number shows out of coveragd area. I have urgnt call in vasai &amp; have to reach before 4'o clock so call me plz,can you call me plz your number shows out coveragd area i have urgnt call vasai amp have reach before number o clock so call me plz
ham,Yeah jay's sort of a fucking retard,yeah jay s sort fucking retard
ham,"Sorry, was in the bathroom, sup",sorry was bathroom sup
spam,Ur balance is now £500. Ur next question is: Who sang 'Uptown Girl' in the 80's ? 2 answer txt ur ANSWER to 83600. Good luck!,ur balance now number ur next question who sang uptown girl number s number answer txt ur answer number good luck
ham,My exam is for february 4. Wish you a great day.,my exam february number wish you great day
ham,I dont know what to do to come out of this so only am ask questions like this dont mistake me.,i dont know what do come out this so only am ask questions like this dont mistake me
ham,"Aight no rush, I'll ask jay",aight no rush i ll ask jay
ham,Good Morning plz call me sir,good morning plz call me sir
ham,It's ok lar. U sleep early too... Nite...,it s ok lar u sleep early too nite
ham,"Oh... Icic... K lor, den meet other day...",oh icic k lor den meet other day
ham,"Oh ! A half hour is much longer in Syria than Canada, eh ? Wow you must get SO much more work done in a day than us with all that extra time ! *grins*",oh half hour much longer syria than canada eh wow you must get so much more work done day than us all that extra time grins
ham,"Sometimes we put walls around our hearts,not just to be safe from getting hurt.. But to find out who cares enough to break the walls &amp; get closer.. GOODNOON:)",sometimes we put walls around our hearts not just be safe from getting hurt but find out who cares enough break walls amp get closer goodnoon
ham,"Sweet, we may or may not go to 4U to meet carlos so gauge patty's interest in that",sweet we may may not go u meet carlos so gauge patty s interest that
ham,Then she buying today? Ü no need to c meh...,then she buying today no need c meh
ham,Aight sorry I take ten years to shower. What's the plan?,aight sorry i take ten years shower what s plan
ham,Every monday..nxt week vl be completing..,every monday nxt week vl be completing
ham,Might ax well im there.,might ax well im there
ham,Just chill for another 6hrs. If you could sleep the pain is not a surgical emergency so see how it unfolds. Okay,just chill another hrs if you could sleep pain not surgical emergency so see how it unfolds okay
ham,Yeah I'll try to scrounge something up,yeah i ll try scrounge something up
ham,Crazy ar he's married. Ü like gd looking guys not me. My frens like say he's korean leona's fave but i dun thk he is. Aft some thinking mayb most prob i'll go.,crazy ar he s married like gd looking guys not me my frens like say he s korean leona s fave but i dun thk he aft some thinking mayb most prob i ll go
ham,Were somewhere on Fredericksburg,were somewhere fredericksburg
ham,Que pases un buen tiempo or something like that,que pases un buen tiempo something like that
ham,Is it ok if I stay the night here? Xavier has a sleeping bag and I'm getting tired,it ok if i stay night here xavier has sleeping bag i m getting tired
ham,She doesnt need any test.,she doesnt need any test
ham,"Nothing much, chillin at home. Any super bowl plan?",nothing much chillin home any super bowl plan
spam,"FREE2DAY sexy St George's Day pic of Jordan!Txt PIC to 89080 dont miss out, then every wk a saucy celeb!4 more pics c PocketBabe.co.uk 0870241182716 £3/wk",free day sexy st george s day pic jordan txt pic number dont miss out then every wk saucy celeb number more pics c pocketbabe co uk number number wk
ham,Bugis oso near wat... ,bugis oso near wat
ham,Yo theres no class tmrw right?,yo theres no class tmrw right
ham,Let Ur Heart Be Ur Compass Ur Mind Ur Map Ur Soul Ur Guide And U Will Never loose in world....gnun - Sent via WAY2SMS.COM,let ur heart be ur compass ur mind ur map ur soul ur guide u will never loose world gnun sent via way sms com
ham,"Goodnight, sleep well da please take care pa. Please.",goodnight sleep well da please take care pa please
ham,Baaaaabe! I misss youuuuu ! Where are you ? I have to go and teach my class at 5 ...,baaaaabe i misss youuuuu where you i have go teach my class number
ham,Convey my regards to him,convey my regards him
ham,U ned to convince him tht its not possible witot hurting his feeling its the main,u ned convince him tht its not possible witot hurting his feeling its main
ham,"Good afternoon loverboy ! How goes you day ? Any luck come your way? I think of you, sweetie and send my love across the sea to make you smile and happy",good afternoon loverboy how goes you day any luck come your way i think you sweetie send my love across sea make you smile happy
ham,If i start sending blackberry torch to nigeria will you find buyer for me?like 4a month. And tell dad not to buy bb from anyone oh.,if i start sending blackberry torch nigeria will you find buyer me like month tell dad not buy bb from anyone oh
ham,"&lt;#&gt; %of pple marry with their lovers... becz they hav gud undrstndng dat avoids problems. i sent dis 2 u, u wil get gud news on friday by d person you like. And tomorrow will be the best day of your life. Dont break this chain. If you break you will suffer. send this to  &lt;#&gt;  frnds in &lt;#&gt;  mins whn u read...",lt gt pple marry their lovers becz they hav gud undrstndng dat avoids problems i sent dis number u u wil get gud news friday by d person you like tomorrow will be best day your life dont break this chain if you break you will suffer send this lt gt frnds lt gt mins whn u read
ham,Yo dude guess who just got arrested the other day,yo dude guess who just got arrested other day
ham,Shuhui say change 2 suntec steamboat? U noe where? Where r u now?,shuhui say change number suntec steamboat u noe where where r u now
ham,What does the dance river do?,what does dance river do
ham,"Yetunde, i'm sorry but moji and i seem too busy to be able to go shopping. Can you just please find some other way to get what you wanted us to get. Please forgive me. You can reply free via yahoo messenger.",yetunde i m sorry but moji i seem too busy be able go shopping can you just please find some other way get what you wanted us get please forgive me you can reply free via yahoo messenger
ham,Hey i will be really pretty late... You want to go for the lesson first? I will join you. I'm only reaching tp mrt,hey i will be really pretty late you want go lesson first i will join you i m only reaching tp mrt
spam,"HOT LIVE FANTASIES call now 08707509020 Just 20p per min NTT Ltd, PO Box 1327 Croydon CR9 5WB 0870..k",hot live fantasies call now number just p per min ntt ltd po box number croydon cr wb number k
ham,Bbq this sat at mine from 6ish. Ur welcome 2 come,bbq this sat mine from ish ur welcome number come
ham,"I don't know, same thing that's wrong everyso often, he panicks starts goin on bout not bein good enough …",i don t know same thing that s wrong everyso often he panicks starts goin bout not bein good enough
ham,Alright. I'm out--have a good night!,alright i m out have good night
ham,Did you try making another butt.,did you try making another butt
ham,Hope you are feeling great. Pls fill me in. Abiola,hope you feeling great pls fill me abiola
ham,I though we shd go out n have some fun so bar in town or something – sound ok?,i though we shd go out n have some fun so bar town something sound ok
ham,"1) Go to write msg 2) Put on Dictionary mode 3)Cover the screen with hand, 4)Press  &lt;#&gt; . 5)Gently remove Ur hand.. Its interesting..:)",number go write msg number put dictionary mode number cover screen hand number press lt gt number gently remove ur hand its interesting
spam,"Bears Pic Nick, and Tom, Pete and ... Dick. In fact, all types try gay chat with photo upload call 08718730666 (10p/min). 2 stop texts call 08712460324",bears pic nick tom pete dick fact all types try gay chat photo upload call number p min number stop texts call number
spam,"500 New Mobiles from 2004, MUST GO! Txt: NOKIA to No: 89545 & collect yours today!From ONLY £1 www.4-tc.biz 2optout 087187262701.50gbp/mtmsg18 TXTAUCTION",number new mobiles from number must go txt nokia no number collect yours today from only number url optout number gbp mtmsg txtauction
ham,We're finally ready fyi,we re finally ready fyi
ham,Auntie huai juan never pick up her phone,auntie huai juan never pick up her phone
spam,Double Mins & Double Txt & 1/2 price Linerental on Latest Orange Bluetooth mobiles. Call MobileUpd8 for the very latest offers. 08000839402 or call2optout/LF56,double mins double txt number number price linerental latest orange bluetooth mobiles call mobileupd very latest offers number call optout lf
ham,"Ya tel, wats ur problem..",ya tel wats ur problem
spam,No. 1 Nokia Tone 4 ur mob every week! Just txt NOK to 87021. 1st Tone FREE ! so get txtin now and tell ur friends. 150p/tone. 16 reply HL 4info,no number nokia tone number ur mob every week just txt nok number st tone free so get txtin now tell ur friends p tone number reply hl info
ham,i dnt wnt to tlk wid u,i dnt wnt tlk wid u
ham,"We spend our days waiting for the ideal path to appear in front of us.. But what we forget is.. ""paths are made by walking.. not by waiting.."" Goodnight!",we spend our days waiting ideal path appear front us but what we forget paths made by walking not by waiting goodnight
ham,Its ok my arm is feeling weak cuz i got a shot so we can go another time,its ok my arm feeling weak cuz i got shot so we can go another time
ham,Please reserve ticket on saturday eve from chennai to thirunelvali and again from tirunelvali to chennai on sunday eve...i already see in net..no ticket available..i want to book ticket through tackle ..,please reserve ticket saturday eve from chennai thirunelvali again from tirunelvali chennai sunday eve i already see net no ticket available i want book ticket through tackle
ham,"Storming msg: Wen u lift d phne, u say ""HELLO"" Do u knw wt is d real meaning of HELLO?? . . . It's d name of a girl..! . . . Yes.. And u knw who is dat girl?? ""Margaret Hello"" She is d girlfrnd f Grahmbell who invnted telphone... . . . . Moral:One can 4get d name of a person, bt not his girlfrnd... G o o d n i g h t . . .@",storming msg wen u lift d phne u say hello do u knw wt d real meaning hello it s d name girl yes u knw who dat girl margaret hello she d girlfrnd f grahmbell who invnted telphone moral one can get d name person bt not his girlfrnd g o o d n i g h t
ham,That's ok. I popped in to ask bout something and she said you'd been in. Are you around tonght wen this girl comes?,that s ok i popped ask bout something she said you d been you around tonght wen this girl comes
ham,All e best 4 ur exam later.,all e best number ur exam later
ham,Hope ur head doesn't hurt 2 much ! Am ploughing my way through a pile of ironing ! Staying in with a chinky tonight come round if you like.,hope ur head doesn t hurt number much am ploughing my way through pile ironing staying chinky tonight come round if you like
ham,Oh k.i think most of wi and nz players unsold.,oh k i think most wi nz players unsold
ham,"Haha... Where got so fast lose weight, thk muz go 4 a month den got effect... Gee,later we go aust put bk e weight.",haha where got so fast lose weight thk muz go number month den got effect gee later we go aust put bk e weight
ham,"I wonder how you got online, my love ? Had you gone to the net cafe ? Did you get your phone recharged ? Were you on a friends net ? I think of you, boytoy",i wonder how you got online my love had you gone net cafe did you get your phone recharged were you friends net i think you boytoy
ham,"Haha just kidding, papa needs drugs",haha just kidding papa needs drugs
ham,"Thk shld b can... Ya, i wana go 4 lessons... Haha, can go for one whole stretch...",thk shld b can ya i wana go number lessons haha can go one whole stretch
ham,Oh ok..,oh ok
ham,R we still meeting 4 dinner tonight?,r we still meeting number dinner tonight
ham,Thats cool! I am a gentleman and will treat you with dignity and respect.,thats cool i am gentleman will treat you dignity respect
ham,Shall i start from hear.,shall i start from hear
ham,Then we wait 4 u lor... No need 2 feel bad lar...,then we wait number u lor no need number feel bad lar
ham,No did you check? I got his detailed message now,no did you check i got his detailed message now
ham,You have registered Sinco as Payee. Log in at icicibank.com and enter URN  &lt;#&gt;  to confirm. Beware of frauds. Do NOT share or disclose URN to anyone.,you have registered sinco as payee log icicibank com enter urn lt gt confirm beware frauds do not share disclose urn anyone
ham,"No, I decided that only people who care about stuff vote and caring about stuff is for losers",no i decided that only people who care about stuff vote caring about stuff losers
ham,Kaiez... Enjoy ur tuition... Gee... Thk e second option sounds beta... I'll go yan jiu den msg u...,kaiez enjoy ur tuition gee thk e second option sounds beta i ll go yan jiu den msg u
ham,You have registered Sinco as Payee. Log in at icicibank.com and enter URN  &lt;#&gt;  to confirm. Beware of frauds. Do NOT share or disclose URN to anyone.,you have registered sinco as payee log icicibank com enter urn lt gt confirm beware frauds do not share disclose urn anyone
ham,cool. We will have fun practicing making babies!,cool we will have fun practicing making babies
ham,Actually getting ready to leave the house.,actually getting ready leave house
ham,K..k..any special today?,k k any special today
spam,"URGENT, IMPORTANT INFORMATION FOR O2 USER. TODAY IS YOUR LUCKY DAY! 2 FIND OUT WHY LOG ONTO HTTP://WWW.URAWINNER.COM THERE IS A FANTASTIC SURPRISE AWAITING FOR YOU",urgent important information o user today your lucky day number find out why log onto url there fantastic surprise awaiting you
ham,Then we gotta do it after that,then we gotta do it after that
ham,"I've got ten bucks, jay is being noncomittal",i ve got ten bucks jay being noncomittal
ham,Where at were hungry too,where were hungry too
ham,Pls speak to that customer machan.,pls speak that customer machan
ham,somewhere out there beneath the pale moon light someone think in of u some where out there where dreams come true... goodnite &amp; sweet dreams,somewhere out there beneath pale moon light someone think u some where out there where dreams come true goodnite amp sweet dreams
ham,"Wen ur lovable bcums angry wid u, dnt take it seriously.. Coz being angry is d most childish n true way of showing deep affection, care n luv!.. kettoda manda... Have nice day da.",wen ur lovable bcums angry wid u dnt take it seriously coz being angry d most childish n true way showing deep affection care n luv kettoda manda have nice day da
spam,Dear U've been invited to XCHAT. This is our final attempt to contact u! Txt CHAT to 86688 150p/MsgrcvdHG/Suite342/2Lands/Row/W1J6HL LDN 18 yrs,dear u ve been invited xchat this our final attempt contact u txt chat number p msgrcvdhg suite lands row w j hl ldn number yrs
ham,So wats ur opinion abt him and how abt is character?,so wats ur opinion abt him how abt character
ham,Jay is snickering and tells me that x is totally fucking up the chords as we speak,jay snickering tells me that x totally fucking up chords as we speak
ham,No..few hours before.went to hair cut .,no few hours before went hair cut
ham,No wonder... Cos i dun rem seeing a silver car... But i thk i saw a black one...,no wonder cos i dun rem seeing silver car but i thk i saw black one
ham,Lmao. Take a pic and send it to me.,lmao take pic send it me
ham,Speak only when you feel your words are better than the silence... Gud mrng:-),speak only when you feel your words better than silence gud mrng
ham,No. She's currently in scotland for that.,no she s currently scotland that
ham,Do you work all this week ?,do you work all this week
spam,Congratulations ur awarded either £500 of CD gift vouchers & Free entry 2 our £100 weekly draw txt MUSIC to 87066 TnCs www.Ldew.com 1 win150ppmx3age16,congratulations ur awarded either number cd gift vouchers free entry number our number weekly draw txt music number tncs url number win ppmx age
ham,Lol great now im getting hungry.,lol great now im getting hungry
ham,Yes.. now only saw your message..,yes now only saw your message
ham,I'll be at mu in like  &lt;#&gt;  seconds,i ll be mu like lt gt seconds
ham,Ok...,ok
ham,THING R GOOD THANX GOT EXAMS IN MARCH IVE DONE NO REVISION? IS FRAN STILL WITH BOYF? IVE GOTTA INTERVIW 4 EXETER BIT WORRIED!x,thing r good thanx got exams march ive done no revision fran still boyf ive gotta interviw number exeter bit worried x
ham,"Tell you what, if you make a little spreadsheet and track whose idea it was to smoke to determine who ""smokes too much"" for the entire month of february, I'll come up",tell you what if you make little spreadsheet track whose idea it was smoke determine who smokes too much entire month february i ll come up
spam,For sale - arsenal dartboard. Good condition but no doubles or trebles!,sale arsenal dartboard good condition but no doubles trebles
ham,Don't look back at the building because you have no coat and i don't want you to get more sick. Just hurry home and wear a coat to the gym!!!,don t look back building because you have no coat i don t want you get more sick just hurry home wear coat gym
ham,"My painful personal thought- ""I always try to keep everybody happy all the time. But nobody recognises me when i am alone""",my painful personal thought i always try keep everybody happy all time but nobody recognises me when i am alone
ham,Thanks for ve lovely wisheds. You rock,thanks ve lovely wisheds you rock
ham,You intrepid duo you! Have a great time and see you both soon. ,you intrepid duo you have great time see you both soon
ham,I asked sen to come chennai and search for job.,i asked sen come chennai search job
ham,Dad went out oredi... ,dad went out oredi
ham,"I jus hope its true that  missin me cos i'm really missin him! You haven't done anything to feel guilty about, yet.",i jus hope its true that missin me cos i m really missin him you haven t done anything feel guilty about yet
ham,Wat so late still early mah. Or we juz go 4 dinner lor. Aiya i dunno...,wat so late still early mah we juz go number dinner lor aiya i dunno
ham,"Arms fine, how's Cardiff and uni? ",arms fine how s cardiff uni
ham,In fact when do you leave? I think addie goes back to school tues or wed,fact when do you leave i think addie goes back school tues wed
ham,"Cool breeze... Bright sun... Fresh flower... Twittering birds... All these waiting to wish u: ""GOODMORNING &amp; HAVE A NICE DAY"" :)",cool breeze bright sun fresh flower twittering birds all these waiting wish u goodmorning amp have nice day
ham,Ya:)going for restaurant..,ya going restaurant
ham,"Its ok., i just askd did u knw tht no?",its ok i just askd did u knw tht no
spam,Free 1st week entry 2 TEXTPOD 4 a chance 2 win 40GB iPod or £250 cash every wk. Txt POD to 84128 Ts&Cs www.textpod.net custcare 08712405020.,free st week entry number textpod number chance number win gb ipod number cash every wk txt pod number ts cs url custcare number
ham,Those ducking chinchillas,those ducking chinchillas
ham,I am in a marriage function,i am marriage function
ham,Looks like u wil b getting a headstart im leaving here bout 2.30ish but if u r desperate for my company I could head in earlier-we were goin to meet in rummer.,looks like u wil b getting headstart im leaving here bout number ish but if u r desperate my company i could head earlier we were goin meet rummer
ham,Don‘t give a flying monkeys wot they think and I certainly don‘t mind. Any friend of mine and all that!,don t give flying monkeys wot they think i certainly don t mind any friend mine all that
spam,As a registered optin subscriber ur draw 4 £100 gift voucher will be entered on receipt of a correct ans to 80062 Whats No1 in the BBC charts,as registered optin subscriber ur draw number number gift voucher will be entered receipt correct ans number whats no bbc charts
ham,say thanks2. ,say thanks
ham,Msg me when rajini comes.,msg me when rajini comes
ham,Ya! when are ü taking ure practical lessons? I start in june..  ,ya when taking ure practical lessons i start june
ham,"That's good, because I need drugs",that s good because i need drugs
ham,Stupid.its not possible,stupid its not possible
ham,Can ü all decide faster cos my sis going home liao..,can all decide faster cos my sis going home liao
spam,Summers finally here! Fancy a chat or flirt with sexy singles in yr area? To get MATCHED up just reply SUMMER now. Free 2 Join. OptOut txt STOP Help08714742804,summers finally here fancy chat flirt sexy singles yr area get matched up just reply summer now free number join optout txt stop help
ham,U sleeping now.. Or you going to take? Haha.. I got spys wat.. Me online checking n replying mails lor..,u sleeping now you going take haha i got spys wat me online checking n replying mails lor
spam,CLAIRE here am havin borin time & am now alone U wanna cum over 2nite? Chat now 09099725823 hope 2 C U Luv CLAIRE xx Calls£1/minmoremobsEMSPOBox45PO139WA,claire here am havin borin time am now alone u wanna cum over nite chat now number hope number c u luv claire xx calls number minmoremobsemspobox po wa
ham,"Fighting with the world is easy, u either win or lose bt fightng with some1 who is close to u is dificult if u lose - u lose if u win - u still lose.",fighting world easy u either win lose bt fightng some who close u dificult if u lose u lose if u win u still lose
spam,Bought one ringtone and now getting texts costing 3 pound offering more tones etc,bought one ringtone now getting texts costing number pound offering more tones etc
ham,"Yalru lyfu astne chikku.. Bt innu mundhe lyf ali halla ke bilo (marriage)program edhae, so lyf is nt yet ovr chikku..ali vargu lyfu meow meow:-D",yalru lyfu astne chikku bt innu mundhe lyf ali halla ke bilo marriage program edhae so lyf nt yet ovr chikku ali vargu lyfu meow meow d
ham,Kinda. First one gets in at twelve! Aah. Speak tomo,kinda first one gets twelve aah speak tomo
spam,"09066362231 URGENT! Your mobile No 07xxxxxxxxx won a £2,000 bonus caller prize on 02/06/03! this is the 2nd attempt to reach YOU! call 09066362231 ASAP!",number urgent your mobile no xxxxxxxxx won number number bonus caller prize number number number this nd attempt reach you call number asap
ham,Ok good then i later come find ü... C lucky i told ü to go earlier... Later pple take finish ü no more again...,ok good then i later come find c lucky i told go earlier later pple take finish no more again
ham,Wat makes u thk i'll fall down. But actually i thk i'm quite prone 2 falls. Lucky my dad at home i ask him come n fetch me already.,wat makes u thk i ll fall down but actually i thk i m quite prone number falls lucky my dad home i ask him come n fetch me already
spam,"YOU 07801543489 are guaranteed the latests Nokia Phone, a 40GB iPod MP3 player or a £500 prize! Txt word:COLLECT to No:83355! TC-LLC NY-USA 150p/Mt msgrcvd18+",you number guaranteed latests nokia phone gb ipod mp player number prize txt word collect no number tc llc ny usa p mt msgrcvd
ham,Your account has been refilled successfully by INR  &lt;DECIMAL&gt; . Your KeralaCircle prepaid account balance is Rs  &lt;DECIMAL&gt; . Your Transaction ID is KR &lt;#&gt; .,your account has been refilled successfully by inr lt decimal gt your keralacircle prepaid account balance rs lt decimal gt your transaction id kr lt gt
ham,I wont touch you with out your permission.,i wont touch you out your permission
spam,Hi its LUCY Hubby at meetins all day Fri & I will B alone at hotel U fancy cumin over? Pls leave msg 2day 09099726395 Lucy x Calls£1/minMobsmoreLKPOBOX177HP51FL,hi its lucy hubby meetins all day fri i will b alone hotel u fancy cumin over pls leave msg day number lucy x calls number minmobsmorelkpobox hp fl
ham,"7 wonders in My WORLD 7th You 6th Ur style 5th Ur smile 4th Ur Personality 3rd Ur Nature 2nd Ur SMS and 1st ""Ur Lovely Friendship""... good morning dear",number wonders my world th you th ur style th ur smile th ur personality rd ur nature nd ur sms st ur lovely friendship good morning dear
ham,Take some small dose tablet for fever,take some small dose tablet fever
ham,Oh. U must have taken your REAL Valentine out shopping first.,oh u must have taken your real valentine out shopping first
ham,"Just sent you an email – to an address with incomm in it, is that right?",just sent you email address incomm it that right
ham,"Will do, you gonna be at blake's all night? I might be able to get out of here a little early",will do you gonna be blake s all night i might be able get out here little early
ham,"Friendship is not a game to play, It is not a word to say, It doesn\'t start on March and ends on May, It is tomorrow, yesterday, today and e",friendship not game play it not word say it doesn t start march ends may it tomorrow yesterday today e
ham,"Nice. Wait...should you be texting right now? I'm not gonna pay your ticket, ya know!",nice wait should you be texting right now i m not gonna pay your ticket ya know
ham,I'm watching lotr w my sis dis aft. So u wan 2 meet me 4 dinner at nite a not?,i m watching lotr w my sis dis aft so u wan number meet me number dinner nite not
ham,Why you keeping me away like this,why you keeping me away like this
ham,I think its far more than that but find out. Check google maps for a place from your dorm.,i think its far more than that but find out check google maps place from your dorm
ham,My trip was ok but quite tiring lor. Uni starts today but it's ok 4 me cos i'm not taking any modules but jus concentrating on my final yr project.,my trip was ok but quite tiring lor uni starts today but it s ok number me cos i m not taking any modules but jus concentrating my final yr project
ham,Have you always been saying welp?,have you always been saying welp
ham,"I'm a guy, browsin is compulsory",i m guy browsin compulsory
ham,Ok...,ok
ham,Purity of friendship between two is not about smiling after reading the forwarded message..Its about smiling just by seeing the name. Gud evng musthu,purity friendship between two not about smiling after reading forwarded message its about smiling just by seeing name gud evng musthu
ham,"Sorry, I'll call later",sorry i ll call later
ham,"(I should add that I don't really care and if you can't I can at least get this dude to fuck off but hey, your money if you want it)",i should add that i don t really care if you can t i can least get this dude fuck off but hey your money if you want it
ham,"Hello lover! How goes that new job? Are you there now? Are you happy? Do you think of me? I wake, my slave and send you a teasing kiss from across the sea",hello lover how goes that new job you there now you happy do you think me i wake my slave send you teasing kiss from across sea
ham,I told your number to gautham..,i told your number gautham
ham,Tell them no need to investigate about me anywhere.,tell them no need investigate about me anywhere
ham,Ok i juz receive..,ok i juz receive
ham,"Cant believe i said so many things to you this morning when all i really wanted to say was good morning, i love you! Have a beautiful morning. See you in the library later.",cant believe i said so many things you this morning when all i really wanted say was good morning i love you have beautiful morning see you library later
spam,"Your account has been credited with 500 FREE Text Messages. To activate, just txt the word: CREDIT to No: 80488 T&Cs www.80488.biz",your account has been credited number free text messages activate just txt word credit no number t cs url
ham,In the end she might still vomit but its okay. Not everything will come out.,end she might still vomit but its okay not everything will come out
ham,How are you with moneY...as in to you...money aint a thing....how are you sha!,how you money as you money aint thing how you sha
ham,It has everything to do with the weather. Keep extra warm. Its a cold but nothing serious. Pls lots of vitamin c,it has everything do weather keep extra warm its cold but nothing serious pls lots vitamin c
ham,Hey gals.. Anyone of u going down to e driving centre tmr?,hey gals anyone u going down e driving centre tmr
ham,I'm always on yahoo messenger now. Just send the message to me and i.ll get it you may have to send it in the mobile mode sha but i.ll get it. And will reply.,i m always yahoo messenger now just send message me i ll get it you may have send it mobile mode sha but i ll get it will reply
ham,I'm putting it on now. It should be ready for  &lt;TIME&gt; ,i m putting it now it should be ready lt time gt
ham,"Time n Smile r the two crucial things in our life. Sometimes time makes us to forget smile, and sometimes someone's smile makes us to forget time gud noon",time n smile r two crucial things our life sometimes time makes us forget smile sometimes someone s smile makes us forget time gud noon
spam,"SMS. ac JSco: Energy is high, but u may not know where 2channel it. 2day ur leadership skills r strong. Psychic? Reply ANS w/question. End? Reply END JSCO",sms ac jsco energy high but u may not know where channel it day ur leadership skills r strong psychic reply ans w question end reply end jsco
ham,Host-based IDPS for linux systems.,host based idps linux systems
spam,"HOT LIVE FANTASIES call now 08707509020 Just 20p per min NTT Ltd, PO Box 1327 Croydon CR9 5WB 0870 is a national rate call",hot live fantasies call now number just p per min ntt ltd po box number croydon cr wb number national rate call
ham,Don no da:)whats you plan?,don no da whats you plan
ham,Ill be there on  &lt;#&gt;  ok.,ill be there lt gt ok
ham,Oh my God. I'm almost home,oh my god i m almost home
ham,Total video converter free download type this in google search:),total video converter free download type this google search
spam,Thanks for the Vote. Now sing along with the stars with Karaoke on your mobile. For a FREE link just reply with SING now.,thanks vote now sing along stars karaoke your mobile free link just reply sing now
ham,"Wen ur lovable bcums angry wid u, dnt take it seriously.. Coz being angry is d most childish n true way of showing deep affection, care n luv!.. kettoda manda... Have nice day da.",wen ur lovable bcums angry wid u dnt take it seriously coz being angry d most childish n true way showing deep affection care n luv kettoda manda have nice day da
ham,Sounds like something that someone testing me would sayy,sounds like something that someone testing me would sayy
ham,When u love someone Dont make them to love u as much as u do. But Love them so much that they dont want to be loved by anyone except you... Gud nit.,when u love someone dont make them love u as much as u do but love them so much that they dont want be loved by anyone except you gud nit
ham,"Pete,is this your phone still? Its Jenny from college and Leanne.what are you up to now?:)",pete this your phone still its jenny from college leanne what you up now
ham,Oops sorry. Just to check that you don't mind picking me up tomo at half eight from station. Would that be ok?,oops sorry just check that you don t mind picking me up tomo half eight from station would that be ok
ham,"Hey sweet, I was wondering when you had a moment if you might come to me ? I want to send a file to someone but it won't go over yahoo for them because their connection sucks, remember when you set up that page for me to go to and download the format disc ? Could you tell me how to do that ? Or do you know some other way to download big files ? Because they can download stuff directly from the internet. Any help would be great, my prey ... *teasing kiss*",hey sweet i was wondering when you had moment if you might come me i want send file someone but it won t go over yahoo them because their connection sucks remember when you set up that page me go download format disc could you tell me how do that do you know some other way download big files because they can download stuff directly from internet any help would be great my prey teasing kiss
ham,Hows the champ just leaving glasgow!,hows champ just leaving glasgow
ham,K:)all the best:)congrats...,k all best congrats
ham,I wonder if you'll get this text?,i wonder if you ll get this text
ham,I need to come home and give you some good lovin...,i need come home give you some good lovin
spam,Our brand new mobile music service is now live. The free music player will arrive shortly. Just install on your phone to browse content from the top artists.,our brand new mobile music service now live free music player will arrive shortly just install your phone browse content from top artists
ham,Shall i ask one thing if you dont mistake me.,shall i ask one thing if you dont mistake me
ham,Check wid corect speling i.e. Sarcasm,check wid corect speling i e sarcasm
spam,"URGENT! Your Mobile No was awarded a £2,000 Bonus Caller Prize on 1/08/03! This is our 2nd attempt to contact YOU! Call 0871-4719-523 BOX95QU BT National Rate",urgent your mobile no was awarded number number bonus caller prize number number number this our nd attempt contact you call number number number box qu bt national rate
ham,Are you angry with me. What happen dear,you angry me what happen dear
ham,I thk u dun haf 2 hint in e forum already lor... Cos i told ron n darren is going 2 tell shuhui.,i thk u dun haf number hint e forum already lor cos i told ron n darren going number tell shuhui
ham,Yup ok thanx...,yup ok thanx
ham,Hi:)cts employee how are you?,hi cts employee how you
ham,Pls pls find out from aunt nike.,pls pls find out from aunt nike
ham,"Wow ... I love you sooo much, you know ? I can barely stand it ! I wonder how your day goes and if you are well, my love ... I think of you and miss you",wow i love you sooo much you know i can barely stand it i wonder how your day goes if you well my love i think you miss you
ham,No screaming means shouting..,no screaming means shouting
ham,Hey what happen de. Are you alright.,hey what happen de you alright
ham,Should I have picked up a receipt or something earlier,should i have picked up receipt something earlier
ham,I think chennai well settled?,i think chennai well settled
ham,Oh dang! I didn't mean o send that to you! Lol!,oh dang i didn t mean o send that you lol
ham,Unfortunately i've just found out that we have to pick my sister up from the airport that evening so don't think i'll be going out at all. We should try to go out one of th,unfortunately i ve just found out that we have pick my sister up from airport that evening so don t think i ll be going out all we should try go out one th
ham,Horrible bf... I now v hungry...,horrible bf i now v hungry
ham,Remember on that day..,remember that day
spam,You have won a Nokia 7250i. This is what you get when you win our FREE auction. To take part send Nokia to 86021 now. HG/Suite342/2Lands Row/W1JHL 16+,you have won nokia i this what you get when you win our free auction take part send nokia number now hg suite lands row w jhl number
ham,How's it feel? Mr. Your not my real Valentine just my yo Valentine even tho u hardly play!!,how s it feel mr your not my real valentine just my yo valentine even tho u hardly play
ham,All sounds good. Fingers . Makes it difficult to type,all sounds good fingers makes it difficult type
ham,Midnight at the earliest,midnight earliest
ham,You're not sure that I'm not trying to make xavier smoke because I don't want to smoke after being told I smoke too much?,you re not sure that i m not trying make xavier smoke because i don t want smoke after being told i smoke too much
ham,K come to nordstrom when you're done,k come nordstrom when you re done
ham,Do u konw waht is rael FRIENDSHIP Im gving yuo an exmpel: Jsut ese tihs msg.. Evrey splleing of tihs msg is wrnog.. Bt sitll yuo can raed it wihtuot ayn mitsake.. GOODNIGHT &amp; HAVE A NICE SLEEP..SWEET DREAMS..,do u konw waht rael friendship im gving yuo exmpel jsut ese tihs msg evrey splleing tihs msg wrnog bt sitll yuo can raed it wihtuot ayn mitsake goodnight amp have nice sleep sweet dreams
ham,Now press conference da:),now press conference da
spam,"Hello from Orange. For 1 month's free access to games, news and sport, plus 10 free texts and 20 photo messages, reply YES. Terms apply: www.orange.co.uk/ow",hello from orange number month s free access games news sport plus number free texts number photo messages reply yes terms apply url
ham,After completed degree. There is no use in joining finance.,after completed degree there no use joining finance
ham,"Good afternoon, my love ! Any job prospects ? Are you missing me ? What do you do ? Are you being lazy and bleak, hmmm ? Or happy and filled with my love ?",good afternoon my love any job prospects you missing me what do you do you being lazy bleak hmmm happy filled my love
ham,Shant disturb u anymore... Jia you...,shant disturb u anymore jia you
ham,Bishan lar nearer... No need buy so early cos if buy now i gotta park my car...,bishan lar nearer no need buy so early cos if buy now i gotta park my car
ham,"Me, i dont know again oh",me i dont know again oh
ham,Dude sux for snake. He got old and raiden got buff,dude sux snake he got old raiden got buff
ham,He says hi and to get your ass back to south tampa (preferably at a kegger),he says hi get your ass back south tampa preferably kegger
ham,In e msg jus now. U said thanks for gift.,e msg jus now u said thanks gift
ham,U too...,u too
ham,Ok how you dear. Did you call chechi,ok how you dear did you call chechi
ham,Yeah we do totes. When u wanna?,yeah we do totes when u wanna
ham,Ok i found dis pierre cardin one which looks normal costs 20 its on sale.,ok i found dis pierre cardin one which looks normal costs number its sale
ham,Good sleep is about rhythm. The person has to establish a rhythm that the body will learn and use. If you want to know more :-),good sleep about rhythm person has establish rhythm that body will learn use if you want know more
ham,Wat r u doing?,wat r u doing
ham,Message from . I am at Truro Hospital on ext. You can phone me here. as I have a phone by my side,message from i am truro hospital ext you can phone me here as i have phone by my side
ham,"Single line with a big meaning::::: ""Miss anything 4 ur ""Best Life"" but, don't miss ur best life for anything... Gud nyt...",single line big meaning miss anything number ur best life but don t miss ur best life anything gud nyt
ham,"Just got some gas money, any chance you and the gang want to go on a grand nature adventure?",just got some gas money any chance you gang want go grand nature adventure
ham,Dnt worry...use ice pieces in a cloth pack.also take 2 tablets.,dnt worry use ice pieces cloth pack also take number tablets
ham,Dude just saw a parked car with its sunroof popped up. Sux,dude just saw parked car its sunroof popped up sux
ham,Get ready to put on your excellent sub face :),get ready put your excellent sub face
ham,Tmrw. Im finishing 9 doors,tmrw im finishing number doors
ham,"The  &lt;#&gt; g that i saw a few days ago, the guy wants sell wifi only for  &lt;#&gt;  and with 3g for  &lt;#&gt; . That's why i blanked him.",lt gt g that i saw few days ago guy wants sell wifi only lt gt g lt gt that s why i blanked him
ham,I am late. I will be there at,i am late i will be there
ham,"whatever, im pretty pissed off.",whatever im pretty pissed off
ham,Today is ACCEPT DAY..U Accept me as? Brother Sister Lover Dear1 Best1 Clos1 Lvblefrnd Jstfrnd Cutefrnd Lifpartnr Belovd Swtheart Bstfrnd No rply means enemy,today accept day u accept me as brother sister lover dear best clos lvblefrnd jstfrnd cutefrnd lifpartnr belovd swtheart bstfrnd no rply means enemy
ham,I dont have that much image in class.,i dont have that much image class
ham,No:-)i got rumour that you going to buy apartment in chennai:-),no i got rumour that you going buy apartment chennai
ham,Near kalainar tv office.thenampet,near kalainar tv office thenampet
spam,Ur cash-balance is currently 500 pounds - to maximize ur cash-in now send GO to 86688 only 150p/msg. CC 08718720201 HG/Suite342/2Lands Row/W1J6HL,ur cash balance currently number pounds maximize ur cash now send go number only p msg cc number hg suite lands row w j hl
spam,SMS AUCTION - A BRAND NEW Nokia 7250 is up 4 auction today! Auction is FREE 2 join & take part! Txt NOKIA to 86021 now! HG/Suite342/2Lands Row/W1J6HL,sms auction brand new nokia number up number auction today auction free number join take part txt nokia number now hg suite lands row w j hl
ham,My sis is catching e show in e afternoon so i'm not watching w her. So c u wan 2 watch today or tmr lor.,my sis catching e show e afternoon so i m not watching w her so c u wan number watch today tmr lor
ham,"Sounds gd... Haha... Can... Wah, u yan jiu so fast liao...",sounds gd haha can wah u yan jiu so fast liao
ham,No. To be nosy I guess. Idk am I over reacting if I'm freaked?,no be nosy i guess idk am i over reacting if i m freaked
ham,"Remember all those whom i hurt during days of satanic imposter in me.need to pay a price,so be it.may destiny keep me going and as u said pray that i get the mind to get over the same.",remember all those whom i hurt during days satanic imposter me need pay price so be it may destiny keep me going as u said pray that i get mind get over same
ham,How to Make a girl Happy? It's not at all difficult to make girls happy. U only need to be... 1. A friend 2. Companion 3. Lover 4. Chef . . .  &lt;#&gt; . Good listener  &lt;#&gt; . Organizer  &lt;#&gt; . Good boyfriend  &lt;#&gt; . Very clean  &lt;#&gt; . Sympathetic  &lt;#&gt; . Athletic  &lt;#&gt; . Warm . . .  &lt;#&gt; . Courageous  &lt;#&gt; . Determined  &lt;#&gt; . True  &lt;#&gt; . Dependable  &lt;#&gt; . Intelligent . . .  &lt;#&gt; . Psychologist  &lt;#&gt; . Pest exterminator  &lt;#&gt; . Psychiatrist  &lt;#&gt; . Healer . .  &lt;#&gt; . Stylist  &lt;#&gt; . Driver . . Aaniye pudunga venaam..,how make girl happy it s not all difficult make girls happy u only need be number friend number companion number lover number chef lt gt good listener lt gt organizer lt gt good boyfriend lt gt very clean lt gt sympathetic lt gt athletic lt gt warm lt gt courageous lt gt determined lt gt true lt gt dependable lt gt intelligent lt gt psychologist lt gt pest exterminator lt gt psychiatrist lt gt healer lt gt stylist lt gt driver aaniye pudunga venaam
ham,"Why is that, princess? I bet the brothas are all chasing you!",why that princess i bet brothas all chasing you
ham,"I shall book chez jules for half eight, if that's ok with you?",i shall book chez jules half eight if that s ok you
ham,Hhahhaahahah rofl wtf nig was leonardo in your room or something,hhahhaahahah rofl wtf nig was leonardo your room something
ham,"Yep, at derek's house now, see you Sunday &lt;3",yep derek s house now see you sunday lt number
ham,"It's cool, let me know before it kicks off around  &lt;#&gt; , I'll be out and about all day",it s cool let me know before it kicks off around lt gt i ll be out about all day
ham,"Sorry, I'll call later",sorry i ll call later
ham,I was wondering if it would be okay for you to call uncle john and let him know that things are not the same in nigeria as they r here. That  &lt;#&gt;  dollars is 2years sent and that you know its a strain but i plan to pay back every dime he gives. Every dime so for me to expect anything from you is not practical. Something like that.,i was wondering if it would be okay you call uncle john let him know that things not same nigeria as they r here that lt gt dollars years sent that you know its strain but i plan pay back every dime he gives every dime so me expect anything from you not practical something like that
ham,There are no other charges after transfer charges and you can withdraw anyhow you like,there no other charges after transfer charges you can withdraw anyhow you like
ham,"Dont search love, let love find U. Thats why its called falling in love, bcoz U dont force yourself, U just fall and U know there is smeone to hold U... BSLVYL",dont search love let love find u thats why its called falling love bcoz u dont force yourself u just fall u know there smeone hold u bslvyl
ham,At 4. Let's go to bill millers,number let s go bill millers
ham,I love you. You set my soul on fire. It is not just a spark. But it is a flame. A big rawring flame. XoXo,i love you you set my soul fire it not just spark but it flame big rawring flame xoxo
ham,"Somewhr someone is surely made 4 u. And God has decided a perfect time to make u meet dat person. . . . till den, . . . . . Enjoy ur crushes..!!!;-)",somewhr someone surely made number u god has decided perfect time make u meet dat person till den enjoy ur crushes
ham,That's my honeymoon outfit. :),that s my honeymoon outfit
ham,Will it help if we propose going back again tomorrow,will it help if we propose going back again tomorrow
spam,PRIVATE! Your 2003 Account Statement for shows 800 un-redeemed S. I. M. points. Call 08719899230 Identifier Code: 41685 Expires 07/11/04,private your number account statement shows number un redeemed s i m points call number identifier code number expires number number number
ham,Never blame a day in ur life. Good days give u happiness. Bad days give u experience. Both are essential in life! All are Gods blessings! good morning.:,never blame day ur life good days give u happiness bad days give u experience both essential life all gods blessings good morning
ham,Pls confirm the time to collect the cheque.,pls confirm time collect cheque
spam,As a Registered Subscriber yr draw 4 a £100 gift voucher will b entered on receipt of a correct ans. When are the next olympics. Txt ans to 80062,as registered subscriber yr draw number number gift voucher will b entered receipt correct ans when next olympics txt ans number
spam,URGENT! Your Mobile number has been awarded with a £2000 prize GUARANTEED. Call 09061790121 from land line. Claim 3030. Valid 12hrs only 150ppm,urgent your mobile number has been awarded number prize guaranteed call number from land line claim number valid hrs only ppm
ham,Daddy will take good care of you :),daddy will take good care you
ham,"Yeah probably, I still gotta check out with leo",yeah probably i still gotta check out leo
ham,K.then any other special?,k then any other special
ham,Carlos is taking his sweet time as usual so let me know when you and patty are done/want to smoke and I'll tell him to haul ass,carlos taking his sweet time as usual so let me know when you patty done want smoke i ll tell him haul ass
ham,Ok pa. Nothing problem:-),ok pa nothing problem
ham,Have you heard about that job? I'm going to that wildlife talk again tonight if u want2come. Its that2worzels and a wizzle or whatever it is?! ,have you heard about that job i m going that wildlife talk again tonight if u want come its that worzels wizzle whatever it
ham,"God picked up a flower and dippeditinaDEW, lovingly touched itwhichturnedinto u, and the he gifted tomeandsaid,THIS FRIEND IS 4U",god picked up flower dippeditinadew lovingly touched itwhichturnedinto u he gifted tomeandsaid this friend u
ham,When you came to hostel.,when you came hostel
ham,Ok no prob... I'll come after lunch then...,ok no prob i ll come after lunch then
ham,Jus telling u dat i'll b leaving 4 shanghai on 21st instead so we'll haf more time 2 meet up cya...,jus telling u dat i ll b leaving number shanghai st instead so we ll haf more time number meet up cya
ham,Are your freezing ? Are you home yet ? Will you remember to kiss your mom in the morning? Do you love me ? Do you think of me ? Are you missing me yet ?,your freezing you home yet will you remember kiss your mom morning do you love me do you think me you missing me yet
ham,You all ready for * big day tomorrow?,you all ready big day tomorrow
ham,I'll probably be around mu a lot,i ll probably be around mu lot
ham,645,number
spam,RT-KIng Pro Video Club>> Need help? info@ringtoneking.co.uk or call 08701237397 You must be 16+ Club credits redeemable at www.ringtoneking.co.uk! Enjoy!,rt king pro video club need help info ringtoneking co uk call number you must be number club credits redeemable url enjoy
ham,Thnx dude. u guys out 2nite?,thnx dude u guys out nite
ham,Me sef dey laugh you. Meanwhile how's my darling anjie!,me sef dey laugh you meanwhile how s my darling anjie
ham,Mm i had my food da from out,mm i had my food da from out
ham,"K, makes sense, btw carlos is being difficult so you guys are gonna smoke while I go pick up the second batch and get gas",k makes sense btw carlos being difficult so you guys gonna smoke while i go pick up second batch get gas
ham,Did u download the fring app?,did u download fring app
ham,The 2 oz guy is being kinda flaky but one friend is interested in picking up $ &lt;#&gt;  worth tonight if possible,number oz guy being kinda flaky but one friend interested picking up lt gt worth tonight if possible
ham,Friends that u can stay on fb chat with,friends that u can stay fb chat
ham,"Fuck babe, I miss you sooooo much !! I wish you were here to sleep with me ... My bed is so lonely ... I go now, to sleep ... To dream of you, my love ...",fuck babe i miss you sooooo much i wish you were here sleep me my bed so lonely i go now sleep dream you my love
ham,"Living is very simple.. Loving is also simple.. Laughing is too simple.. Winning is tooo simple.. But, being 'SIMPLE' is very difficult.. Gud nte.:-",living very simple loving also simple laughing too simple winning tooo simple but being simple very difficult gud nte
spam,U have a secret admirer who is looking 2 make contact with U-find out who they R*reveal who thinks UR so special-call on 09058094599,u have secret admirer who looking number make contact u find out who they r reveal who thinks ur so special call number
ham,"Ah, well that confuses things, doesn‘t it?",ah well that confuses things doesn t it
spam,500 free text msgs. Just text ok to 80488 and we'll credit your account,number free text msgs just text ok number we ll credit your account
ham,Hi Dear Call me its urgnt. I don't know whats your problem. You don't want to work or if you have any other problem at least tell me. Wating for your reply.,hi dear call me its urgnt i don t know whats your problem you don t want work if you have any other problem least tell me wating your reply
ham,Dear how you. Are you ok?,dear how you you ok
spam,"You have been selected to stay in 1 of 250 top British hotels - FOR NOTHING! Holiday Worth £350! To Claim, Call London 02072069400. Bx 526, SW73SS",you have been selected stay number number top british hotels nothing holiday worth number claim call london number bx number sw ss
ham,Yes princess! I want to make you happy...,yes princess i want make you happy
ham,Sounds like you have many talents! would you like to go on a dinner date next week?,sounds like you have many talents would you like go dinner date next week
ham,I am going to film 2day da. At 6pm. Sorry da.,i am going film day da pm sorry da
ham,We not watching movie already. Xy wants 2 shop so i'm shopping w her now.,we not watching movie already xy wants number shop so i m shopping w her now
ham,Hello my little party animal! I just thought I'd buzz you as you were with your friends ...*grins*... Reminding you were loved and send a naughty adoring kiss,hello my little party animal i just thought i d buzz you as you were your friends grins reminding you were loved send naughty adoring kiss
ham,Yesterday its with me only . Now am going home.,yesterday its me only now am going home
spam,"Eerie Nokia tones 4u, rply TONE TITLE to 8007 eg TONE DRACULA to 8007 Titles: GHOST, ADDAMSFA, MUNSTERS, EXORCIST, TWILIGHT www.getzed.co.uk POBox36504W45WQ 150p",eerie nokia tones u rply tone title number eg tone dracula number titles ghost addamsfa munsters exorcist twilight url pobox w wq p
ham,"You have come into my life and brought the sun ..Shiny down on me, warming my heart. Putting a constant smile on my face ... Making me feel loved and cared for",you have come into my life brought sun shiny down me warming my heart putting constant smile my face making me feel loved cared
ham,"No shit, but I wasn't that surprised, so I went and spent the evening with that french guy I met in town here and we fooled around a bit but I didn't let him fuck me",no shit but i wasn t that surprised so i went spent evening that french guy i met town here we fooled around bit but i didn t let him fuck me
spam,"0A$NETWORKS allow companies to bill for SMS, so they are responsible for their ""suppliers"", just as a shop has to give a guarantee on what they sell. B. G.",networks allow companies bill sms so they responsible their suppliers just as shop has give guarantee what they sell b g
ham,Great comedy..cant stop laughing da:),great comedy cant stop laughing da
spam,FreeMsg:Feelin kinda lnly hope u like 2 keep me company! Jst got a cam moby wanna c my pic?Txt or reply DATE to 82242 Msg150p 2rcv Hlp 08712317606 stop to 82242,freemsg feelin kinda lnly hope u like number keep me company jst got cam moby wanna c my pic txt reply date number msg p rcv hlp number stop number
ham,"Alright, we're all set here, text the man",alright we re all set here text man
ham,"Hi , where are you? We're at  and they're not keen to go out i kind of am but feel i shouldn't so can we go out tomo, don't mind do you?",hi where you we re they re not keen go out i kind am but feel i shouldn t so can we go out tomo don t mind do you
ham,Sleeping nt feeling well,sleeping nt feeling well
ham,U WILL SWITCH YOUR FONE ON DAMMIT!!,u will switch your fone dammit
ham,India have to take lead:),india have take lead
ham,I.ll post her out l8r. In class,i ll post her out l r class
ham,Thts wat Wright Brother did to fly..,thts wat wright brother did fly
ham,"Evening * v good if somewhat event laden. Will fill you in, don't you worry … Head * ok but throat * wrecked. See you at six then!",evening v good if somewhat event laden will fill you don t you worry head ok but throat wrecked see you six then
ham,If u laugh really loud.. If u talk spontaneously.. If u dont care what others feel.. U are probably with your dear &amp; best friends.. GOODEVENING Dear..:),if u laugh really loud if u talk spontaneously if u dont care what others feel u probably your dear amp best friends goodevening dear
ham,ITS A LAPTOP TAKE IT WITH YOU.,its laptop take it you
ham,I dont have any of your file in my bag..i was in work when you called me.i 'll tell you if i find anything in my room.,i dont have any your file my bag i was work when you called me i ll tell you if i find anything my room
ham,I wan but too early lei... Me outside now wun b home so early... Neva mind then...,i wan but too early lei me outside now wun b home so early neva mind then
spam,"For ur chance to win a £250 cash every wk TXT: ACTION to 80608. T's&C's www.movietrivia.tv custcare 08712405022, 1x150p/wk",ur chance win number cash every wk txt action number t s c s url custcare number x p wk
ham,I was at bugis juz now wat... But now i'm walking home oredi... Ü so late then reply... I oso saw a top dat i like but din buy... Where r ü now? ,i was bugis juz now wat but now i m walking home oredi so late then reply i oso saw top dat i like but din buy where r now
ham,"Wishing you and your family Merry ""X"" mas and HAPPY NEW Year in advance..",wishing you your family merry x mas happy new year advance
ham,At 7 we will go ok na.,number we will go ok na
ham,Yes I posted a couple of pics on fb. There's still snow outside too. I'm just waking up :),yes i posted couple pics fb there s still snow outside too i m just waking up
ham,S:-)if we have one good partnership going we will take lead:),s if we have one good partnership going we will take lead
spam,RGENT! This is the 2nd attempt to contact U!U have WON £1250 CALL 09071512433 b4 050703 T&CsBCM4235WC1N3XX. callcost 150ppm mobilesvary. max£7. 50,rgent this nd attempt contact u u have won number call number b number t csbcm wc n xx callcost ppm mobilesvary max number number
ham,"Yeah, where's your class at?",yeah where s your class
ham,No just send to you. Bec you in temple na.,no just send you bec you temple na
ham,"You aren't coming home between class, right? I need to work out and shower!",you aren t coming home between class right i need work out shower
spam,Hi if ur lookin 4 saucy daytime fun wiv busty married woman Am free all next week Chat now 2 sort time 09099726429 JANINExx Calls£1/minMobsmoreLKPOBOX177HP51FL,hi if ur lookin number saucy daytime fun wiv busty married woman am free all next week chat now number sort time number janinexx calls number minmobsmorelkpobox hp fl
ham,S but mostly not like that.,s but mostly not like that
ham,Ü v ma fan...,v ma fan
ham,Dunno cos i was v late n when i reach they inside already... But we ate spageddies lor... It's e gals who r laughing at me lor...,dunno cos i was v late n when i reach they inside already but we ate spageddies lor it s e gals who r laughing me lor
ham,Guess who spent all last night phasing in and out of the fourth dimension,guess who spent all last night phasing out fourth dimension
ham,So now my dad is gonna call after he gets out of work and ask all these crazy questions.,so now my dad gonna call after he gets out work ask all these crazy questions
ham,"Yes..but they said its IT.,",yes but they said its it
ham,"Very hurting n meaningful lines ever: ""I compromised everything for my love, But at d end my love compromised me for everything:-("".. Gud mornin:-)",very hurting n meaningful lines ever i compromised everything my love but d end my love compromised me everything gud mornin
ham,Lmao!nice 1,lmao nice number
ham,Glad to see your reply.,glad see your reply
spam,URGENT! We are trying to contact U. Todays draw shows that you have won a £800 prize GUARANTEED. Call 09050001295 from land line. Claim A21. Valid 12hrs only,urgent we trying contact u todays draw shows that you have won number prize guaranteed call number from land line claim valid hrs only
spam,Monthly password for wap. mobsi.com is 391784. Use your wap phone not PC.,monthly password wap mobsi com number use your wap phone not pc
ham,Nah dub but je still buff,nah dub but je still buff
ham,"Painful words- ""I thought being Happy was the most toughest thing on Earth... But, the toughest is acting Happy with all unspoken pain inside..""",painful words i thought being happy was most toughest thing earth but toughest acting happy all unspoken pain inside
ham,"Yeah, that's fine! It's £6 to get in, is that ok? ",yeah that s fine it s number get that ok
ham,Lol where do u come up with these ideas?,lol where do u come up these ideas
ham,"So many people seems to be special at first sight, But only very few will remain special to you till your last sight.. Maintain them till life ends.. Sh!jas",so many people seems be special first sight but only very few will remain special you till your last sight maintain them till life ends sh jas
ham,"Today is ""song dedicated day.."" Which song will u dedicate for me? Send this to all ur valuable frnds but first rply me...",today song dedicated day which song will u dedicate me send this all ur valuable frnds but first rply me
ham,Okay... We wait ah,okay we wait ah
ham,Y lei?,y lei
ham,HI BABE U R MOST LIKELY TO BE IN BED BUT IM SO SORRY ABOUT TONIGHT! I REALLY WANNA SEE U TOMORROW SO CALL ME AT 9. LOVE ME XXX,hi babe u r most likely be bed but im so sorry about tonight i really wanna see u tomorrow so call me number love me xxx
ham,Already am squatting is the new way of walking,already am squatting new way walking
ham,Do you want bold 2 or bb torch,do you want bold number bb torch
ham,Cramps stopped. Going back to sleep,cramps stopped going back sleep
spam,todays vodafone numbers ending with 0089(my last four digits) are selected to received a £350 award. If your number matches please call 09063442151 to claim your £350 award,todays vodafone numbers ending number my last four digits selected received number award if your number matches please call number claim your number award
spam,Free Top ringtone -sub to weekly ringtone-get 1st week free-send SUBPOLY to 81618-?3 per week-stop sms-08718727870,free top ringtone sub weekly ringtone get st week free send subpoly number number per week stop sms number
ham,Nan sonathaya soladha. Why boss?,nan sonathaya soladha why boss
ham,Bring tat cd don forget,bring tat cd don forget
spam,Sunshine Quiz Wkly Q! Win a top Sony DVD player if u know which country the Algarve is in? Txt ansr to 82277. £1.50 SP:Tyrone,sunshine quiz wkly q win top sony dvd player if u know which country algarve txt ansr number number number sp tyrone
ham,I don't know but I'm raping dudes at poker,i don t know but i m raping dudes poker
ham,Weightloss! No more girl friends. Make loads of money on ebay or something. And give thanks to God.,weightloss no more girl friends make loads money ebay something give thanks god
ham,Was gr8 to see that message. So when r u leaving? Congrats dear. What school and wat r ur plans.,was gr see that message so when r u leaving congrats dear what school wat r ur plans
ham,Ü eatin later but i'm eatin wif my frens now lei... Ü going home first? ,eatin later but i m eatin wif my frens now lei going home first
ham,Finish already... Yar they keep saying i mushy... I so embarrassed ok...,finish already yar they keep saying i mushy i so embarrassed ok
ham,"Sorry man, my stash ran dry last night and I can't pick up more until sunday",sorry man my stash ran dry last night i can t pick up more until sunday
ham,Hai priya are you right. What doctor said pa. Where are you.,hai priya you right what doctor said pa where you
spam,"Free msg. Sorry, a service you ordered from 81303 could not be delivered as you do not have sufficient credit. Please top up to receive the service.",free msg sorry service you ordered from number could not be delivered as you do not have sufficient credit please top up receive service
ham,Ok...,ok
ham,Please ask mummy to call father,please ask mummy call father
ham,Can come my room but cannot come my house cos my house still messy... Haha...,can come my room but cannot come my house cos my house still messy haha
ham,I have lost 10 kilos as of today!,i have lost number kilos as today
ham,Just taste fish curry :-P,just taste fish curry p
ham,What can i do? Might accidant tookplace between somewhere ghodbandar rd. Traffic moves slovely. So plz slip &amp; don't worry.,what can i do might accidant tookplace between somewhere ghodbandar rd traffic moves slovely so plz slip amp don t worry
ham,Yun ah.now ü wkg where?btw if ü go nus sc. Ü wana specialise in wad?,yun ah now wkg where btw if go nus sc wana specialise wad
ham,Yes! I am a one woman man! Please tell me your likes and dislikes in bed...,yes i am one woman man please tell me your likes dislikes bed
ham,Was doing my test earlier. I appreciate you. Will call you tomorrow.,was doing my test earlier i appreciate you will call you tomorrow
ham,"How's my loverboy doing ? What does he do that keeps him from coming to his Queen, hmmm ? Doesn't he ache to speak to me ? Miss me desparately ?",how s my loverboy doing what does he do that keeps him from coming his queen hmmm doesn t he ache speak me miss me desparately
ham,U meet other fren dun wan meet me ah... Muz b a guy rite...,u meet other fren dun wan meet me ah muz b guy rite
ham,"(No promises on when though, haven't even gotten dinner yet)",no promises when though haven t even gotten dinner yet
ham,I got your back! Do you have any dislikes in bed?,i got your back do you have any dislikes bed
ham,o turns out i had stereo love on mi phone under the unknown album.,o turns out i had stereo love mi phone under unknown album
spam,Hard LIVE 121 chat just 60p/min. Choose your girl and connect LIVE. Call 09094646899 now! Cheap Chat UK's biggest live service. VU BCM1896WC1N3XX,hard live number chat just p min choose your girl connect live call number now cheap chat uk s biggest live service vu bcm wc n xx
ham,Yeah I don't see why not,yeah i don t see why not
ham,Asking do u knw them or nt? May be ur frnds or classmates?,asking do u knw them nt may be ur frnds classmates
ham,"Sorry about earlier. Putting out fires.Are you around to talk after 9? Or do you actually have a life, lol!",sorry about earlier putting out fires you around talk after number do you actually have life lol
spam,WOW! The Boys R Back. TAKE THAT 2007 UK Tour. Win VIP Tickets & pre-book with VIP Club. Txt CLUB to 81303. Trackmarque Ltd info@vipclub4u.,wow boys r back take that number uk tour win vip tickets pre book vip club txt club number trackmarque ltd info vipclub u
ham,"As in missionary hook up, doggy hook up, standing...|",as missionary hook up doggy hook up standing
ham,Then u better go sleep.. Dun disturb u liao.. U wake up then msg me lor..,then u better go sleep dun disturb u liao u wake up then msg me lor
ham,"Fighting with the world is easy, u either win or lose bt fightng with some1 who is close to u is dificult if u lose - u lose if u win - u still lose.",fighting world easy u either win lose bt fightng some who close u dificult if u lose u lose if u win u still lose
ham,Am watching house – very entertaining – am getting the whole hugh laurie thing – even with the stick – indeed especially with the stick.,am watching house very entertaining am getting whole hugh laurie thing even stick indeed especially stick
ham,Thought praps you meant another one. Goodo! I'll look tomorrow ,thought praps you meant another one goodo i ll look tomorrow
ham,"Hi Jon, Pete here, Ive bin 2 Spain recently & hav sum dinero left, Bill said u or ur rents mayb interested in it, I hav 12,000pes, so around £48, tb, James.",hi jon pete here ive bin number spain recently hav sum dinero left bill said u ur rents mayb interested it i hav number pes so around number tb james
ham,There bold 2  &lt;#&gt; . Is that yours,there bold number lt gt that yours
ham,You know there is. I shall speak to you in  &lt;#&gt;  minutes then,you know there i shall speak you lt gt minutes then
ham,ALRITE HUNNY!WOT U UP 2 2NITE? DIDNT END UP GOIN DOWN TOWN JUS DA PUB INSTEAD! JUS CHILLIN AT DA MO IN ME BEDROOM!LOVE JEN XXX.,alrite hunny wot u up number nite didnt end up goin down town jus da pub instead jus chillin da mo me bedroom love jen xxx
ham,I went to project centre,i went project centre
ham,As per your request 'Maangalyam (Alaipayuthe)' has been set as your callertune for all Callers. Press *9 to copy your friends Callertune,as per your request maangalyam alaipayuthe has been set as your callertune all callers press number copy your friends callertune
ham,Lol yeah at this point I guess not,lol yeah this point i guess not
ham,Doing project w frens lor. ,doing project w frens lor
ham,Lol. Well quality aint bad at all so i aint complaining,lol well quality aint bad all so i aint complaining
ham,"K, can that happen tonight?",k can that happen tonight
spam,"Hi, this is Mandy Sullivan calling from HOTMIX FM...you are chosen to receive £5000.00 in our Easter Prize draw.....Please telephone 09041940223 to claim before 29/03/05 or your prize will be transferred to someone else....",hi this mandy sullivan calling from hotmix fm you chosen receive number number our easter prize draw please telephone number claim before number number number your prize will be transferred someone else
ham,"I think we're going to finn's now, come",i think we re going finn s now come
ham,Why tired what special there you had,why tired what special there you had
ham,I will come tomorrow di,i will come tomorrow di
ham,I cant pick the phone right now. Pls send a message,i cant pick phone right now pls send message
ham,K go and sleep well. Take rest:-).,k go sleep well take rest
ham,U guys never invite me anywhere :(,u guys never invite me anywhere
spam,UR GOING 2 BAHAMAS! CallFREEFONE 08081560665 and speak to a live operator to claim either Bahamas cruise of£2000 CASH 18+only. To opt out txt X to 07786200117,ur going number bahamas callfreefone number speak live operator claim either bahamas cruise number cash number only opt out txt x number
ham,I can do that! I want to please you both inside and outside the bedroom...,i can do that i want please you both inside outside bedroom
ham,EY! CALM DOWNON THEACUSATIONS.. ITXT U COS IWANA KNOW WOTU R DOIN AT THEW/END... HAVENTCN U IN AGES..RING ME IF UR UP4 NETHING SAT.LOVE J XXX.,ey calm downon theacusations itxt u cos iwana know wotu r doin thew end haventcn u ages ring me if ur up nething sat love j xxx
ham,I love to wine and dine my lady!,i love wine dine my lady
spam,Someone has conacted our dating service and entered your phone because they fancy you!To find out who it is call from landline 09111030116. PoBox12n146tf15,someone has conacted our dating service entered your phone because they fancy you find out who it call from landline number pobox n tf
ham,"Im cool ta luv but v.tired 2 cause i have been doin loads of planning all wk, we have got our social services inspection at the nursery! Take care & spk sn x.",i m cool ta luv but v tired number cause i have been doin loads planning all wk we have got our social services inspection nursery take care spk sn x
ham,I don know account details..i will ask my mom and send you.my mom is out of reach now.,i don know account details i will ask my mom send you my mom out reach now
ham,I think u have the wrong number.,i think u have wrong number
ham,Feel Yourself That You Are Always Happy.. Slowly It Becomes Your Habit &amp; Finally It Becomes Part Of Your Life.. Follow It.. Happy Morning &amp; Have A Happy Day:),feel yourself that you always happy slowly it becomes your habit amp finally it becomes part your life follow it happy morning amp have happy day
ham,DO NOT B LATE LOVE MUM,do not b late love mum
ham,Got it..mail panren paru..,got it mail panren paru
ham,* Was thinking about chuckin ur red green n black trainners 2 save carryin them bac on train,was thinking about chuckin ur red green n black trainners number save carryin them bac train
ham,Give one miss from that number please,give one miss from that number please
ham,Jus came back fr lunch wif my sis only. U leh?,jus came back fr lunch wif my sis only u leh
ham,How is your schedule next week? I am out of town this weekend.,how your schedule next week i am out town this weekend
ham,Really good:)dhanush rocks once again:),really good dhanush rocks once again
ham,Lmao ok I wont be needing u to do my hair anymore.,lmao ok i wont be needing u do my hair anymore
ham,"Miss ya, need ya, want ya, love ya.",miss ya need ya want ya love ya
ham,Sorry i'm not free...,sorry i m not free
ham,Do u ever get a song stuck in your head for no reason and it won't go away til u listen to it like 5 times?,do u ever get song stuck your head no reason it won t go away til u listen it like number times
ham,Nt yet chikku..simple habba..hw abt u?,nt yet chikku simple habba hw abt u
ham,"Got ur mail Dileep.thank you so muchand look forward to lots of support...very less contacts here,remember one venugopal you mentioned.tomorrow if not late,i shall try to come up till there.goodnight dear.",got ur mail dileep thank you so muchand look forward lots support very less contacts here remember one venugopal you mentioned tomorrow if not late i shall try come up till there goodnight dear
ham,Sometimes Heart Remembrs someone Very much... Forgets someone soon... Bcoz Heart will not like everyone. But liked ones will be Remembered Everytime... BSLVYL,sometimes heart remembrs someone very much forgets someone soon bcoz heart will not like everyone but liked ones will be remembered everytime bslvyl
ham,Joy's father is John. Then John is the NAME of Joy's father. Mandan,joy s father john then john name joy s father mandan
spam,Hi 07734396839 IBH Customer Loyalty Offer: The NEW NOKIA6600 Mobile from ONLY £10 at TXTAUCTION!Txt word:START to No:81151 & get Yours Now!4T&,hi number ibh customer loyalty offer new nokia mobile from only number txtauction txt word start no number get yours now t
ham,Hi this is yijue... It's regarding the 3230 textbook it's intro to algorithms second edition... I'm selling it for $50...,hi this yijue it s regarding number textbook it s intro algorithms second edition i m selling it number
spam,SMS AUCTION You have won a Nokia 7250i. This is what you get when you win our FREE auction. To take part send Nokia to 86021 now. HG/Suite342/2Lands Row/W1JHL 16+,sms auction you have won nokia i this what you get when you win our free auction take part send nokia number now hg suite lands row w jhl number
ham,"K, want us to come by now?",k want us come by now
ham,How. Its a little difficult but its a simple way to enter this place,how its little difficult but its simple way enter this place
ham,Ha... Both of us doing e same thing. But i got tv 2 watch. U can thk of where 2 go tonight or u already haf smth in mind...,ha both us doing e same thing but i got tv number watch u can thk where number go tonight u already haf smth mind
ham,Dont show yourself. How far. Put new pictures up on facebook.,dont show yourself how far put new pictures up facebook
ham,Watching tv now. I got new job :),watching tv now i got new job
ham,"Good afternoon sexy buns! How goes the job search ? I wake and you are my first thought as always, my love. I wish your fine and happy and know I adore you!",good afternoon sexy buns how goes job search i wake you my first thought as always my love i wish your fine happy know i adore you
ham,"I'm not coming over, do whatever you want",i m not coming over do whatever you want
ham,"Its ok chikku, and its my 1 of favourite song..:-)",its ok chikku its my number favourite song
ham,Did u see what I posted on your Facebook?,did u see what i posted your facebook
spam,Call FREEPHONE 0800 542 0578 now!,call freephone number number number now
spam,Buy Space Invaders 4 a chance 2 win orig Arcade Game console. Press 0 for Games Arcade (std WAP charge) See o2.co.uk/games 4 Terms + settings. No purchase,buy space invaders number chance number win orig arcade game console press number games arcade std wap charge see o co uk games number terms settings no purchase
ham,"7 wonders in My WORLD 7th You 6th Ur style 5th Ur smile 4th Ur Personality 3rd Ur Nature 2nd Ur SMS and 1st ""Ur Lovely Friendship""... good morning dear",number wonders my world th you th ur style th ur smile th ur personality rd ur nature nd ur sms st ur lovely friendship good morning dear
spam,"Loan for any purpose £500 - £75,000. Homeowners + Tenants welcome. Have you been previously refused? We can still help. Call Free 0800 1956669 or text back 'help'",loan any purpose number number number homeowners tenants welcome have you been previously refused we can still help call free number number text back help
spam,BIG BROTHER ALERT! The computer has selected u for 10k cash or #150 voucher. Call 09064018838. NTT PO Box CRO1327 18+ BT Landline Cost 150ppm mobiles vary,big brother alert computer has selected u k cash number voucher call number ntt po box cro number bt landline cost ppm mobiles vary
ham,";-( oh well, c u later",oh well c u later
ham,My uncles in Atlanta. Wish you guys a great semester.,my uncles atlanta wish you guys great semester
ham,No dear i do have free messages without any recharge. Hi hi hi,no dear i do have free messages without any recharge hi hi hi
ham,"Dont search love, let love find U. Thats why its called falling in love, bcoz U dont force yourself, U just fall and U know there is smeone to hold U... BSLVYL",dont search love let love find u thats why its called falling love bcoz u dont force yourself u just fall u know there smeone hold u bslvyl
ham,I dun believe u. I thk u told him.,i dun believe u i thk u told him
ham,"Do you know why god created gap between your fingers..? So that, One who is made for you comes &amp; fills those gaps by holding your hand with LOVE..!",do you know why god created gap between your fingers so that one who made you comes amp fills those gaps by holding your hand love
ham,Yes:)sura in sun tv.:)lol.,yes sura sun tv lol
ham,Arun can u transfr me d amt,arun can u transfr me d amt
ham,Takin a shower now but yeah I'll leave when I'm done,takin shower now but yeah i ll leave when i m done
ham,Am not working but am up to eyes in philosophy so will text u later when a bit more free for chat...,am not working but am up eyes philosophy so will text u later when bit more free chat
ham,U havent lost me ill always b here 4u.i didnt intend 2 hurt u but I never knew how u felt about me when Iwas+marine&thats what itried2tell urmom.i careabout u,u haven t lost me ill always b here u i didn t intend number hurt u but i never knew how u felt about me when iwas marine that s what itried tell urmom i careabout u
spam,"WIN: We have a winner! Mr. T. Foley won an iPod! More exciting prizes soon, so keep an eye on ur mobile or visit www.win-82050.co.uk",win we have winner mr t foley won ipod more exciting prizes soon so keep eye ur mobile visit url
ham,You bad girl. I can still remember them,you bad girl i can still remember them
ham,How much i gave to you. Morning.,how much i gave you morning
ham,"I hope your alright babe? I worry that you might have felt a bit desparate when you learned the job was a fake ? I am here waiting when you come back, my love",i hope your alright babe i worry that you might have felt bit desparate when you learned job was fake i am here waiting when you come back my love
ham,"Hey, can you tell me blake's address? Carlos wanted me to meet him there but I got lost and he's not answering his phone",hey can you tell me blake s address carlos wanted me meet him there but i got lost he s not answering his phone
ham,Can i get your opinion on something first?,can i get your opinion something first
ham,That one week leave i put know that time. Why.,that one week leave i put know that time why
ham,"If we hit it off, you can move in with me :)",if we hit it off you can move me
ham,excellent. I spent  &lt;#&gt;  years in the Air Force. Iraq and afghanistan. I am stable and honest. do you like traveling?,excellent i spent lt gt years air force iraq afghanistan i am stable honest do you like traveling
ham,I wanna watch that movie,i wanna watch that movie
ham,Ok lor thanx... Ü in school?,ok lor thanx school
ham,I'm in class. Did you get my text.,i m class did you get my text
ham,The bus leaves at  &lt;#&gt; ,bus leaves lt gt
ham,God bless.get good sleep my dear...i will pray!,god bless get good sleep my dear i will pray
spam,Todays Voda numbers ending 1225 are selected to receive a £50award. If you have a match please call 08712300220 quoting claim code 3100 standard rates app ,todays voda numbers ending number selected receive award if you have match please call number quoting claim code number standard rates app
ham,Do have a nice day today. I love you so dearly.,do have nice day today i love you so dearly
ham,Aiyo a bit pai seh ü noe... Scared he dun rem who i am then die... Hee... But he become better lookin oredi leh...,aiyo bit pai seh noe scared he dun rem who i am then die hee but he become better lookin oredi leh
ham,"Aight, I'll ask a few of my roommates",aight i ll ask few my roommates
ham,"Now, whats your house # again ? And do you have any beer there ?",now whats your house again do you have any beer there
ham,Do ü all wan 2 meet up n combine all the parts? How's da rest of da project going?,do all wan number meet up n combine all parts how s da rest da project going
ham,Getting tickets 4 walsall tue 6 th march. My mate is getting me them on sat. ill pay my treat. Want 2 go. Txt bak .Terry,getting tickets number walsall tue number th march my mate getting me them sat ill pay my treat want number go txt bak terry
ham,Yes we are chatting too.,yes we chatting too
ham,HI ITS JESS I DONT KNOW IF YOU ARE AT WORK BUT CALL ME WHEN U CAN IM AT HOME ALL EVE. XXX,hi its jess i dont know if you work but call me when u can im home all eve xxx
ham,Sian... Aft meeting supervisor got work 2 do liao... U working now?,sian aft meeting supervisor got work number do liao u working now
ham,Are you going to write ccna exam this week??,you going write ccna exam this week
ham,Well i will watch shrek in 3D!!B),well i will watch shrek d b
ham,Am i that much dirty fellow?,am i that much dirty fellow
ham,Dunno dat's wat he told me. Ok lor...,dunno dat s wat he told me ok lor
ham,I'll probably be by tomorrow (or even later tonight if something's going on),i ll probably be by tomorrow even later tonight if something s going
ham,I couldn't say no as he is a dying man and I feel sad for him so I will go and I just wanted you to know I would probably be gone late into your night,i couldn t say no as he dying man i feel sad him so i will go i just wanted you know i would probably be gone late into your night
ham,If you're thinking of lifting me one then no.,if you re thinking lifting me one then no
ham,Same as u... Dun wan... Y u dun like me already ah... Wat u doing now? Still eating?,same as u dun wan y u dun like me already ah wat u doing now still eating
ham,Sent me ur email id soon,sent me ur email id soon
ham,Wat makes some people dearer is not just de happiness dat u feel when u meet them but de pain u feel when u miss dem!!!,wat makes some people dearer not just de happiness dat u feel when u meet them but de pain u feel when u miss dem
ham,"Dude. What's up. How Teresa. Hope you have been okay. When i didnt hear from these people, i called them and they had received the package since dec  &lt;#&gt; . Just thot you'ld like to know. Do have a fantastic year and all the best with your reading. Plus if you can really really Bam first aid for Usmle, then your work is done.",dude what s up how teresa hope you have been okay when i didnt hear from these people i called them they had received package since dec lt gt just thot you ld like know do have fantastic year all best your reading plus if you can really really bam first aid usmle then your work done
ham,Hey gorgeous man. My work mobile number is. Have a good one babe. Squishy Mwahs.,hey gorgeous man my work mobile number have good one babe squishy mwahs
ham,May i call You later Pls,may i call you later pls
spam,"Hottest pics straight to your phone!! See me getting Wet and Wanting, just for you xx Text PICS to 89555 now! txt costs 150p textoperator g696ga 18 XxX",hottest pics straight your phone see me getting wet wanting just you xx text pics number now txt costs p textoperator g ga number xxx
ham,That's the way you should stay oh.,that s way you should stay oh
ham,Hello- thanx for taking that call. I got a job! Starts on monday!,hello thanx taking that call i got job starts monday
ham,What time is ur flight tmr?,what time ur flight tmr
ham,When should I come over?,when should i come over
ham,I have a rather prominent bite mark on my right cheek,i have rather prominent bite mark my right cheek
ham,* Will be september by then!,will be september by then
ham,Are you wet right now?,you wet right now
ham,And how's your husband.,how s your husband
spam,"Hack Chat. Get backdoor entry into 121 chat rooms at a fraction of the cost. Reply NEO69 or call 09050280520, to subscribe 25p pm. DPS, Bcm box 8027 Ldn, wc1n3xx",hack chat get backdoor entry into number chat rooms fraction cost reply neo call number subscribe p pm dps bcm box number ldn wc n xx
ham,Are we doing the norm tomorrow? I finish just a 4.15 cos of st tests. Need to sort library stuff out at some point tomo - got letter from today - access til end march so i better get move on!,we doing norm tomorrow i finish just number number cos st tests need sort library stuff out some point tomo got letter from today access til end march so i better get move
ham,Yeah. I got a list with only u and Joanna if I'm feeling really anti social,yeah i got list only u joanna if i m feeling really anti social
ham,I am in your office na.,i am your office na
ham,Are you comingdown later?,you comingdown later
ham,Super da:)good replacement for murali,super da good replacement murali
ham,Da is good good player.why he is unsold.,da good good player why he unsold
ham,Hi. || Do u want | to join me with sts later? || Meeting them at five. || Call u after class.,hi do u want join me sts later meeting them five call u after class
ham,Its on in engalnd! But telly has decided it won't let me watch it and mia and elliot were kissing! Damn it!,its engalnd but telly has decided it won t let me watch it mia elliot were kissing damn it
spam,"FREE NOKIA Or Motorola with upto 12mths 1/2price linerental, 500 FREE x-net mins&100txt/mth FREE B'tooth*. Call Mobileupd8 on 08001950382 or call 2optout/D3WV",free nokia motorola upto mths number price linerental number free x net mins txt mth free b tooth call mobileupd number call optout d wv
ham,I dont want to hear philosophy. Just say what happen,i dont want hear philosophy just say what happen
ham,You got job in wipro:)you will get every thing in life in 2 or 3 years.,you got job wipro you will get every thing life number number years
ham,Then cant get da laptop? My matric card wif ü lei... ,then cant get da laptop my matric card wif lei
ham,Dunno da next show aft 6 is 850. Toa payoh got 650.,dunno da next show aft number number toa payoh got number
spam,"This is the 2nd time we have tried 2 contact u. U have won the 750 Pound prize. 2 claim is easy, call 08718726970 NOW! Only 10p per min. BT-national-rate ",this nd time we have tried number contact u u have won number pound prize number claim easy call number now only p per min bt national rate
ham,I just made some payments so dont have that much. Sorry. Would you want it fedex or the other way.,i just made some payments so dont have that much sorry would you want it fedex other way
ham,They did't play one day last year know even though they have very good team.. Like india.,they did t play one day last year know even though they have very good team like india
ham,K.:)you are the only girl waiting in reception ah?,k you only girl waiting reception ah
ham,"Say this slowly.? GOD,I LOVE YOU &amp; I NEED YOU,CLEAN MY HEART WITH YOUR BLOOD.Send this to Ten special people &amp; u c miracle tomorrow, do it,pls,pls do it...",say this slowly god i love you amp i need you clean my heart your blood send this ten special people amp u c miracle tomorrow do it pls pls do it
ham,I hate when she does this. She turns what should be a fun shopping trip into an annoying day of how everything would look in her house.,i hate when she does this she turns what should be fun shopping trip into annoying day how everything would look her house
ham,"Sir, i am waiting for your call.",sir i am waiting your call
ham,What's up. Do you want me to come online?,what s up do you want me come online
ham,"It could work, we'll reach a consensus at the next meeting",it could work we ll reach consensus next meeting
ham,Aiyah then i wait lor. Then u entertain me. Hee...,aiyah then i wait lor then u entertain me hee
ham,"The last thing i ever wanted to do was hurt you. And i didn't think it would have. You'd laugh, be embarassed, delete the tag and keep going. But as far as i knew, it wasn't even up. The fact that you even felt like i would do it to hurt you shows you really don't know me at all. It was messy wednesday, but it wasn't bad. The problem i have with it is you HAVE the time to clean it, but you choose not to. You skype, you take pictures, you sleep, you want to go out. I don't mind a few things here and there, but when you don't make the bed, when you throw laundry on top of it, when i can't have a friend in the house because i'm embarassed that there's underwear and bras strewn on the bed, pillows on the floor, that's something else. You used to be good about at least making the bed.",last thing i ever wanted do was hurt you i didn t think it would have you d laugh be embarassed delete tag keep going but as far as i knew it wasn t even up fact that you even felt like i would do it hurt you shows you really don t know me all it was messy wednesday but it wasn t bad problem i have it you have time clean it but you choose not you skype you take pictures you sleep you want go out i don t mind few things here there but when you don t make bed when you throw laundry top it when i can t have friend house because i m embarassed that there s underwear bras strewn bed pillows floor that s something else you used be good about least making bed
ham,I'll let you know when it kicks in,i ll let you know when it kicks
ham,You call him now ok i said call him,you call him now ok i said call him
ham,Call to the number which is available in appointment. And ask to connect the call to waheed fathima.,call number which available appointment ask connect call waheed fathima
ham,Or ü go buy wif him then i meet ü later can?,go buy wif him then i meet later can
ham,Mmmm ... Fuck ... Not fair ! You know my weaknesses ! *grins* *pushes you to your knee's* *exposes my belly and pulls your head to it* Don't forget ... I know yours too *wicked smile*,mmmm fuck not fair you know my weaknesses grins pushes you your knee s exposes my belly pulls your head it don t forget i know yours too wicked smile
ham,Today my system sh get ready.all is well and i am also in the deep well,today my system sh get ready all well i am also deep well
ham,Mom wants to know where you at,mom wants know where you
ham,"Aight, I'll text you when I'm back",aight i ll text you when i m back
ham,Dont know supports ass and srt i thnk. I think ps3 can play through usb too,dont know supports ass srt i thnk i think ps can play through usb too
ham,Oh ok i didnt know what you meant. Yep i am baby jontin,oh ok i didnt know what you meant yep i am baby jontin
spam,You have WON a guaranteed £1000 cash or a £2000 prize.To claim yr prize call our customer service representative on,you have won guaranteed number cash number prize claim yr prize call our customer service representative
spam,Would you like to see my XXX pics they are so hot they were nearly banned in the uk!,would you like see my xxx pics they so hot they were nearly banned uk
spam,HMV BONUS SPECIAL 500 pounds of genuine HMV vouchers to be won. Just answer 4 easy questions. Play Now! Send HMV to 86688 More info:www.100percent-real.com,hmv bonus special number pounds genuine hmv vouchers be won just answer number easy questions play now send hmv number more info url
ham,Watching tv now. I got new job :),watching tv now i got new job
ham,This pen thing is beyond a joke. Wont a Biro do? Don't do a masters as can't do this ever again! ,this pen thing beyond joke wont biro do don t do masters as can t do this ever again
ham,I AM AT A PARTY WITH ALEX NICHOLS,i am party alex nichols
spam,U have a secret admirer who is looking 2 make contact with U-find out who they R*reveal who thinks UR so special-call on 09058094594,u have secret admirer who looking number make contact u find out who they r reveal who thinks ur so special call number
ham,Just seeing your missed call my dear brother. Do have a gr8 day.,just seeing your missed call my dear brother do have gr day
ham,Ok.. Ü finishing soon?,ok finishing soon
ham,"Sorry, I can't help you on this.",sorry i can t help you this
ham,"Come to me, slave. Your doing it again ... Going into your shell and unconsciously avoiding me ... You are making me unhappy :-(",come me slave your doing it again going into your shell unconsciously avoiding me you making me unhappy
ham,I love your ass! Do you enjoy doggy style? :),i love your ass do you enjoy doggy style
ham,I think asking for a gym is the excuse for lazy people. I jog.,i think asking gym excuse lazy people i jog
spam,Dear 0776xxxxxxx U've been invited to XCHAT. This is our final attempt to contact u! Txt CHAT to 86688 150p/MsgrcvdHG/Suite342/2Lands/Row/W1J6HL LDN 18yrs ,dear xxxxxxx u ve been invited xchat this our final attempt contact u txt chat number p msgrcvdhg suite lands row w j hl ldn yrs
spam,Urgent! Please call 09061743811 from landline. Your ABTA complimentary 4* Tenerife Holiday or £5000 cash await collection SAE T&Cs Box 326 CW25WX 150ppm,urgent please call number from landline your abta complimentary number tenerife holiday number cash await collection sae t cs box number cw wx ppm
ham,No. On the way home. So if not for the long dry spell the season would have been over,no way home so if not long dry spell season would have been over
ham,I gotta collect da car at 6 lei.,i gotta collect da car number lei
ham,Ok but knackered. Just came home and went to sleep! Not good at this full time work lark.,ok but knackered just came home went sleep not good this full time work lark
ham,Probably earlier than that if the station's where I think it is,probably earlier than that if station s where i think it
spam,CALL 09090900040 & LISTEN TO EXTREME DIRTY LIVE CHAT GOING ON IN THE OFFICE RIGHT NOW TOTAL PRIVACY NO ONE KNOWS YOUR [sic] LISTENING 60P MIN 24/7MP 0870753331018+,call number listen extreme dirty live chat going office right now total privacy no one knows your sic listening p min number mp number
ham,Good Morning plz call me sir,good morning plz call me sir
spam,"FreeMsg Hey U, i just got 1 of these video/pic fones, reply WILD to this txt & ill send U my pics, hurry up Im so bored at work xxx (18 150p/rcvd STOP2stop)",freemsg hey u i just got number these video pic fones reply wild this txt ill send u my pics hurry up im so bored work xxx number p rcvd stop stop
ham,"Uh, heads up we don't have THAT much left",uh heads up we don t have that much left
ham,I tot u outside cos darren say u come shopping. Of course we nice wat. We jus went sim lim look at mp3 player.,i tot u outside cos darren say u come shopping course we nice wat we jus went sim lim look mp player
ham,"Aight, sounds good. When do you want me to come down?",aight sounds good when do you want me come down
ham,Wat would u like 4 ur birthday?,wat would u like number ur birthday
ham,I love working from home :),i love working from home
ham,And miss vday the parachute and double coins??? U must not know me very well...,miss vday parachute double coins u must not know me very well
ham,"Sorry, I'll call later",sorry i ll call later
ham,My sister got placed in birla soft da:-),my sister got placed birla soft da
spam,Free entry in 2 a weekly comp for a chance to win an ipod. Txt POD to 80182 to get entry (std txt rate) T&C's apply 08452810073 for details 18+,free entry number weekly comp chance win ipod txt pod number get entry std txt rate t c s apply number details number
ham,Wah... Okie okie... Muz make use of e unlimited... Haha... ,wah okie okie muz make use e unlimited haha
ham,"There're some people by mu, I'm at the table by lambda",there re some people by mu i m table by lambda
ham,And stop being an old man. You get to build snowman snow angels and snowball fights.,stop being old man you get build snowman snow angels snowball fights
ham,ELLO BABE U OK?,ello babe u ok
ham,Hello beautiful r u ok? I've kinda ad a row wiv and he walked out the pub?? I wanted a night wiv u Miss u ,hello beautiful r u ok i ve kinda ad row wiv he walked out pub i wanted night wiv u miss u
ham,Then u going ikea str aft dat?,then u going ikea str aft dat
ham,Becoz its  &lt;#&gt;  jan whn al the post ofice is in holiday so she cn go fr the post ofice...got it duffer,becoz its lt gt jan whn al post ofice holiday so she cn go fr post ofice got it duffer
ham,Lol grr my mom is taking forever with my prescription. Pharmacy is like 2 minutes away. Ugh.,lol grr my mom taking forever my prescription pharmacy like number minutes away ugh
ham,For real tho this sucks. I can't even cook my whole electricity is out. And I'm hungry.,real tho this sucks i can t even cook my whole electricity out i m hungry
ham,You want to go? ,you want go
spam,New TEXTBUDDY Chat 2 horny guys in ur area 4 just 25p Free 2 receive Search postcode or at gaytextbuddy.com. TXT ONE name to 89693. 08715500022 rpl Stop 2 cnl,new textbuddy chat number horny guys ur area number just p free number receive search postcode gaytextbuddy com txt one name number number rpl stop number cnl
ham,Its not that time of the month nor mid of the time?,its not that time month nor mid time
ham,Fffff. Can you text kadeem or are you too far gone,fffff can you text kadeem you too far gone
ham,We not leaving yet. Ok lor then we go elsewhere n eat. U thk...,we not leaving yet ok lor then we go elsewhere n eat u thk
ham,Is fujitsu s series lifebook good?,fujitsu s series lifebook good
ham,Yar i wanted 2 scold u yest but late already... I where got zhong se qing you? If u ask me b4 he ask me then i'll go out w u all lor. N u still can act so real.,yar i wanted number scold u yest but late already i where got zhong se qing you if u ask me b he ask me then i ll go out w u all lor n u still can act so real
ham,Dont know you bring some food,dont know you bring some food
ham,No current and food here. I am alone also,no current food here i am alone also
ham,I'll be in sch fr 4-6... I dun haf da book in sch... It's at home...,i ll be sch fr number number i dun haf da book sch it s home
ham,Hello. They are going to the village pub at 8 so either come here or there accordingly. Ok?,hello they going village pub number so either come here there accordingly ok
ham,Ok,ok
ham,We don call like  &lt;#&gt;  times oh. No give us hypertension oh.,we don call like lt gt times oh no give us hypertension oh
ham,"Dont give a monkeys wot they think and i certainly don't mind. Any friend of mine&all that! Just don't sleep wiv , that wud be annoyin!",dont give monkeys wot they think i certainly don t mind any friend mine all that just don t sleep wiv that wud be annoyin
ham,Omg it could snow here tonite!,omg it could snow here tonite
spam,Call from 08702490080 - tells u 2 call 09066358152 to claim £5000 prize. U have 2 enter all ur mobile & personal details @ the prompts. Careful!,call from number tells u number call number claim number prize u have number enter all ur mobile personal details prompts careful
spam,Free 1st week entry 2 TEXTPOD 4 a chance 2 win 40GB iPod or £250 cash every wk. Txt VPOD to 81303 Ts&Cs www.textpod.net custcare 08712405020.,free st week entry number textpod number chance number win gb ipod number cash every wk txt vpod number ts cs url custcare number
ham,Carry on not disturbing both of you,carry not disturbing both you
ham,What pa tell me.. I went to bath:-),what pa tell me i went bath
ham,Jus finished avatar nigro,jus finished avatar nigro
ham,R u over scratching it?,r u over scratching it
ham,Hope you are having a great day.,hope you having great day
ham,Did either of you have any idea's? Do you know of anyplaces doing something?,did either you have any idea s do you know anyplaces doing something
ham,"My planning usually stops at ""find hella weed, smoke hella weed""",my planning usually stops find hella weed smoke hella weed
ham,"The fact that you're cleaning shows you know why i'm upset. Your priority is constantly ""what i want to do,"" not ""what i need to do.""",fact that you re cleaning shows you know why i m upset your priority constantly what i want do not what i need do
ham,Excellent! Are you ready to moan and scream in ecstasy?,excellent you ready moan scream ecstasy
spam,More people are dogging in your area now. Call 09090204448 and join like minded guys. Why not arrange 1 yourself. There's 1 this evening. A£1.50 minAPN LS278BB,more people dogging your area now call number join like minded guys why not arrange number yourself there s number this evening number number minapn ls bb
ham,Dude avatar 3d was imp. At one point i thought there were actually flies in the room and almost tried hittng one as a reflex,dude avatar d was imp one point i thought there were actually flies room almost tried hittng one as reflex
spam,"WELL DONE! Your 4* Costa Del Sol Holiday or £5000 await collection. Call 09050090044 Now toClaim. SAE, TCs, POBox334, Stockport, SK38xh, Cost£1.50/pm, Max10mins",well done your number costa del sol holiday number await collection call number now toclaim sae tcs pobox stockport sk xh cost number number pm max mins
ham,K...k:)why cant you come here and search job:),k k why cant you come here search job
ham,I got lousy sleep. I kept waking up every 2 hours to see if my cat wanted to come in. I worry about him when its cold :(,i got lousy sleep i kept waking up every number hours see if my cat wanted come i worry about him when its cold
ham,"Yeah, I'll leave in a couple minutes &amp; let you know when I get to mu",yeah i ll leave couple minutes amp let you know when i get mu
ham,Can ü call me at 10:10 to make sure dat i've woken up...,can call me number number make sure dat i ve woken up
ham,Hey we can go jazz power yoga hip hop kb and yogasana ,hey we can go jazz power yoga hip hop kb yogasana
ham,The battery is for mr adewale my uncle. Aka Egbon,battery mr adewale my uncle aka egbon
ham,I cant pick the phone right now. Pls send a message,i cant pick phone right now pls send message
ham,Wait 2 min..stand at bus stop,wait number min stand bus stop
ham,Oh ic. I thought you meant mary jane.,oh ic i thought you meant mary jane
ham,Haha... Really oh no... How? Then will they deduct your lesson tmr?,haha really oh no how then will they deduct your lesson tmr
ham,Nah im goin 2 the wrks with j wot bout u?,nah im goin number wrks j wot bout u
ham,Then just eat a shit and wait for ur monkey face bitch.......... U asshole..................,then just eat shit wait ur monkey face bitch u asshole
ham,Good night. Am going to sleep.,good night am going sleep
ham,"Aight I'll grab something to eat too, text me when you're back at mu",aight i ll grab something eat too text me when you re back mu
ham,K...k:)why cant you come here and search job:),k k why cant you come here search job
ham,Take something for pain. If it moves however to any side in the next 6hrs see a doctor.,take something pain if it moves however any side next hrs see doctor
ham,"Lol ... Oh no babe, I wont be sliding into your place after midnight, but thanks for the invite",lol oh no babe i wont be sliding into your place after midnight but thanks invite
ham,Howz that persons story,howz that persons story
spam,Guess what! Somebody you know secretly fancies you! Wanna find out who it is? Give us a call on 09065394973 from Landline DATEBox1282EssexCM61XN 150p/min 18,guess what somebody you know secretly fancies you wanna find out who it give us call number from landline datebox essexcm xn p min number
ham,LOL that would be awesome payback.,lol that would be awesome payback
spam,it to 80488. Your 500 free text messages are valid until 31 December 2005.,it number your number free text messages valid until number december number
ham,Yes :)it completely in out of form:)clark also utter waste.,yes it completely out form clark also utter waste
ham,"Honeybee Said: *I'm d Sweetest in d World* God Laughed &amp; Said: *Wait,U Havnt Met d Person Reading This Msg* MORAL: Even GOD Can Crack Jokes! GM+GN+GE+GN:)",honeybee said i m d sweetest d world god laughed amp said wait u havnt met d person reading this msg moral even god can crack jokes gm gn ge gn
ham,Thanks. It was only from tescos but quite nice. All gone now. Speak soon ,thanks it was only from tescos but quite nice all gone now speak soon
ham,What's a feathery bowa? Is that something guys have that I don't know about?,what s feathery bowa that something guys have that i don t know about
ham,Even i cant close my eyes you are in me our vava playing umma :-D,even i cant close my eyes you me our vava playing umma d
ham,2 laptop... I noe infra but too slow lar... I wan fast one,number laptop i noe infra but too slow lar i wan fast one
spam,You have won a guaranteed £200 award or even £1000 cashto claim UR award call free on 08000407165 (18+) 2 stop getstop on 88222 PHP,you have won guaranteed number award even number cashto claim ur award call free number number number stop getstop number php
ham,Nvm it's ok...,nvm it s ok
ham,Enjoy ur life. . Good night,enjoy ur life good night
ham,Yes but can we meet in town cos will go to gep and then home. You could text at bus stop. And don't worry we'll have finished by march … ish!,yes but can we meet town cos will go gep then home you could text bus stop don t worry we ll have finished by march ish
ham,I had askd u a question some hours before. Its answer,i had askd u question some hours before its answer
ham,Thats cool. Where should i cum? On you or in you? :),thats cool where should i cum you you
ham,Delhi and chennai still silent.,delhi chennai still silent
ham,Lol alright i was thinkin that too haha,lol alright i was thinkin that too haha
spam,Reply to win £100 weekly! Where will the 2006 FIFA World Cup be held? Send STOP to 87239 to end service,reply win number weekly where will number fifa world cup be held send stop number end service
ham,No I'm in the same boat. Still here at my moms. Check me out on yo. I'm half naked.,no i m same boat still here my moms check me out yo i m half naked
ham,Shhhhh nobody is supposed to know!,shhhhh nobody supposed know
ham,"Sorry, I'll call later",sorry i ll call later
ham,"Sorry, I'll call later in meeting any thing related to trade please call Arul. &lt;#&gt; ",sorry i ll call later meeting any thing related trade please call arul lt gt
ham,Hey i will be late... i'm at amk. Need to drink tea or coffee,hey i will be late i m amk need drink tea coffee
ham,I wnt to buy a BMW car urgently..its vry urgent.but hv a shortage of  &lt;#&gt; Lacs.there is no source to arng dis amt. &lt;#&gt; lacs..thats my prob,i wnt buy bmw car urgently its vry urgent but hv shortage lt gt lacs there no source arng dis amt lt gt lacs thats my prob
spam,Urgent! Please call 09061743810 from landline. Your ABTA complimentary 4* Tenerife Holiday or #5000 cash await collection SAE T&Cs Box 326 CW25WX 150 ppm,urgent please call number from landline your abta complimentary number tenerife holiday number cash await collection sae t cs box number cw wx number ppm
ham,The length is e same but e top shorter n i got a fringe now. I thk i'm not going liao. Too lazy. Dun wan 2 distract u also.,length e same but e top shorter n i got fringe now i thk i m not going liao too lazy dun wan number distract u also
ham,S..antha num corrct dane,s antha num corrct dane
ham,No calls..messages..missed calls,no calls messages missed calls
ham,"Sorry, I'll call later",sorry i ll call later
ham,The basket's gettin full so I might be by tonight,basket s gettin full so i might be by tonight
ham,HI DARLIN IVE JUST GOT BACK AND I HAD A REALLY NICE NIGHT AND THANKS SO MUCH FOR THE LIFT SEE U TOMORROW XXX,hi darlin ive just got back i had really nice night thanks so much lift see u tomorrow xxx
ham,No other Valentines huh? The proof is on your fb page. Ugh I'm so glad I really DIDN'T watch your rupaul show you TOOL!,no other valentines huh proof your fb page ugh i m so glad i really didn t watch your rupaul show you tool
spam,Free tones Hope you enjoyed your new content. text stop to 61610 to unsubscribe. help:08712400602450p Provided by tones2you.co.uk,free tones hope you enjoyed your new content text stop number unsubscribe help p provided by tones you co uk
ham,Eh den sat u book e kb liao huh...,eh den sat u book e kb liao huh
ham,Have you been practising your curtsey?,have you been practising your curtsey
ham,Shall i come to get pickle,shall i come get pickle
ham,Lol boo I was hoping for a laugh,lol boo i was hoping laugh
ham,"YEH I AM DEF UP4 SOMETHING SAT,JUST GOT PAYED2DAY & I HAVBEEN GIVEN A£50 PAY RISE 4MY WORK & HAVEBEEN MADE PRESCHOOLCO-ORDINATOR 2I AM FEELINGOOD LUV",yeh i am def up something sat just got payed day i havbeen given number pay rise my work havebeen made preschoolco ordinator i am feelingood luv
ham,"Well, I have to leave for my class babe ... You never came back to me ... :-( ... Hope you have a nice sleep, my love",well i have leave my class babe you never came back me hope you have nice sleep my love
ham,LMAO where's your fish memory when I need it?,lmao where s your fish memory when i need it
ham,But i'll b going 2 sch on mon. My sis need 2 take smth.,but i ll b going number sch mon my sis need number take smth
ham,Idea will soon get converted to live:),idea will soon get converted live
spam,TheMob>Yo yo yo-Here comes a new selection of hot downloads for our members to get for FREE! Just click & open the next link sent to ur fone...,themob yo yo yo here comes new selection hot downloads our members get free just click open next link sent ur fone
ham,S....s...india going to draw the series after many years in south african soil..,s s india going draw series after many years south african soil
ham,"Goodmorning, today i am late for  &lt;DECIMAL&gt; min.",goodmorning today i am late lt decimal gt min
ham,Can't take any major roles in community outreach. You rock mel,can t take any major roles community outreach you rock mel
ham,Shopping lor. Them raining mah hard 2 leave orchard.,shopping lor them raining mah hard number leave orchard
ham,Hi here. have birth at on the  to  at 8lb 7oz. Mother and baby doing brilliantly.,hi here have birth lb oz mother baby doing brilliantly
ham,See the forwarding message for proof,see forwarding message proof
ham,"I can't keep going through this. It was never my intention to run you out, but if you choose to do that rather than keep the room clean so *I* don't have to say no to visitors, then maybe that's the best choice. Yes, I wanted you to be embarassed, so maybe you'd feel for once how I feel when i have a friend who wants to drop buy and i have to say no, as happened this morning. I've tried everything. I don't know what else to do.",i can t keep going through this it was never my intention run you out but if you choose do that rather than keep room clean so i don t have say no visitors then maybe that s best choice yes i wanted you be embarassed so maybe you d feel once how i feel when i have friend who wants drop buy i have say no as happened this morning i ve tried everything i don t know what else do
ham,Dunno lei... I thk mum lazy to go out... I neva ask her yet...,dunno lei i thk mum lazy go out i neva ask her yet
ham,"Do whatever you want. You know what the rules are. We had a talk earlier this week about what had to start happening, you showing responsibility. Yet, every week it's can i bend the rule this way? What about that way? Do whatever. I'm tired of having thia same argument with you every week. And a  &lt;#&gt;  movie DOESNT inlude the previews. You're still getting in after 1.",do whatever you want you know what rules we had talk earlier this week about what had start happening you showing responsibility yet every week it s can i bend rule this way what about that way do whatever i m tired having thia same argument you every week lt gt movie doesnt inlude previews you re still getting after number
ham,"Beautiful Truth against Gravity.. Read carefully: ""Our heart feels light when someone is in it.. But it feels very heavy when someone leaves it.."" GOODMORNING",beautiful truth against gravity read carefully our heart feels light when someone it but it feels very heavy when someone leaves it goodmorning
spam,Great News! Call FREEFONE 08006344447 to claim your guaranteed £1000 CASH or £2000 gift. Speak to a live operator NOW!,great news call freefone number claim your guaranteed number cash number gift speak live operator now
ham,Ambrith..madurai..met u in arun dha marrge..remembr?,ambrith madurai met u arun dha marrge remembr
ham,Just re read it and I have no shame but tell me how he takes it and if he runs I will blame u 4 ever!! Not really 4 ever just a long time ,just re read it i have no shame but tell me how he takes it if he runs i will blame u number ever not really number ever just long time
ham,"Princess, is your kitty shaved or natural?",princess your kitty shaved natural
ham,"Better than bb. If he wont use it, his wife will or them doctor",better than bb if he wont use it his wife will them doctor
ham,Ya it came a while ago,ya it came while ago
ham,From tomorrow onwards eve 6 to 3 work.,from tomorrow onwards eve number number work
ham,Anything lor but toa payoh got place 2 walk meh...,anything lor but toa payoh got place number walk meh
ham,"I don't have anybody's number, I still haven't thought up a tactful way to ask alex",i don t have anybody s number i still haven t thought up tactful way ask alex
spam,"U can WIN £100 of Music Gift Vouchers every week starting NOW Txt the word DRAW to 87066 TsCs www.ldew.com SkillGame,1Winaweek, age16.150ppermessSubscription",u can win number music gift vouchers every week starting now txt word draw number tscs url skillgame winaweek age ppermesssubscription
ham,Is there any movie theatre i can go to and watch unlimited movies and just pay once?,there any movie theatre i can go watch unlimited movies just pay once
ham,U having lunch alone? I now so bored...,u having lunch alone i now so bored
ham,"Yes obviously, but you are the eggs-pert and the potato head… Speak soon! ",yes obviously but you eggs pert potato head speak soon
ham,"Nah man, my car is meant to be crammed full of people",nah man my car meant be crammed full people
ham,No got new job at bar in airport on satsgettin 4.47per hour but means no lie in! keep in touch,no got new job bar airport satsgettin number per hour but means no lie keep touch
ham,Kallis is ready for bat in 2nd innings,kallis ready bat nd innings
ham,Thanx but my birthday is over already.,thanx but my birthday over already
ham,"Ugh y can't u just apologize, admit u were wrong and ask me to take u back?",ugh y can t u just apologize admit u were wrong ask me take u back
ham,"I noe la... U wana pei bf oso rite... K lor, other days den...",i noe la u wana pei bf oso rite k lor other days den
ham,"Yes, i'm small kid.. And boost is the secret of my energy..",yes i m small kid boost secret my energy
ham,IM GONNA MISS U SO MUCH,im gonna miss u so much
ham,Is avatar supposed to have subtoitles,avatar supposed have subtoitles
ham,Simply sitting and watching match in office..,simply sitting watching match office
ham,You can jot down things you want to remember later.,you can jot down things you want remember later
ham,Oh sorry please its over,oh sorry please its over
ham,Hey are we going for the lo lesson or gym? ,hey we going lo lesson gym
ham,"Dont pack what you can buy at any store.like cereals. If you must pack food, pack gari or something 9ja that you will miss.",dont pack what you can buy any store like cereals if you must pack food pack gari something ja that you will miss
ham,You always make things bigger than they are,you always make things bigger than they
ham,Ü dun wan to watch infernal affair?,dun wan watch infernal affair
ham,"Me not waking up until 4 in the afternoon, sup",me not waking up until number afternoon sup
spam,4mths half price Orange line rental & latest camera phones 4 FREE. Had your phone 11mths ? Call MobilesDirect free on 08000938767 to update now! or2stoptxt,mths half price orange line rental latest camera phones number free had your phone mths call mobilesdirect free number update now stoptxt
ham,I can send you a pic if you like :),i can send you pic if you like
ham,Okay... I booked all already... Including the one at bugis.,okay i booked all already including one bugis
ham,"Aight fuck it, I'll get it later",aight fuck it i ll get it later
ham,No de. But call me after some time. Ill tell you k,no de but call me after some time ill tell you k
ham,So dont use hook up any how,so dont use hook up any how
ham,How much is blackberry bold2 in nigeria.,how much blackberry bold nigeria
ham,Hi where you. You in home or calicut?,hi where you you home calicut
ham,Hey darlin.. i can pick u up at college if u tell me wen & where 2 mt.. love Pete xx,hey darlin i can pick u up college if u tell me wen where number mt love pete xx
spam,"Call 09094100151 to use ur mins! Calls cast 10p/min (mob vary). Service provided by AOM, just GBP5/month. AOM Box61,M60 1ER until u stop. Ages 18+ only!",call number use ur mins calls cast p min mob vary service provided by aom just gbp month aom box m er until u stop ages number only
ham,"Oh... I was thkin of goin yogasana at 10 den no nd to go at 3 den can rush to parco 4 nb... Okie lor, u call me when ready...",oh i was thkin goin yogasana number den no nd go number den can rush parco number nb okie lor u call me when ready
ham,Y so late but i need to go n get da laptop...,y so late but i need go n get da laptop
ham,"Sir, I am waiting for your mail.",sir i am waiting your mail
ham,.Please charge my mobile when you get up in morning.,please charge my mobile when you get up morning
ham,"Nothing, i got msg frm tht unknown no..",nothing i got msg frm tht unknown no
ham,Ugh fuck it I'm resubbing to eve,ugh fuck it i m resubbing eve
ham,He didn't see his shadow. We get an early spring yay,he didn t see his shadow we get early spring yay
ham,I did. One slice and one breadstick. Lol,i did one slice one breadstick lol
ham,"Hey ! I want you ! I crave you ! I miss you ! I need you ! I love you, Ahmad Saeed al Hallaq ...",hey i want you i crave you i miss you i need you i love you ahmad saeed al hallaq
ham,Is there any training tomorrow?,there any training tomorrow
spam,"URGENT! Your mobile No *********** WON a £2,000 Bonus Caller Prize on 02/06/03! This is the 2nd attempt to reach YOU! Call 09066362220 ASAP! BOX97N7QP, 150ppm",urgent your mobile no won number number bonus caller prize number number number this nd attempt reach you call number asap box n qp ppm
ham,Pass dis to all ur contacts n see wat u get! Red;i'm in luv wid u. Blue;u put a smile on my face. Purple;u r realy hot. Pink;u r so swt. Orange;i thnk i lyk u. Green;i realy wana go out wid u. Yelow;i wnt u bck. Black;i'm jealous of u. Brown;i miss you Nw plz giv me one color,pass dis all ur contacts n see wat u get red i m luv wid u blue u put smile my face purple u r realy hot pink u r so swt orange i thnk i lyk u green i realy wana go out wid u yelow i wnt u bck black i m jealous u brown i miss you nw plz giv me one color
ham,Cos daddy arranging time c wat time fetch ü mah...,cos daddy arranging time c wat time fetch mah
ham,Then. You are eldest know.,then you eldest know
ham,Who's there say hi to our drugdealer,who s there say hi our drugdealer
ham,Its hard to believe things like this. All can say lie but think twice before saying anything to me.,its hard believe things like this all can say lie but think twice before saying anything me
spam,"Eerie Nokia tones 4u, rply TONE TITLE to 8007 eg TONE DRACULA to 8007 Titles: GHOST, ADDAMSFA, MUNSTERS, EXORCIST, TWILIGHT www.getzed.co.uk POBox36504W45WQ 150p ",eerie nokia tones u rply tone title number eg tone dracula number titles ghost addamsfa munsters exorcist twilight url pobox w wq p
spam,Sexy Singles are waiting for you! Text your AGE followed by your GENDER as wither M or F E.G.23F. For gay men text your AGE followed by a G. e.g.23G.,sexy singles waiting you text your age followed by your gender as wither m f e g f gay men text your age followed by g e g g
ham,Good night my dear.. Sleepwell&amp;Take care,good night my dear sleepwell amp take care
ham,That is wondarfull song,that wondarfull song
spam,"FreeMsg: Claim ur 250 SMS messages-Text OK to 84025 now!Use web2mobile 2 ur mates etc. Join Txt250.com for 1.50p/wk. T&C BOX139, LA32WU. 16 . Remove txtX or stop",freemsg claim ur number sms messages text ok number now use web mobile number ur mates etc join txt com number p wk t c box la wu number remove txtx stop
ham,Yar lor actually we quite fast... Cos da ge slow wat... Haha...,yar lor actually we quite fast cos da ge slow wat haha
ham,Must come later.. I normally bathe him in da afternoon mah..,must come later i normally bathe him da afternoon mah
ham,"Trust me. Even if isn't there, its there.",trust me even if isn t there its there
ham,Hey hun-onbus goin 2 meet him. He wants 2go out 4a meal but I donyt feel like it cuz have 2 get last bus home!But hes sweet latelyxxx,hey hun onbus goin number meet him he wants go out meal but i donyt feel like it cuz have number get last bus home but hes sweet latelyxxx
spam,85233 FREE>Ringtone!Reply REAL,number free ringtone reply real
ham,I can take you at like noon,i can take you like noon
ham,Where is it. Is there any opening for mca.,where it there any opening mca
ham,I'm aight. Wat's happening on your side.,i m aight wat s happening your side
ham,I'm done oredi...,i m done oredi
ham,"you are sweet as well, princess. Please tell me your likes and dislikes in bed...",you sweet as well princess please tell me your likes dislikes bed
ham,How are you. Wish you a great semester,how you wish you great semester
ham,Moji i love you more than words. Have a rich day,moji i love you more than words have rich day
ham,Dude how do you like the buff wind.,dude how do you like buff wind
ham,"alright babe, justthought id sayhey! how u doin?nearly the endof me wk offdam nevamind!We will have 2Hook up sn if uwant m8? loveJen x.",alright babe justthought i d sayhey how u doin nearly endof me wk offdam nevamind we will have hook up sn if uwant m lovejen x
spam,Well done ENGLAND! Get the official poly ringtone or colour flag on yer mobile! text TONE or FLAG to 84199 NOW! Opt-out txt ENG STOP. Box39822 W111WX £1.50,well done england get official poly ringtone colour flag yer mobile text tone flag number now opt out txt eng stop box w wx number number
ham,"No i'm not. I can't give you everything you want and need. You actually could do better for yourself on yor own--you've got more money than i do. I can't get work, i can't get a man, i can't pay the rent, i can't even fill my fucking gas tank. yes, i'm stressed and depressed. I didn't even call home for thanksgiving cuz i'll have to tell them i,m up to nothing.",no i m not i can t give you everything you want need you actually could do better yourself yor own you ve got more money than i do i can t get work i can t get man i can t pay rent i can t even fill my fucking gas tank yes i m stressed depressed i didn t even call home thanksgiving cuz i ll have tell them i m up nothing
ham,S:-)kallis wont play in first two odi:-),s kallis wont play first two odi
ham,Then get some cash together and I'll text jason,then get some cash together i ll text jason
ham,"Oh, my love, it's soooo good to hear from you. Omg I missed you so much today. I'm sorry your having problems with the provider but thank you for tming me",oh my love it s soooo good hear from you omg i missed you so much today i m sorry your having problems provider but thank you tming me
spam,"Final Chance! Claim ur £150 worth of discount vouchers today! Text YES to 85023 now! SavaMob, member offers mobile! T Cs SavaMob POBOX84, M263UZ. £3.00 Subs 16",final chance claim ur number worth discount vouchers today text yes number now savamob member offers mobile t cs savamob pobox m uz number number subs number
spam,PRIVATE! Your 2004 Account Statement for 07742676969 shows 786 unredeemed Bonus Points. To claim call 08719180248 Identifier Code: 45239 Expires,private your number account statement number shows number unredeemed bonus points claim call number identifier code number expires
ham,"Probably, want to pick up more?",probably want pick up more
ham,I'm done...,i m done
ham,Are you the cutest girl in the world or what,you cutest girl world what
ham,"No dice, art class 6 thru 9 :( thanks though. Any idea what time I should come tomorrow?",no dice art class number thru number thanks though any idea what time i should come tomorrow
spam,"SMS SERVICES. for your inclusive text credits, pls goto www.comuk.net login= ***** unsubscribe with STOP. no extra charge. help:08700469649. PO BOX420. IP4 5WE",sms services your inclusive text credits pls goto url login unsubscribe stop no extra charge help number po box ip we
ham,Oh Howda gud gud.. Mathe en samachara chikku:-),oh howda gud gud mathe en samachara chikku
ham,I thk 530 lor. But dunno can get tickets a not. Wat u doing now?,i thk number lor but dunno can get tickets not wat u doing now
ham,Audrie lousy autocorrect,audrie lousy autocorrect
ham,Its a site to simulate the test. It just gives you very tough questions to test your readiness.,its site simulate test it just gives you very tough questions test your readiness
ham,Anyway seriously hit me up when you're back because otherwise I have to light up with armand and he always has shit and/or is vomiting,anyway seriously hit me up when you re back because otherwise i have light up armand he always has shit vomiting
ham,I fetch yun or u fetch?,i fetch yun u fetch
ham,Thank you. I like you as well...,thank you i like you as well
ham,"Hmmm ... And imagine after you've come home from that having to rub my feet, make me dinner and help me get ready for my date ! Are you sure your ready for that kind of life ?",hmmm imagine after you ve come home from that having rub my feet make me dinner help me get ready my date you sure your ready that kind life
spam,"FREE2DAY sexy St George's Day pic of Jordan!Txt PIC to 89080 dont miss out, then every wk a saucy celeb!4 more pics c PocketBabe.co.uk 0870241182716 £3/wk",free day sexy st george s day pic jordan txt pic number dont miss out then every wk saucy celeb number more pics c pocketbabe co uk number number wk
ham,Lara said she can loan me  &lt;#&gt; .,lara said she can loan me lt gt
ham,Do we have any spare power supplies,do we have any spare power supplies
ham,Yar he quite clever but aft many guesses lor. He got ask me 2 bring but i thk darren not so willing 2 go. Aiya they thk leona still not attach wat.,yar he quite clever but aft many guesses lor he got ask me number bring but i thk darren not so willing number go aiya they thk leona still not attach wat
spam,You are a winner you have been specially selected to receive £1000 cash or a £2000 award. Speak to a live operator to claim call 087123002209am-7pm. Cost 10p,you winner you have been specially selected receive number cash number award speak live operator claim call am pm cost p
ham,"Yeah, don't go to bed, I'll be back before midnight",yeah don t go bed i ll be back before midnight
spam,"Sunshine Hols. To claim ur med holiday send a stamped self address envelope to Drinks on Us UK, PO Box 113, Bray, Wicklow, Eire. Quiz Starts Saturday! Unsub Stop",sunshine hols claim ur med holiday send stamped self address envelope drinks us uk po box number bray wicklow eire quiz starts saturday unsub stop
ham,Well I wasn't available as I washob nobbing with last night so they had to ask Nickey Platt instead of me!;,well i wasn t available as i washob nobbing last night so they had ask nickey platt instead me
ham,"It's that time of the week again, ryan",it s that time week again ryan
ham,Wish u many many returns of the day.. Happy birthday vikky..,wish u many many returns day happy birthday vikky
spam,"U can WIN £100 of Music Gift Vouchers every week starting NOW Txt the word DRAW to 87066 TsCs www.Idew.com SkillGame, 1Winaweek, age16. 150ppermessSubscription",u can win number music gift vouchers every week starting now txt word draw number tscs url skillgame winaweek age ppermesssubscription
ham,I hope you know I'm still mad at you.,i hope you know i m still mad you
ham,"Argh my 3g is spotty, anyway the only thing I remember from the research we did was that province and sterling were the only problem-free places we looked at",argh my g spotty anyway only thing i remember from research we did was that province sterling were only problem free places we looked
ham,In xam hall boy asked girl Tell me the starting term for dis answer I can den manage on my own After lot of hesitation n lookin around silently she said THE! intha ponnungale ipaditan;),xam hall boy asked girl tell me starting term dis answer i can den manage my own after lot hesitation n lookin around silently she said intha ponnungale ipaditan
ham,Do you know when the result.,do you know when result
spam,+123 Congratulations - in this week's competition draw u have won the £1450 prize to claim just call 09050002311 b4280703. T&Cs/stop SMS 08718727868. Over 18 only 150ppm,number congratulations this week s competition draw u have won number prize claim just call number b t cs stop sms number over number only ppm
ham,"Beautiful Truth against Gravity.. Read carefully: ""Our heart feels light when someone is in it.. But it feels very heavy when someone leaves it.."" GOOD NIGHT",beautiful truth against gravity read carefully our heart feels light when someone it but it feels very heavy when someone leaves it good night
ham,"Sorry im getting up now, feel really bad- totally rejected that kinda me thing.",sorry im getting up now feel really bad totally rejected that kinda me thing
ham,You do got a shitload of diamonds though,you do got shitload diamonds though
ham,Tessy..pls do me a favor. Pls convey my birthday wishes to Nimya..pls dnt forget it. Today is her birthday Shijas,tessy pls do me favor pls convey my birthday wishes nimya pls dnt forget it today her birthday shijas
ham,Well I'm going to be an aunty!,well i m going be aunty
ham,Mine here like all fr china then so noisy.,mine here like all fr china then so noisy
ham,Later i guess. I needa do mcat study too.,later i guess i needa do mcat study too
ham,S...from the training manual it show there is no tech process:)its all about password reset and troubleshooting:),s from training manual it show there no tech process its all about password reset troubleshooting
spam,Your B4U voucher w/c 27/03 is MARSMS. Log onto www.B4Utele.com for discount credit. To opt out reply stop. Customer care call 08717168528,your b u voucher w c number number marsms log onto url discount credit opt out reply stop customer care call number
ham,"Spoke with uncle john today. He strongly feels that you need to sacrifice to keep me here. He's going to call you. When he does, i beg you to just listen. Dont make any promises or make it clear things are not easy. And i need you to please let us work things out. As long as i keep expecting help, my creativity will be stifled so pls just keep him happy, no promises on your part.",spoke uncle john today he strongly feels that you need sacrifice keep me here he s going call you when he does i beg you just listen dont make any promises make it clear things not easy i need you please let us work things out as long as i keep expecting help my creativity will be stifled so pls just keep him happy no promises your part
ham,If he started searching he will get job in few days.he have great potential and talent.,if he started searching he will get job few days he have great potential talent
ham,"Carlos took a while (again), we leave in a minute",carlos took while again we leave minute
ham,Well done and ! luv ya all ,well done luv ya all
ham,Then why you came to hostel.,then why you came hostel
ham,K still are you loving me.,k still you loving me
ham,But i juz remembered i gotta bathe my dog today..,but i juz remembered i gotta bathe my dog today
ham,After the drug she will be able to eat.,after drug she will be able eat
ham,Alright took the morphine. Back in yo.,alright took morphine back yo
ham,You see the requirements please,you see requirements please
ham,You stayin out of trouble stranger!!saw Dave the other day hes sorted now!still with me bloke when u gona get a girl MR!ur mum still Thinks we will get 2GETHA! ,you stayin out trouble stranger saw dave other day he s sorted now still me bloke when u gona get girl mr ur mum still thinks we will get getha
spam,FreeMsg: Hey - I'm Buffy. 25 and love to satisfy men. Home alone feeling randy. Reply 2 C my PIX! QlynnBV Help08700621170150p a msg Send stop to stop txts,freemsg hey i m buffy number love satisfy men home alone feeling randy reply number c my pix qlynnbv help p msg send stop stop txts
spam,"Sunshine Hols. To claim ur med holiday send a stamped self address envelope to Drinks on Us UK, PO Box 113, Bray, Wicklow, Eire. Quiz Starts Saturday! Unsub Stop",sunshine hols claim ur med holiday send stamped self address envelope drinks us uk po box number bray wicklow eire quiz starts saturday unsub stop
ham,So can collect ur laptop?,so can collect ur laptop
ham,"Ok. Can be later showing around 8-8:30 if you want + cld have drink before. Wld prefer not to spend money on nosh if you don't mind, as doing that nxt wk.",ok can be later showing around number number number if you want cld have drink before wld prefer not spend money nosh if you don t mind as doing that nxt wk
ham,I will once i get home,i will once i get home
ham,Waaaat?? Lololo ok next time then!,waaaat lololo ok next time then
ham,"The table's occupied, I'm waiting by the tree",table s occupied i m waiting by tree
ham,I surely dont forgot to come:)i will always be in touch in with you:-),i surely dont forgot come i will always be touch you
ham,Hi kindly give us back our documents which we submitted for loan from STAPATI,hi kindly give us back our documents which we submitted loan from stapati
ham,I dont have i shall buy one dear,i dont have i shall buy one dear
ham,Oh god i am happy to see your message after 3 days,oh god i am happy see your message after number days
ham,What year. And how many miles.,what year how many miles
ham,Hey cutie. How goes it? Here in WALES its kinda ok. There is like hills and shit but i still avent killed myself. ,hey cutie how goes it here wales its kinda ok there like hills shit but i still avent killed myself
ham,"Sad story of a Man - Last week was my b'day. My Wife did'nt wish me. My Parents forgot n so did my Kids . I went to work. Even my Colleagues did not wish. As I entered my cabin my PA said, '' Happy B'day Boss !!''. I felt special. She askd me 4 lunch. After lunch she invited me to her apartment. We went there. She said,'' do u mind if I go into the bedroom for a minute ? '' ''OK'', I sed in a sexy mood. She came out 5 minuts latr wid a cake...n My Wife, My Parents, My Kidz, My Friends n My Colleagues. All screaming.. SURPRISE !! and I was waiting on the sofa.. ... ..... ' NAKED...!",sad story man last week was my b day my wife did nt wish me my parents forgot n so did my kids i went work even my colleagues did not wish as i entered my cabin my pa said happy b day boss i felt special she askd me number lunch after lunch she invited me her apartment we went there she said do u mind if i go into bedroom minute ok i sed sexy mood she came out number minuts latr wid cake n my wife my parents my kidz my friends n my colleagues all screaming surprise i was waiting sofa naked
ham,I think you should go the honesty road. Call the bank tomorrow. Its the tough decisions that make us great people.,i think you should go honesty road call bank tomorrow its tough decisions that make us great people
spam,FREE for 1st week! No1 Nokia tone 4 ur mob every week just txt NOKIA to 87077 Get txting and tell ur mates. zed POBox 36504 W45WQ norm150p/tone 16+,free st week no nokia tone number ur mob every week just txt nokia number get txting tell ur mates zed pobox number w wq norm p tone number
ham,No. Its not specialisation. Can work but its slave labor. Will look for it this month sha cos no shakara 4 beggar.,no its not specialisation can work but its slave labor will look it this month sha cos no shakara number beggar
ham,Is she replying. Has boye changed his phone number,she replying has boye changed his phone number
ham,"1) Go to write msg 2) Put on Dictionary mode 3)Cover the screen with hand, 4)Press  &lt;#&gt; . 5)Gently remove Ur hand.. Its interesting..:)",number go write msg number put dictionary mode number cover screen hand number press lt gt number gently remove ur hand its interesting
ham,hi my darlin im on my way to London and we have just been smashed into by another driver! and have a big dent! im really missing u what have u been up to? xxx,hi my darlin im my way london we have just been smashed into by another driver have big dent im really missing u what have u been up xxx
ham,"Nothing really, just making sure everybody's up to speed",nothing really just making sure everybody s up speed
ham,I'm not coming home 4 dinner.,i m not coming home number dinner
ham,"Thank you. And by the way, I just lost.",thank you by way i just lost
ham,Yes.he have good crickiting mind,yes he have good crickiting mind
ham,Thx. All will be well in a few months,thx all will be well few months
spam,"Shop till u Drop, IS IT YOU, either 10K, 5K, £500 Cash or £100 Travel voucher, Call now, 09064011000. NTT PO Box CR01327BT fixedline Cost 150ppm mobile vary",shop till u drop it you either k k number cash number travel voucher call now number ntt po box cr bt fixedline cost ppm mobile vary
ham,"CAN I PLEASE COME UP NOW IMIN TOWN.DONTMATTER IF URGOIN OUTL8R,JUST REALLYNEED 2DOCD.PLEASE DONTPLEASE DONTIGNORE MYCALLS,U NO THECD ISV.IMPORTANT TOME 4 2MORO",can i please come up now imin town dontmatter if urgoin outl r just reallyneed docd please dontplease dontignore mycalls u no thecd isv important tome number moro
ham,I wont. So wat's wit the guys,i wont so wat s wit guys
ham,Yavnt tried yet and never played original either,yavnt tried yet never played original either
ham,"Hiya, had a good day? Have you spoken to since the weekend?",hiya had good day have you spoken since weekend
ham,See? I thought it all through,see i thought it all through
ham,I'm at work. Please call,i m work please call
ham,get ready to moan and scream :),get ready moan scream
ham,Oh k :)why you got job then whats up?,oh k why you got job then whats up
ham,"I don,t think so. You don't need to be going out that late on a school night. ESPECIALLY when the one class you have is the one you missed last wednesday and probably failed a test in on friday",i don t think so you don t need be going out that late school night especially when one class you have one you missed last wednesday probably failed test friday
ham,And popping &lt;#&gt; ibuprofens was no help.,popping lt gt ibuprofens was no help
ham,"Babe ! How goes that day ? What are you doing ? Where are you ? I sip my cappuccino and think of you, my love ... I send a kiss to you from across the sea",babe how goes that day what you doing where you i sip my cappuccino think you my love i send kiss you from across sea
ham,Ok.,ok
ham,PS U no ur a grown up now right?,ps u no ur grown up now right
ham,"Chinatown got porridge, claypot rice, yam cake, fishhead beehoon... Either we eat cheap den go cafe n tok or go nydc or somethin...",chinatown got porridge claypot rice yam cake fishhead beehoon either we eat cheap den go cafe n tok go nydc somethin
ham,I know a few people I can hit up and fuck to the yes,i know few people i can hit up fuck yes
ham,Purity of friendship between two is not about smiling after reading the forwarded message..Its about smiling just by seeing the name. Gud evng,purity friendship between two not about smiling after reading forwarded message its about smiling just by seeing name gud evng
ham,So is there anything specific I should be doing with regards to jaklin or what because idk what the fuck,so there anything specific i should be doing regards jaklin what because idk what fuck
ham,Oh god. I'm gonna Google nearby cliffs now.,oh god i m gonna google nearby cliffs now
spam,FREE camera phones with linerental from 4.49/month with 750 cross ntwk mins. 1/2 price txt bundle deals also avble. Call 08001950382 or call2optout/J MF,free camera phones linerental from number number month number cross ntwk mins number number price txt bundle deals also avble call number call optout j mf
ham,Yup i shd haf ard 10 pages if i add figures... Ü all got how many pages?,yup i shd haf ard number pages if i add figures all got how many pages
ham,"Ooh, 4got, i'm gonna start belly dancing in moseley weds 6.30 if u want 2 join me, they have a cafe too. ",ooh got i m gonna start belly dancing moseley weds number number if u want number join me they have cafe too
ham,Thankyou so much for the call. I appreciate your care.,thankyou so much call i appreciate your care
ham,Congrats ! Treat pending.i am not on mail for 2 days.will mail once thru.Respect mother at home.check mails.,congrats treat pending i am not mail number days will mail once thru respect mother home check mails
ham,I called but no one pick up e phone. I ask both of them already they said ok.,i called but no one pick up e phone i ask both them already they said ok
ham,Hi my email address has changed now it is ,hi my email address has changed now it
ham,"V-aluable. A-ffectionate. L-oveable. E-ternal. N-oble. T-ruthful. I-ntimate. N-atural. E-namous. Happy ""VALENTINES DAY"" in advance",v aluable ffectionate l oveable e ternal n oble t ruthful i ntimate n atural e namous happy valentines day advance
ham,"Not much, just some textin'. How bout you?",not much just some textin how bout you
ham,Bring it if you got it,bring it if you got it
ham,I'm in a movie. Call me 4 wat?,i m movie call me number wat
ham,Not sure I have the stomach for it ...,not sure i have stomach it
ham,Haha... can... But i'm having dinner with my cousin...,haha can but i m having dinner my cousin
ham,"A boy was late 2 home. His father: ""POWER OF FRNDSHIP""",boy was late number home his father power frndship
ham,"(And my man carlos is definitely coming by mu tonight, no excuses)",my man carlos definitely coming by mu tonight no excuses
ham,soon you will have the real thing princess! Do i make you wet? :),soon you will have real thing princess do i make you wet
ham,Raji..pls do me a favour. Pls convey my Birthday wishes to Nimya. Pls. Today is her birthday.,raji pls do me favour pls convey my birthday wishes nimya pls today her birthday
ham,"Haha, my legs and neck are killing me and my amigos are hoping to end the night with a burn, think I could swing by in like an hour?",haha my legs neck killing me my amigos hoping end night burn think i could swing by like hour
spam,"URGENT! Your mobile No 07xxxxxxxxx won a £2,000 bonus caller prize on 02/06/03! this is the 2nd attempt to reach YOU! call 09066362231 ASAP! BOX97N7QP, 150PPM",urgent your mobile no xxxxxxxxx won number number bonus caller prize number number number this nd attempt reach you call number asap box n qp ppm
ham,Usually the body takes care of it buy making sure it doesnt progress. Can we pls continue this talk on saturday.,usually body takes care it buy making sure it doesnt progress can we pls continue this talk saturday
spam,"URGENT!! Your 4* Costa Del Sol Holiday or £5000 await collection. Call 09050090044 Now toClaim. SAE, TC s, POBox334, Stockport, SK38xh, Cost£1.50/pm, Max10mins",urgent your number costa del sol holiday number await collection call number now toclaim sae tc s pobox stockport sk xh cost number number pm max mins
ham,"Hmm well, night night ",hmm well night night
ham,Just wanted to say holy shit you guys weren't kidding about this bud,just wanted say holy shit you guys weren t kidding about this bud
ham,"Just gettin a bit arty with my collages at the mo, well tryin 2 ne way! Got a roast in a min lovely i shall enjoy that!",just gettin bit arty my collages mo well tryin number ne way got roast min lovely i shall enjoy that
ham,"This is one of the days you have a billion classes, right?",this one days you have billion classes right
ham,"Goodmorning, today i am late for 2hrs. Because of back pain.",goodmorning today i am late hrs because back pain
ham,Ok then i'll let him noe later n ask him call u tmr...,ok then i ll let him noe later n ask him call u tmr
ham,Prabha..i'm soryda..realy..frm heart i'm sory,prabha i m soryda realy frm heart i m sory
ham,OK i'm waliking ard now... Do u wan me 2 buy anything go ur house?,ok i m waliking ard now do u wan me number buy anything go ur house
ham,* Will have two more cartons off u and is very pleased with shelves,will have two more cartons off u very pleased shelves
ham,Nice talking to you! please dont forget my pix :) i want to see all of you...,nice talking you please dont forget my pix i want see all you
spam,You have WON a guaranteed £1000 cash or a £2000 prize. To claim yr prize call our customer service representative on 08714712379 between 10am-7pm Cost 10p,you have won guaranteed number cash number prize claim yr prize call our customer service representative number between am pm cost p
ham,But really quite funny lor wat... Then u shd haf run shorter distance wat...,but really quite funny lor wat then u shd haf run shorter distance wat
ham,I notice you like looking in the shit mirror youre turning into a right freak,i notice you like looking shit mirror youre turning into right freak
ham,Great. I was getting worried about you. Just know that a wonderful and caring person like you will have only the best in life. Know that u r wonderful and God's love is yours.,great i was getting worried about you just know that wonderful caring person like you will have only best life know that u r wonderful god s love yours
spam,"Thanks for your ringtone order, ref number K718. Your mobile will be charged £4.50. Should your tone not arrive please call customer services on 09065069120",thanks your ringtone order ref number k your mobile will be charged number number should your tone not arrive please call customer services number
ham,"I prefer my free days... Tues, wed, fri oso can... Ü ask those workin lor...",i prefer my free days tues wed fri oso can ask those workin lor
ham,Alrite jod hows the revision goin? Keris bin doin a smidgin. N e way u wanna cum over after college?xx,alrite jod hows revision goin keris bin doin smidgin n e way u wanna cum over after college xx
ham,If you have belive me. Come to my home.,if you have belive me come my home
ham,Oh k.k..where did you take test?,oh k k where did you take test
ham,Those were my exact intentions,those were my exact intentions
ham,haha but no money leh... Later got to go for tuition... Haha and looking for empty slots for driving lessons,haha but no money leh later got go tuition haha looking empty slots driving lessons
ham,"Hey... Thk we juz go accordin to wat we discussed yest lor, except no kb on sun... Cos there's nt much lesson to go if we attend kb on sat...",hey thk we juz go accordin wat we discussed yest lor except no kb sun cos there s nt much lesson go if we attend kb sat
ham,"K, wen ur free come to my home and also tel vikky i hav sent mail to him also.. Better come evening il be free today aftr 6pm..:-)",k wen ur free come my home also tel vikky i hav sent mail him also better come evening il be free today aftr pm
ham,Nothing just getting msgs by dis name wit different no's..,nothing just getting msgs by dis name wit different no s
ham,Good Morning plz call me sir,good morning plz call me sir
ham,What's your room number again? Wanna make sure I'm knocking on the right door,what s your room number again wanna make sure i m knocking right door
ham,"Si.como no?!listened2the plaid album-quite gd&the new air1 which is hilarious-also boughtbraindancea comp.ofstuff on aphexs ;abel,u hav2hear it!c u sn xxxx",si como no listened plaid album quite gd new air which hilarious also bought braindance comp ofstuff aphex s abel u hav hear it c u sn xxxx
ham,Pls tell nelson that the bb's are no longer comin. The money i was expecting aint coming,pls tell nelson that bb s no longer comin money i was expecting aint coming
ham,"Give her something to drink, if she takes it and doesn't vomit then you her temp might drop. If she unmits however let me know.",give her something drink if she takes it doesn t vomit then you her temp might drop if she unmits however let me know
ham,Think you sent the text to the home phone. That cant display texts. If you still want to send it his number is,think you sent text home phone that cant display texts if you still want send it his number
ham,Every day i use to sleep after  &lt;#&gt;  so only.,every day i use sleep after lt gt so only
ham,K I'll call you when I'm close,k i ll call you when i m close
ham,U buy newspapers already?,u buy newspapers already
ham,Nope wif my sis lor... Aft bathing my dog then i can bathe... Looks like it's going 2 rain soon.,nope wif my sis lor aft bathing my dog then i can bathe looks like it s going number rain soon
ham,Boo I'm on my way to my moms. She's making tortilla soup. Yummmm,boo i m my way my moms she s making tortilla soup yummmm
ham,No management puzzeles.,no management puzzeles
ham,How did you find out in a way that didn't include all of these details,how did you find out way that didn t include all these details
spam,"Hi ya babe x u 4goten bout me?' scammers getting smart..Though this is a regular vodafone no, if you respond you get further prem rate msg/subscription. Other nos used also. Beware!",hi ya babe x u goten bout me scammers getting smart though this regular vodafone no if you respond you get further prem rate msg subscription other nos used also beware
spam,Back 2 work 2morro half term over! Can U C me 2nite 4 some sexy passion B4 I have 2 go back? Chat NOW 09099726481 Luv DENA Calls £1/minMobsmoreLKPOBOX177HP51FL,back number work morro half term over can u c me nite number some sexy passion b i have number go back chat now number luv dena calls number minmobsmorelkpobox hp fl
ham,will you like to be spoiled? :),will you like be spoiled
spam,"Thanks for your ringtone order, ref number R836. Your mobile will be charged £4.50. Should your tone not arrive please call customer services on 09065069154",thanks your ringtone order ref number r your mobile will be charged number number should your tone not arrive please call customer services number
ham,I am getting threats from your sales executive Shifad as i raised complaint against him. Its an official message.,i am getting threats from your sales executive shifad as i raised complaint against him its official message
ham,hope things went well at 'doctors' ;) reminds me i still need 2go.did u c d little thing i left in the lounge?,hope things went well doctors reminds me i still need go did u c d little thing i left lounge
ham,Den wat will e schedule b lk on sun?,den wat will e schedule b lk sun
ham,Lol enjoy role playing much?,lol enjoy role playing much
ham,Ok. Me watching tv too.,ok me watching tv too
ham,"I just lov this line: ""Hurt me with the truth, I don't mind,i wil tolerat.bcs ur my someone..... But, Never comfort me with a lie"" gud ni8 and sweet dreams",i just lov this line hurt me truth i don t mind i wil tolerat bcs ur my someone but never comfort me lie gud ni sweet dreams
ham,"Just checked out, heading out to drop off my stuff now",just checked out heading out drop off my stuff now
ham,Here got lots of hair dresser fr china.,here got lots hair dresser fr china
ham,Sad story of a Man - Last week was my b'day. My Wife did'nt wish me. My Parents forgot n so did my Kids . I went to work. Even my Colleagues did not wish.,sad story man last week was my b day my wife did nt wish me my parents forgot n so did my kids i went work even my colleagues did not wish
ham,Ill call you evening ill some ideas.,ill call you evening ill some ideas
spam,SplashMobile: Choose from 1000s of gr8 tones each wk! This is a subscrition service with weekly tones costing 300p. U have one credit - kick back and ENJOY,splashmobile choose from s gr tones each wk this subscrition service weekly tones costing p u have one credit kick back enjoy
ham,Did you show him and wot did he say or could u not c him 4 dust?,did you show him wot did he say could u not c him number dust
ham,It should take about  &lt;#&gt;  min,it should take about lt gt min
spam,Not heard from U4 a while. Call 4 rude chat private line 01223585334 to cum. Wan 2C pics of me gettin shagged then text PIX to 8552. 2End send STOP 8552 SAM xxx,not heard from u while call number rude chat private line number cum wan c pics me gettin shagged then text pix number end send stop number sam xxx
ham,Ok . . now i am in bus. . If i come soon i will come otherwise tomorrow,ok now i am bus if i come soon i will come otherwise tomorrow
ham,I cant pick the phone right now. Pls send a message,i cant pick phone right now pls send message
spam,<Forwarded from 88877>FREE entry into our £250 weekly comp just send the word ENTER to 88877 NOW. 18 T&C www.textcomp.com,forwarded from number free entry into our number weekly comp just send word enter number now number t c url
ham,Finish liao... U?,finish liao u
spam,88066 FROM 88066 LOST 3POUND HELP,number from number lost pound help
ham,Haha i think i did too,haha i think i did too
ham,U know we watchin at lido?,u know we watchin lido
ham,Life spend with someone for a lifetime may be meaningless but a few moments spent with someone who really love you means more than life itself..,life spend someone lifetime may be meaningless but few moments spent someone who really love you means more than life itself
ham,"Haha awesome, I've been to 4u a couple times. Who all's coming?",haha awesome i ve been u couple times who all s coming
ham,Cold. Dont be sad dear,cold dont be sad dear
ham,Think I could stop by in like an hour or so? My roommate's looking to stock up for a trip,think i could stop by like hour so my roommate s looking stock up trip
ham,Is that on the telly? No its Brdget Jones!,that telly no its brdget jones
ham,Love you aathi..love u lot..,love you aathi love u lot
ham,Hello! How r u? Im bored. Inever thought id get bored with the tv but I am. Tell me something exciting has happened there? Anything! =/,hello how r u im bored inever thought id get bored tv but i am tell me something exciting has happened there anything
ham,Hmm...Bad news...Hype park plaza $700 studio taken...Only left 2 bedrm-$900...,hmm bad news hype park plaza number studio taken only left number bedrm number
ham,"Sorry, I'll call later in meeting",sorry i ll call later meeting
ham,R ü comin back for dinner?,r comin back dinner
ham,"I hav almost reached. Call, i m unable to connect u.",i hav almost reached call i m unable connect u
ham,Whom you waited for yesterday,whom you waited yesterday
ham,I reach home safe n sound liao...,i reach home safe n sound liao
ham,"Velly good, yes please!",velly good yes please
ham,"Hi, wkend ok but journey terrible. Wk not good as have huge back log of marking to do",hi wkend ok but journey terrible wk not good as have huge back log marking do
ham,I have had two more letters from . I will copy them for you cos one has a message for you. Speak soon,i have had two more letters from i will copy them you cos one has message you speak soon
ham,Alex knows a guy who sells mids but he's down in south tampa and I don't think I could set it up before like 8,alex knows guy who sells mids but he s down south tampa i don t think i could set it up before like number
ham,Dont you have message offer,dont you have message offer
spam,Had your mobile 11mths ? Update for FREE to Oranges latest colour camera mobiles & unlimited weekend calls. Call Mobile Upd8 on freefone 08000839402 or 2StopTx,had your mobile mths update free oranges latest colour camera mobiles unlimited weekend calls call mobile upd freefone number stoptx
ham,"HEY THERE BABE, HOW U DOIN? WOT U UP 2 2NITE LOVE ANNIE X.",hey there babe how u doin wot u up number nite love annie x
ham,Remind me how to get there and I shall do so,remind me how get there i shall do so
ham,:-( that's not v romantic!,that s not v romantic
ham,Hello. Damn this christmas thing. I think i have decided to keep this mp3 that doesnt work.,hello damn this christmas thing i think i have decided keep this mp that doesnt work
spam,You have 1 new message. Please call 08718738034.,you have number new message please call number
ham,HI DARLIN IM MISSIN U HOPE YOU ARE HAVING A GOOD TIME. WHEN ARE U BACK AND WHAT TIME IF U CAN GIVE ME A CALL AT HOME. JESS XX,hi darlin im missin u hope you having good time when u back what time if u can give me call home jess xx
spam,<Forwarded from 21870000>Hi - this is your Mailbox Messaging SMS alert. You have 4 messages. You have 21 matches. Please call back on 09056242159 to retrieve your messages and matches,forwarded from number hi this your mailbox messaging sms alert you have number messages you have number matches please call back number retrieve your messages matches
ham,Draw va?i dont think so:),draw va i dont think so
ham,Dont pick up d call when something important is There to tell. Hrishi,dont pick up d call when something important there tell hrishi
spam,"Congrats! 1 year special cinema pass for 2 is yours. call 09061209465 now! C Suprman V, Matrix3, StarWars3, etc all 4 FREE! bx420-ip4-5we. 150pm. Dont miss out!",congrats number year special cinema pass number yours call number now c suprman v matrix starwars etc all number free bx ip we pm dont miss out
ham,Nothin comes to my mind. Ü help me buy hanger lor. Ur laptop not heavy?,nothin comes my mind help me buy hanger lor ur laptop not heavy
ham,"&lt;#&gt; , that's all? Guess that's easy enough",lt gt that s all guess that s easy enough
ham,We can make a baby in yo tho,we can make baby yo tho
ham,Should I tell my friend not to come round til like  &lt;#&gt; ish?,should i tell my friend not come round til like lt gt ish
ham,Friendship poem: Dear O Dear U R Not Near But I Can Hear Dont Get Fear Live With Cheer No More Tear U R Always my Dear. Gud ni8,friendship poem dear o dear u r not near but i can hear dont get fear live cheer no more tear u r always my dear gud ni
ham,Still in the area of the restaurant. Ill try to come back soon,still area restaurant ill try come back soon
ham,"Aight that'll work, thanks",aight that ll work thanks
spam,WIN a year supply of CDs 4 a store of ur choice worth £500 & enter our £100 Weekly draw txt MUSIC to 87066 Ts&Cs www.Ldew.com.subs16+1win150ppmx3,win year supply cds number store ur choice worth number enter our number weekly draw txt music number ts cs url
spam,Moby Pub Quiz.Win a £100 High Street prize if u know who the new Duchess of Cornwall will be? Txt her first name to 82277.unsub STOP £1.50 008704050406 SP Arrow,moby pub quiz win number high street prize if u know who new duchess cornwall will be txt her first name number unsub stop number number number sp arrow
ham,"I have 2 sleeping bags, 1 blanket and paper and  phone details. Anything else?",i have number sleeping bags number blanket paper phone details anything else
spam,You have won a Nokia 7250i. This is what you get when you win our FREE auction. To take part send Nokia to 86021 now. HG/Suite342/2Lands Row/W1JHL 16+ ,you have won nokia i this what you get when you win our free auction take part send nokia number now hg suite lands row w jhl number
spam,"Congratulations! Thanks to a good friend U have WON the £2,000 Xmas prize. 2 claim is easy, just call 08718726971 NOW! Only 10p per minute. BT-national-rate.",congratulations thanks good friend u have won number number xmas prize number claim easy just call number now only p per minute bt national rate
spam,"tddnewsletter@emc1.co.uk (More games from TheDailyDraw) Dear Helen, Dozens of Free Games - with great prizesWith..",tddnewsletter emc co uk more games from thedailydraw dear helen dozens free games great prizeswith
ham,So what do you guys do.,so what do you guys do
ham,Also that chat was awesome but don't make it regular unless you can see her in person,also that chat was awesome but don t make it regular unless you can see her person
ham,That's significant but dont worry.,that s significant but dont worry
ham,That's cause your old. I live to be high.,that s cause your old i live be high
ham,"Waqt se pehle or naseeb se zyada kisi ko kuch nahi milta,Zindgi wo nahi he jo hum sochte hai Zindgi wo hai jo ham jeetey hai..........",waqt se pehle naseeb se zyada kisi ko kuch nahi milta zindgi wo nahi he jo hum sochte hai zindgi wo hai jo ham jeetey hai
ham,On the way to office da..,way office da
ham,In which place do you want da.,which place do you want da
ham,This pain couldn't have come at a worse time.,this pain couldn t have come worse time
ham,Ok...,ok
ham,Should I be stalking u?,should i be stalking u
ham,Sorry dude. Dont know how i forgot. Even after Dan reminded me. Sorry. Hope you guys had fun.,sorry dude dont know how i forgot even after dan reminded me sorry hope you guys had fun
ham,Ok lor.,ok lor
ham,Apps class varaya elaya.,apps class varaya elaya
ham,The Xmas story is peace.. The Xmas msg is love.. The Xmas miracle is jesus.. Hav a blessed month ahead &amp; wish U Merry Xmas...,xmas story peace xmas msg love xmas miracle jesus hav blessed month ahead amp wish u merry xmas
spam,"URGENT! Your mobile number *************** WON a £2000 Bonus Caller prize on 10/06/03! This is the 2nd attempt to reach you! Call 09066368753 ASAP! Box 97N7QP, 150ppm",urgent your mobile number won number bonus caller prize number number number this nd attempt reach you call number asap box n qp ppm
ham,That day you asked about anand number. Why:-),that day you asked about anand number why
ham,Am surfing online store. For offers do you want to buy any thing.,am surfing online store offers do you want buy any thing
ham,Long beach lor. Expected... U having dinner now?,long beach lor expected u having dinner now
ham,At home by the way,home by way
ham,We are both fine. Thanks,we both fine thanks
ham,What happen to her tell the truth,what happen her tell truth
ham,Do you like Italian food?,do you like italian food
ham,Which is weird because I know I had it at one point,which weird because i know i had it one point
ham,Aww you must be nearly dead!Well Jez isComing over toDo some workAnd that whillTake forever!,aww you must be nearly dead well jez iscoming over todo some workand that whilltake forever
ham,Tell your friends what you plan to do on Valentines day @ &lt;URL&gt;,tell your friends what you plan do valentines day lt url gt
ham,"Alright, see you in a bit",alright see you bit
ham,Cheers for the message Zogtorius. Ive been staring at my phone for an age deciding whether to text or not.,cheers message zogtorius i ve been staring my phone age deciding whether text not
ham,I will take care of financial problem.i will help:),i will take care financial problem i will help
ham,Tell dear what happen to you. Why you talking to me like an alian,tell dear what happen you why you talking me like alian
spam,Double your mins & txts on Orange or 1/2 price linerental - Motorola and SonyEricsson with B/Tooth FREE-Nokia FREE Call MobileUpd8 on 08000839402 or2optout/HV9D,double your mins txts orange number number price linerental motorola sonyericsson b tooth free nokia free call mobileupd number optout hv d
ham,"1) Go to write msg 2) Put on Dictionary mode 3)Cover the screen with hand, 4)Press  &lt;#&gt; . 5)Gently remove Ur hand.. Its interesting..:)",number go write msg number put dictionary mode number cover screen hand number press lt gt number gently remove ur hand its interesting
ham,Okie...,okie
ham,"Hi this is yijue, can i meet u at 11 tmr?",hi this yijue can i meet u number tmr
ham,Its posible dnt live in  &lt;#&gt; century cm frwd n thnk different,its posible dnt live lt gt century cm frwd n thnk different
ham,But i dint slept in afternoon.,but i dint slept afternoon
ham,That seems unnecessarily affectionate,that seems unnecessarily affectionate
ham,Yar else i'll thk of all sorts of funny things.,yar else i ll thk all sorts funny things
ham,You will be in the place of that man,you will be place that man
spam,"Download as many ringtones as u like no restrictions, 1000s 2 choose. U can even send 2 yr buddys. Txt Sir to 80082 £3 ",download as many ringtones as u like no restrictions s number choose u can even send number yr buddys txt sir number number
ham,Thats cool. How was your day?,thats cool how was your day
spam,Please CALL 08712402902 immediately as there is an urgent message waiting for you.,please call number immediately as there urgent message waiting you
ham,R we going with the  &lt;#&gt;  bus?,r we going lt gt bus
ham,"Hello, my love ! How went your day ? Are you alright ? I think of you, my sweet and send a jolt to your heart to remind you ... I LOVE YOU! Can you hear it ? I screamed it across the sea for all the world to hear. Ahmad al Hallaq is loved ! and owned ! *possessive passionate kiss*",hello my love how went your day you alright i think you my sweet send jolt your heart remind you i love you can you hear it i screamed it across sea all world hear ahmad al hallaq loved owned possessive passionate kiss
ham,No..he joined today itself.,no he joined today itself
ham,Okay same with me. Well thanks for the clarification,okay same me well thanks clarification
ham,I'll talk to the others and probably just come early tomorrow then,i ll talk others probably just come early tomorrow then
spam,"Spook up your mob with a Halloween collection of a logo & pic message plus a free eerie tone, txt CARD SPOOK to 8007 zed 08701417012150p per logo/pic",spook up your mob halloween collection logo pic message plus free eerie tone txt card spook number zed p per logo pic
ham,"Had the money issue weigh me down but thanks to you, I can breathe easier now. I.ll make sure you dont regret it. Thanks.",had money issue weigh me down but thanks you i can breathe easier now i ll make sure you dont regret it thanks
ham,Hi. I'm sorry i missed your call. Can you pls call back.,hi i m sorry i missed your call can you pls call back
ham,How are you doing? Hope you've settled in for the new school year. Just wishin you a gr8 day,how you doing hope you ve settled new school year just wishin you gr day
spam,"Fantasy Football is back on your TV. Go to Sky Gamestar on Sky Active and play £250k Dream Team. Scoring starts on Saturday, so register now!SKY OPT OUT to 88088",fantasy football back your tv go sky gamestar sky active play k dream team scoring starts saturday so register now sky opt out number
ham,Ok then no need to tell me anything i am going to sleep good night,ok then no need tell me anything i am going sleep good night
ham,Ok try to do week end course in coimbatore.,ok try do week end course coimbatore
spam,Tone Club: Your subs has now expired 2 re-sub reply MONOC 4 monos or POLYC 4 polys 1 weekly @ 150p per week Txt STOP 2 stop This msg free Stream 0871212025016,tone club your subs has now expired number re sub reply monoc number monos polyc number polys number weekly p per week txt stop number stop this msg free stream number
ham,V nice! Off 2 sheffield tom 2 air my opinions on categories 2 b used 2 measure ethnicity in next census. Busy transcribing. :-),v nice off number sheffield tom number air my opinions categories number b used number measure ethnicity next census busy transcribing
ham,If you r @ home then come down within 5 min,if you r home then come down within number min
ham,"A Boy loved a gal. He propsd bt she didnt mind. He gv lv lttrs, Bt her frnds threw thm. Again d boy decided 2 aproach d gal , dt time a truck was speeding towards d gal. Wn it was about 2 hit d girl,d boy ran like hell n saved her. She asked 'hw cn u run so fast?' D boy replied ""Boost is d secret of my energy"" n instantly d girl shouted ""our energy"" n Thy lived happily 2gthr drinking boost evrydy Moral of d story:- I hv free msgs:D;): gud ni8",boy loved gal he propsd bt she didnt mind he gv lv lttrs bt her frnds threw thm again d boy decided number aproach d gal dt time truck was speeding towards d gal wn it was about number hit d girl d boy ran like hell n saved her she asked hw cn u run so fast d boy replied boost d secret my energy n instantly d girl shouted our energy n thy lived happily gthr drinking boost evrydy moral d story i hv free msgs d gud ni
ham,"That day ü say ü cut ur hair at paragon, is it called hair sense? Do ü noe how much is a hair cut? ",that day say cut ur hair paragon it called hair sense do noe how much hair cut
ham,"Hmm, too many of them unfortunately... Pics obviously arent hot cakes. Its kinda fun tho",hmm too many them unfortunately pics obviously arent hot cakes its kinda fun tho
ham,Watching tv lor... Y she so funny we bluff her 4 wat. Izzit because she thk it's impossible between us?,watching tv lor y she so funny we bluff her number wat izzit because she thk it s impossible between us
spam,XMAS Prize draws! We are trying to contact U. Todays draw shows that you have won a £2000 prize GUARANTEED. Call 09058094565 from land line. Valid 12hrs only,xmas prize draws we trying contact u todays draw shows that you have won number prize guaranteed call number from land line valid hrs only
ham,Dunno lei he neva say...,dunno lei he neva say
ham,Thanx 4 2day! U r a goodmate I THINK UR RITE SARY! ASUSUAL!1 U CHEERED ME UP! LOVE U FRANYxxxxx,thanx number day u r goodmate i think ur rite sary asusual number u cheered me up love u franyxxxxx
ham,I'm on my way home. Went to change batt 4 my watch then go shop a bit lor.,i m my way home went change batt number my watch then go shop bit lor
spam,YES! The only place in town to meet exciting adult singles is now in the UK. Txt CHAT to 86688 now! 150p/Msg.,yes only place town meet exciting adult singles now uk txt chat number now p msg
ham,"Hi, Mobile no.  &lt;#&gt;  has added you in their contact list on www.fullonsms.com It s a great place to send free sms to people For more visit fullonsms.com",hi mobile no lt gt has added you their contact list url it s great place send free sms people more visit fullonsms com
ham,"Good evening Sir, hope you are having a nice day. I wanted to bring it to your notice that I have been late in paying rent for the past few months and have had to pay a $ &lt;#&gt;  charge. I felt it would be inconsiderate of me to nag about something you give at great cost to yourself and that's why i didnt speak up. I however am in a recession and wont be able to pay the charge this month hence my askin well ahead of month's end. Can you please help. Thank you for everything.",good evening sir hope you having nice day i wanted bring it your notice that i have been late paying rent past few months have had pay lt gt charge i felt it would be inconsiderate me nag about something you give great cost yourself that s why i didnt speak up i however am recession wont be able pay charge this month hence my askin well ahead month s end can you please help thank you everything
ham,"If i let you do this, i want you in the house by 8am.",if i let you do this i want you house by am
ham,"Best line said in Love: . ""I will wait till the day I can forget u Or The day u realize that u cannot forget me.""... Gn",best line said love i will wait till day i can forget u day u realize that u cannot forget me gn
ham,I will reach before ten morning,i will reach before ten morning
ham,Your pussy is perfect!,your pussy perfect
ham,"Sorry, I'll call later",sorry i ll call later
spam,"Someone has contacted our dating service and entered your phone becausethey fancy you! To find out who it is call from a landline 09058098002. PoBox1, W14RG 150p",someone has contacted our dating service entered your phone becausethey fancy you find out who it call from landline number pobox w rg p
ham,No message..no responce..what happend?,no message no responce what happend
ham,Also where's the piece,also where s piece
ham,"wiskey Brandy Rum Gin Beer Vodka Scotch Shampain Wine ""KUDI""yarasu dhina vaazhthukkal. ..",wiskey brandy rum gin beer vodka scotch shampain wine kudi yarasu dhina vaazhthukkal
ham,Boo. How's things? I'm back at home and a little bored already :-(,boo how s things i m back home little bored already
ham,First has she gained more than  &lt;#&gt; kg since she took in. Second has she done the blood sugar tests. If she has and its ok and her blood pressure is within normal limits then no worries,first has she gained more than lt gt kg since she took second has she done blood sugar tests if she has its ok her blood pressure within normal limits then no worries
ham,PICK UR FONE UP NOW U DUMB?,pick ur fone up now u dumb
ham,"Thanks da thangam, i feel very very happy dear. I also miss you da.",thanks da thangam i feel very very happy dear i also miss you da
ham,"Okey doke. I'm at home, but not dressed cos laying around ill! Speak to you later bout times and stuff. ",okey doke i m home but not dressed cos laying around ill speak you later bout times stuff
ham,I don't run away frm u... I walk slowly &amp; it kills me that u don't care enough to stop me...,i don t run away frm u i walk slowly amp it kills me that u don t care enough stop me
ham,"Babe, I'm back ... Come back to me ...",babe i m back come back me
ham,Well you told others you'd marry them...,well you told others you d marry them
ham,Neshanth..tel me who r u?,neshanth tel me who r u
ham,YO YO YO BYATCH WHASSUP?,yo yo yo byatch whassup
ham,Oh... Kay... On sat right?,oh kay sat right
ham,Hi! This is Roger from CL. How are you?,hi this roger from cl how you
spam,Babe: U want me dont u baby! Im nasty and have a thing 4 filthyguys. Fancy a rude time with a sexy bitch. How about we go slo n hard! Txt XXX SLO(4msgs),babe u want me dont u baby im nasty have thing number filthyguys fancy rude time sexy bitch how about we go slo n hard txt xxx slo msgs
ham,Oh oh... Wasted... Den muz chiong on sat n sun liao...,oh oh wasted den muz chiong sat n sun liao
ham,Jesus christ bitch I'm trying to give you drugs answer your fucking phone,jesus christ bitch i m trying give you drugs answer your fucking phone
ham,Please give it 2  or i will pick it up on Tuesday evening about 8 if that is ok.,please give it number i will pick it up tuesday evening about number if that ok
ham,I'm meeting Darren...,i m meeting darren
ham,"One of best dialogue in cute reltnship..!! ""Wen i Die, Dont Come Near My Body..!! Bcoz My Hands May Not Come 2 Wipe Ur Tears Off That Time..!Gud ni8",one best dialogue cute reltnship wen i die dont come near my body bcoz my hands may not come number wipe ur tears off that time gud ni
ham,"Solve d Case : A Man Was Found Murdered On  &lt;DECIMAL&gt; . &lt;#&gt;  AfterNoon. 1,His wife called Police. 2,Police questioned everyone. 3,Wife: Sir,I was sleeping, when the murder took place. 4.Cook: I was cooking. 5.Gardener: I was picking vegetables. 6.House-Maid: I went 2 d post office. 7.Children: We went 2 play. 8.Neighbour: We went 2 a marriage. Police arrested d murderer Immediately. Who's It? Reply With Reason, If U r Brilliant.",solve d case man was found murdered lt decimal gt lt gt afternoon number his wife called police number police questioned everyone number wife sir i was sleeping when murder took place number cook i was cooking number gardener i was picking vegetables number house maid i went number d post office number children we went number play number neighbour we went number marriage police arrested d murderer immediately who s it reply reason if u r brilliant
ham,Dear where you will be when i reach there,dear where you will be when i reach there
ham,Aww that's the first time u said u missed me without asking if I missed u first. You DO love me! :),aww that s first time u said u missed me without asking if i missed u first you do love me
ham,Ok... Thanx... Gd nite 2 ü too...,ok thanx gd nite number too
ham,"Come to me right now, Ahmad",come me right now ahmad
spam,I don't know u and u don't know me. Send CHAT to 86688 now and let's find each other! Only 150p/Msg rcvd. HG/Suite342/2Lands/Row/W1J6HL LDN. 18 years or over.,i don t know u u don t know me send chat number now let s find each other only p msg rcvd hg suite lands row w j hl ldn number years over
ham,Lol please do. Actually send a pic of yourself right now. I wanna see. Pose with a comb and hair dryer or something.,lol please do actually send pic yourself right now i wanna see pose comb hair dryer something
ham,O was not into fps then.,o was not into fps then
ham,Huh means computational science... Y they like dat one push here n there...,huh means computational science y they like dat one push here n there
ham,"Could you not read me, my Love ? I answered you",could you not read me my love i answered you
ham,Oh... Lk tt den we take e one tt ends at cine lor... Dun wan yogasana oso can... ,oh lk tt den we take e one tt ends cine lor dun wan yogasana oso can
ham,"Madam,regret disturbance.might receive a reference check from DLF Premarica.kindly be informed.Rgds,Rakhesh,Kerala.",madam regret disturbance might receive reference check from dlf premarica kindly be informed rgds rakhesh kerala
spam,SMS SERVICES For your inclusive text credits pls gotto www.comuk.net login 3qxj9 unsubscribe with STOP no extra charge help 08702840625 comuk.220cm2 9AE,sms services your inclusive text credits pls gotto url login qxj unsubscribe stop no extra charge help number comuk cm ae
ham,Oic... Then better quickly go bathe n settle down...,oic then better quickly go bathe n settle down
ham,Err... Cud do. I'm going to  at 8pm. I haven't got a way to contact him until then.,err cud do i m going pm i haven t got way contact him until then
ham,A bloo bloo bloo I'll miss the first bowl,bloo bloo bloo i ll miss first bowl
ham,Lmao but its so fun...,lmao but its so fun
ham,Oh k k:)but he is not a big hitter.anyway good,oh k k but he not big hitter anyway good
ham,Hey!!! I almost forgot ... Happy B-day babe ! I love ya!!,hey i almost forgot happy b day babe i love ya
spam,Valentines Day Special! Win over £1000 in our quiz and take your partner on the trip of a lifetime! Send GO to 83600 now. 150p/msg rcvd. CustCare:08718720201,valentines day special win over number our quiz take your partner trip lifetime send go number now p msg rcvd custcare number
ham,Do you think i can move  &lt;#&gt;  in a week,do you think i can move lt gt week
ham,She.s find. I sent you an offline message to know how anjola's now.,she s find i sent you offline message know how anjola s now
spam,Guess who am I?This is the first time I created a web page WWW.ASJESUS.COM read all I wrote. I'm waiting for your opinions. I want to be your friend 1/1,guess who am i this first time i created web page url read all i wrote i m waiting your opinions i want be your friend number number
ham,How was txting and driving,how was txting driving
ham,That's good. Lets thank God. Please complete the drug. Have lots of water. And have a beautiful day.,that s good lets thank god please complete drug have lots water have beautiful day
ham,Really dun bluff me leh... U sleep early too. Nite...,really dun bluff me leh u sleep early too nite
ham,"Indians r poor but India is not a poor country. Says one of the swiss bank directors. He says that "" &lt;#&gt;  lac crore"" of Indian money is deposited in swiss banks which can be used for 'taxless' budget for  &lt;#&gt;  yrs. Can give  &lt;#&gt;  crore jobs to all Indians. From any village to Delhi 4 lane roads. Forever free power suply to more than  &lt;#&gt;  social projects. Every citizen can get monthly  &lt;#&gt; /- for  &lt;#&gt;  yrs. No need of World Bank &amp; IMF loan. Think how our money is blocked by rich politicians. We have full rights against corrupt politicians. Itna forward karo ki pura INDIA padhe.g.m.""",indians r poor but india not poor country says one swiss bank directors he says that lt gt lac crore indian money deposited swiss banks which can be used taxless budget lt gt yrs can give lt gt crore jobs all indians from any village delhi number lane roads forever free power suply more than lt gt social projects every citizen can get monthly lt gt lt gt yrs no need world bank amp imf loan think how our money blocked by rich politicians we have full rights against corrupt politicians itna forward karo ki pura india padhe g m
ham,Uncle boye. I need movies oh. Guide me. Plus you know torrents are not particularly legal here. And the system is slowing down. What should i do. Have a gr8 day. Plus have you started cos i dont meet you online. How was the honey moon.,uncle boye i need movies oh guide me plus you know torrents not particularly legal here system slowing down what should i do have gr day plus have you started cos i dont meet you online how was honey moon
ham,Oh ya ya. I remember da. .,oh ya ya i remember da
ham,Btw regarding that we should really try to see if anyone else can be our 4th guy before we commit to a random dude,btw regarding that we should really try see if anyone else can be our th guy before we commit random dude
spam,"For ur chance to win £250 cash every wk TXT: PLAY to 83370. T's&C's www.music-trivia.net custcare 08715705022, 1x150p/wk.",ur chance win number cash every wk txt play number t s c s url custcare number x p wk
ham,I not busy juz dun wan 2 go so early.. Hee.. ,i not busy juz dun wan number go so early hee
ham,Rightio. 11.48 it is then. Well arent we all up bright and early this morning.,rightio number number it then well arent we all up bright early this morning
ham,"Great. I'm in church now, will holla when i get out",great i m church now will holla when i get out
ham,Back in brum! Thanks for putting us up and keeping us all and happy. See you soon ,back brum thanks putting us up keeping us all happy see you soon
ham,I donno if they are scorable,i donno if they scorable
ham,&lt;#&gt;  great loxahatchee xmas tree burning update: you can totally see stars here,lt gt great loxahatchee xmas tree burning update you can totally see stars here
ham,"Yes but i dont care! I need you bad, princess!",yes but i dont care i need you bad princess
ham,"The guy (kadeem) hasn't been selling since the break, I know one other guy but he's paranoid as fuck and doesn't like selling without me there and I can't be up there til late tonight",guy kadeem hasn t been selling since break i know one other guy but he s paranoid as fuck doesn t like selling without me there i can t be up there til late tonight
ham,"Sorry, I'll call later",sorry i ll call later
ham,Tmr then ü brin lar... Aiya later i come n c lar... Mayb ü neva set properly ü got da help sheet wif ü...,tmr then brin lar aiya later i come n c lar mayb neva set properly got da help sheet wif
ham,Do u knw dis no. &lt;#&gt; ?,do u knw dis no lt gt
ham,Then she dun believe wat?,then she dun believe wat
ham,K..give back my thanks.,k give back my thanks
ham,I know complain num only..bettr directly go to bsnl offc nd apply for it..,i know complain num only bettr directly go bsnl offc nd apply it
ham,Okay. I've seen it. So i should pick it on friday?,okay i ve seen it so i should pick it friday
ham,How much she payed. Suganya.,how much she payed suganya
ham,Left dessert. U wan me 2 go suntec look 4 u?,left dessert u wan me number go suntec look number u
ham,"Abeg, make profit. But its a start. Are you using it to get sponsors for the next event?",abeg make profit but its start you using it get sponsors next event
ham,Onum ela pa. Normal than.,onum ela pa normal than
ham,K.k..how is your sister kids?,k k how your sister kids
ham,"Cool, I'll text you when I'm on the way",cool i ll text you when i m way
ham,Nope. Meanwhile she talk say make i greet you.,nope meanwhile she talk say make i greet you
ham,i cant talk to you now.i will call when i can.dont keep calling.,i cant talk you now i will call when i can dont keep calling
ham,Anything lar...,anything lar
ham,"Rose needs water, season needs change, poet needs imagination..My phone needs ur sms and i need ur lovely frndship forever....",rose needs water season needs change poet needs imagination my phone needs ur sms i need ur lovely frndship forever
ham,"Good afternoon, babe. How goes that day ? Any job prospects yet ? I miss you, my love ... *sighs* ... :-(",good afternoon babe how goes that day any job prospects yet i miss you my love sighs
ham,They will pick up and drop in car.so no problem..,they will pick up drop car so no problem
ham,S.i think he is waste for rr..,s i think he waste rr
ham,He is world famamus....,he world famamus
ham,Is there coming friday is leave for pongal?do you get any news from your work place.,there coming friday leave pongal do you get any news from your work place
ham,Lol well don't do it without me. We could have a big sale together.,lol well don t do it without me we could have big sale together
ham,* Am on my way,am my way
ham,Eat at old airport road... But now 630 oredi... Got a lot of pple...,eat old airport road but now number oredi got lot pple
ham,"sry can't talk on phone, with parents",sry can t talk phone parents
spam,"Final Chance! Claim ur £150 worth of discount vouchers today! Text YES to 85023 now! SavaMob, member offers mobile! T Cs SavaMob POBOX84, M263UZ. £3.00 Subs 16",final chance claim ur number worth discount vouchers today text yes number now savamob member offers mobile t cs savamob pobox m uz number number subs number
ham,Ok lor wat time ü finish?,ok lor wat time finish
ham,"Princess, i like to make love  &lt;#&gt;  times per night. Hope thats not a problem!",princess i like make love lt gt times per night hope thats not problem
ham,Mm i am on the way to railway,mm i am way railway
ham,i dnt wnt to tlk wid u,i dnt wnt tlk wid u
ham,"I'm done. I'm sorry. I hope your next space gives you everything you want. Remember all the furniture is yours. If i'm not around when you move it, just lock all the locks and leave the key with jenne.",i m done i m sorry i hope your next space gives you everything you want remember all furniture yours if i m not around when you move it just lock all locks leave key jenne
ham,Not yet. Just i'd like to keep in touch and it will be the easiest way to do that from barcelona. By the way how ru and how is the house?,not yet just i d like keep touch it will be easiest way do that from barcelona by way how ru how house
spam,"Sppok up ur mob with a Halloween collection of nokia logo&pic message plus a FREE eerie tone, txt CARD SPOOK to 8007",sppok up ur mob halloween collection nokia logo pic message plus free eerie tone txt card spook number
spam,"Urgent! call 09066612661 from landline. Your complementary 4* Tenerife Holiday or £10,000 cash await collection SAE T&Cs PO Box 3 WA14 2PX 150ppm 18+ Sender: Hol Offer",urgent call number from landline your complementary number tenerife holiday number number cash await collection sae t cs po box number wa px ppm number sender hol offer
ham,K.:)do it at evening da:)urgent:),k do it evening da urgent
ham,Pansy! You've been living in a jungle for two years! Its my driving you should be more worried about!,pansy you ve been living jungle two years its my driving you should be more worried about
ham,Mm have some kanji dont eat anything heavy ok,mm have some kanji dont eat anything heavy ok
ham,Only if you promise your getting out as SOON as you can. And you'll text me in the morning to let me know you made it in ok.,only if you promise your getting out as soon as you can you ll text me morning let me know you made it ok
ham,Lol that's different. I don't go trying to find every real life photo you ever took.,lol that s different i don t go trying find every real life photo you ever took
ham,I dont thnk its a wrong calling between us,i dont thnk its wrong calling between us
ham,K ill drink.pa then what doing. I need srs model pls send it to my mail id pa.,k ill drink pa then what doing i need srs model pls send it my mail id pa
ham,Aiyah e rain like quite big leh. If drizzling i can at least run home.,aiyah e rain like quite big leh if drizzling i can least run home
ham,I have 2 docs appointments next week.:/ I'm tired of them shoving stuff up me. Ugh why couldn't I have had a normal body?,i have number docs appointments next week i m tired them shoving stuff up me ugh why couldn t i have had normal body
ham,Dun b sad.. It's over.. Dun thk abt it already. Concentrate on ur other papers k.,dun b sad it s over dun thk abt it already concentrate ur other papers k
ham,"Greetings me, ! Consider yourself excused.",greetings me consider yourself excused
ham,No drama Pls.i have had enough from you and family while i am struggling in the hot sun in a strange place.No reason why there should be an ego of not going 'IF NOT INVITED' when actually its necessity to go.wait for very serious reppurcussions.,no drama pls i have had enough from you family while i am struggling hot sun strange place no reason why there should be ego not going if not invited when actually its necessity go wait very serious reppurcussions
ham,they released another Italian one today and it has a cosign option,they released another italian one today it has cosign option
ham,"You at mu? You should try to figure out how much money everyone has for gas and alcohol, jay and I are trying to figure out our weed budget",you mu you should try figure out how much money everyone has gas alcohol jay i trying figure out our weed budget
spam,WINNER! As a valued network customer you hvae been selected to receive a £900 reward! To collect call 09061701444. Valid 24 hours only. ACL03530150PM,winner as valued network customer you hvae been selected receive number reward collect call number valid number hours only acl pm
ham,HCL chennai requires FRESHERS for voice process.Excellent english needed.Salary upto  &lt;#&gt; .Call Ms.Suman  &lt;#&gt;  for Telephonic interview -via Indyarocks.com,hcl chennai requires freshers voice process excellent english needed salary upto lt gt call ms suman lt gt telephonic interview via indyarocks com
ham,Dai what this da.. Can i send my resume to this id.,dai what this da can i send my resume this id
ham,"I know where the  &lt;#&gt;  is, I'll be there around 5",i know where lt gt i ll be there around number
ham,Yup i've finished c ü there...,yup i ve finished c there
ham,Remember to ask alex about his pizza,remember ask alex about his pizza
ham,No da..today also i forgot..,no da today also i forgot
ham,"Ola would get back to you maybe not today but I ve told him you can be his direct link in the US in getting cars he bids for online, you arrange shipping and you get a cut. Or U????? For a partnership where U????? Invest money for shipping and he takes care of the rest!U??Wud b self reliant soon dnt worry",ola would get back you maybe not today but i ve told him you can be his direct link us getting cars he bids online you arrange shipping you get cut u partnership where u invest money shipping he takes care rest u wud b self reliant soon dnt worry
ham,Fwiw the reason I'm only around when it's time to smoke is that because of gas I can only afford to be around when someone tells me to be and that apparently only happens when somebody wants to light up,fwiw reason i m only around when it s time smoke that because gas i can only afford be around when someone tells me be that apparently only happens when somebody wants light up
ham,"Hello, my boytoy! I made it home and my constant thought is of you, my love. I hope your having a nice visit but I can't wait till you come home to me ...*kiss*",hello my boytoy i made it home my constant thought you my love i hope your having nice visit but i can t wait till you come home me kiss
ham,Congrats kano..whr s the treat maga?,congrats kano whr s treat maga
ham,Who u talking about?,who u talking about
ham,Yup...,yup
ham,Ok...,ok
ham,"U wake up already? Wat u doing? U picking us up later rite? I'm taking sq825, reaching ard 7 smth 8 like dat. U can check e arrival time. C ya soon...",u wake up already wat u doing u picking us up later rite i m taking sq reaching ard number smth number like dat u can check e arrival time c ya soon
ham,Yunny i'm walking in citylink now ü faster come down... Me very hungry...,yunny i m walking citylink now faster come down me very hungry
ham,Er yep sure. Props?,er yep sure props
ham,"Hiya , have u been paying money into my account? If so, thanks. Got a pleasant surprise when i checked my balance -u c, i don't get statements 4 that acc",hiya have u been paying money into my account if so thanks got pleasant surprise when i checked my balance u c i don t get statements number that acc
spam,U have won a nokia 6230 plus a free digital camera. This is what u get when u win our FREE auction. To take part send NOKIA to 83383 now. POBOX114/14TCR/W1 16,u have won nokia number plus free digital camera this what u get when u win our free auction take part send nokia number now pobox tcr w number
ham,Ok ill send you with in  &lt;DECIMAL&gt;  ok.,ok ill send you lt decimal gt ok
ham,Bognor it is! Should be splendid at this time of year.,bognor it should be splendid this time year
ham,Yes.i'm in office da:),yes i m office da
ham,"Sorry, I'll call later",sorry i ll call later
ham,Joy's father is John. Then John is the NAME of Joy's father. Mandan,joy s father john then john name joy s father mandan
ham,Ok. I only ask abt e movie. U wan ktv oso?,ok i only ask abt e movie u wan ktv oso
ham,Misplaced your number and was sending texts to your old number. Wondering why i've not heard from you this year. All the best in your mcat. Got this number from my atlanta friends,misplaced your number was sending texts your old number wondering why i ve not heard from you this year all best your mcat got this number from my atlanta friends
ham,"Sorry, I'll call later",sorry i ll call later
ham,Dunno lei... I might b eatin wif my frens... If ü wan to eat then i wait 4 ü lar,dunno lei i might b eatin wif my frens if wan eat then i wait number lar
ham,"Sorry, I'll call later",sorry i ll call later
spam,FREE entry into our £250 weekly comp just send the word WIN to 80086 NOW. 18 T&C www.txttowin.co.uk,free entry into our number weekly comp just send word win number now number t c url
ham,"Say this slowly.? GOD,I LOVE YOU &amp; I NEED YOU,CLEAN MY HEART WITH YOUR BLOOD.Send this to Ten special people &amp; u c miracle tomorrow, do it,pls,pls do it...",say this slowly god i love you amp i need you clean my heart your blood send this ten special people amp u c miracle tomorrow do it pls pls do it
ham,Do u noe how 2 send files between 2 computers?,do u noe how number send files between number computers
ham,"Mmmmm ... I loved waking to your words this morning ! I miss you too, my Love. I hope your day goes well and you are happy. I wait for us to be together again",mmmmm i loved waking your words this morning i miss you too my love i hope your day goes well you happy i wait us be together again
ham,jay says he'll put in  &lt;#&gt;,jay says he ll put lt gt
ham,Can you just come in for a sec? There's somebody here I want you to see,can you just come sec there s somebody here i want you see
ham,So the sun is anti sleep medicine.,so sun anti sleep medicine
ham,What's happening with you. Have you gotten a job and have you begun registration for permanent residency,what s happening you have you gotten job have you begun registration permanent residency
ham,Yup ok...,yup ok
ham,Glad it went well :) come over at 11 then we'll have plenty of time before claire goes to work.,glad it went well come over number then we ll have plenty time before claire goes work
ham,Ok enjoy . R u there in home.,ok enjoy r u there home
ham,"Can you pls pls send me a mail on all you know about relatives coming to deliver here? All you know about costs, risks, benefits and anything else. Thanks.",can you pls pls send me mail all you know about relatives coming deliver here all you know about costs risks benefits anything else thanks
ham,You do what all you like,you do what all you like
ham,That's y we haf to combine n c how lor...,that s y we haf combine n c how lor
ham,The monthly amount is not that terrible and you will not pay anything till 6months after finishing school.,monthly amount not that terrible you will not pay anything till months after finishing school
ham,Hmmm:)how many players selected?,hmmm how many players selected
ham,"They said if its gonna snow, it will start around 8 or 9 pm tonite! They are predicting an inch of accumulation.",they said if its gonna snow it will start around number number pm tonite they predicting inch accumulation
ham,I dont. Can you send it to me. Plus how's mode.,i dont can you send it me plus how s mode
ham,Aiyo please ü got time meh.,aiyo please got time meh
ham,Package all your programs well,package all your programs well
ham,"She is our sister.. She belongs 2 our family.. She is d hope of tomorrow.. Pray 4 her,who was fated 4 d Shoranur train incident. Lets hold our hands together &amp; fuelled by love &amp; concern prior 2 her grief &amp; pain. Pls join in dis chain &amp; pass it. STOP VIOLENCE AGAINST WOMEN.",she our sister she belongs number our family she d hope tomorrow pray number her who was fated number d shoranur train incident lets hold our hands together amp fuelled by love amp concern prior number her grief amp pain pls join dis chain amp pass it stop violence against women
ham,So are you guys asking that i get that slippers again or its gone with last year,so you guys asking that i get that slippers again its gone last year
ham,Company is very good.environment is terrific and food is really nice:),company very good environment terrific food really nice
spam,"Text82228>> Get more ringtones, logos and games from www.txt82228.com. Questions: info@txt82228.co.uk",text get more ringtones logos games from url questions info txt co uk
ham,Honestly i've just made a lovely cup of tea and promptly dropped my keys in it and then burnt my fingers getting them out!,honestly i ve just made lovely cup tea promptly dropped my keys it then burnt my fingers getting them out
ham,Yup but not studying surfing lor. I'm in e lazy mode today.,yup but not studying surfing lor i m e lazy mode today
ham,Please sen :)my kind advice :-)please come here and try:-),please sen my kind advice please come here try
ham,I'm done. C ü there.,i m done c there
ham,"Oh fine, I'll be by tonight",oh fine i ll be by tonight
ham,Ü give me some time to walk there.,give me some time walk there
ham,I'll reach in ard 20 mins ok...,i ll reach ard number mins ok
spam,"FreeMSG You have been awarded a FREE mini DIGITAL CAMERA, just reply SNAP to collect your prize! (quizclub Opt out? Stop 80122300p/wk SP:RWM Ph:08704050406)",freemsg you have been awarded free mini digital camera just reply snap collect your prize quizclub opt out stop p wk sp rwm ph number
ham,Fuck babe ... What happened to you ? How come you never came back?,fuck babe what happened you how come you never came back
spam,This message is brought to you by GMW Ltd. and is not connected to the,this message brought you by gmw ltd not connected
ham,"Some friends want me to drive em someplace, probably take a while",some friends want me drive em someplace probably take while
ham,I also thk too fast... Xy suggest one not me. U dun wan it's ok. Going 2 rain leh where got gd.,i also thk too fast xy suggest one not me u dun wan it s ok going number rain leh where got gd
ham,Are you still getting the goods.,you still getting goods
ham,And maybe some pressies,maybe some pressies
ham,"Yeah I am, so I'll leave maybe 7ish?",yeah i am so i ll leave maybe ish
ham,K..k..i'm also fine:)when will you complete the course?,k k i m also fine when will you complete course
ham,"Under the sea, there lays a rock. In the rock, there is an envelope. In the envelope, there is a paper. On the paper, there are 3 words... '",under sea there lays rock rock there envelope envelope there paper paper there number words
ham,I told her I had a Dr appt next week. She thinks I'm gonna die. I told her its just a check. Nothing to be worried about. But she didn't listen.,i told her i had dr appt next week she thinks i m gonna die i told her its just check nothing be worried about but she didn t listen
ham,You in your room? I need a few,you your room i need few
ham,I dont want to hear anything,i dont want hear anything
ham,Hey. For me there is no leave on friday. Wait i will ask my superior and tell you..,hey me there no leave friday wait i will ask my superior tell you
ham,Ultimately tor motive tui achieve korli.,ultimately tor motive tui achieve korli
ham,From 5 to 2 only my work timing.,from number number only my work timing
ham,… and don‘t worry we‘ll have finished by march … ish!,don t worry we ll have finished by march ish
ham,"The house is on the water with a dock, a boat rolled up with a newscaster who dabbles in jazz flute behind the wheel",house water dock boat rolled up newscaster who dabbles jazz flute behind wheel
spam,"Congrats 2 mobile 3G Videophones R yours. call 09063458130 now! videochat wid ur mates, play java games, Dload polypH music, noline rentl. bx420. ip4. 5we. 150p",congrats number mobile g videophones r yours call number now videochat wid ur mates play java games dload polyph music noline rentl bx ip we p
spam,Your next amazing xxx PICSFREE1 video will be sent to you enjoy! If one vid is not enough for 2day text back the keyword PICSFREE1 to get the next video.,your next amazing xxx picsfree video will be sent you enjoy if one vid not enough day text back keyword picsfree get next video
ham,Now thats going to ruin your thesis!,now thats going ruin your thesis
ham,In sch but neva mind u eat 1st lor..,sch but neva mind u eat st lor
ham,Hey whats up? U sleeping all morning?,hey whats up u sleeping all morning
ham,Erm. I thought the contract ran out the4th of october.,erm i thought contract ran out th october
ham,I dunno until when... Lets go learn pilates...,i dunno until when lets go learn pilates
spam,U are subscribed to the best Mobile Content Service in the UK for £3 per ten days until you send STOP to 83435. Helpline 08706091795.,u subscribed best mobile content service uk number per ten days until you send stop number helpline number
ham,Yup i'm elaborating on the safety aspects and some other issues..,yup i m elaborating safety aspects some other issues
spam,"3 FREE TAROT TEXTS! Find out about your love life now! TRY 3 FOR FREE! Text CHANCE to 85555 16 only! After 3 Free, Msgs £1.50 each",number free tarot texts find out about your love life now try number free text chance number number only after number free msgs number number each
ham,"Goodmorning, today i am late for 1hr.",goodmorning today i am late hr
ham,Hi happy birthday. Hi hi hi hi hi hi hi,hi happy birthday hi hi hi hi hi hi hi
ham,I will be outside office take all from there,i will be outside office take all from there
ham,If you don't respond imma assume you're still asleep and imma start calling n shit,if you don t respond imma assume you re still asleep imma start calling n shit
ham,"Aight, see you in a bit",aight see you bit
ham,My superior telling that friday is leave for all other department except ours:)so it will be leave for you:)any way call waheed fathima hr and conform it:),my superior telling that friday leave all other department except ours so it will be leave you any way call waheed fathima hr conform it
spam,Join the UK's horniest Dogging service and u can have sex 2nite!. Just sign up and follow the instructions. Txt ENTRY to 69888 now! Nyt.EC2A.3LP.msg@150p,join uk s horniest dogging service u can have sex nite just sign up follow instructions txt entry number now nyt ec lp msg p
ham,Lol I have to take it. member how I said my aunt flow didn't visit for 6 months? It's cause I developed ovarian cysts. Bc is the only way to shrink them.,lol i have take it member how i said my aunt flow didn t visit number months it s cause i developed ovarian cysts bc only way shrink them
ham,Still work going on:)it is very small house.,still work going it very small house
ham,"My friend just got here and says he's upping his order by a few grams (he's got $ &lt;#&gt; ), when can you get here?",my friend just got here says he s upping his order by few grams he s got lt gt when can you get here
ham,Tmr timin still da same wat cos i got lesson until 6...,tmr timin still da same wat cos i got lesson until number
ham,"That‘s the thing with apes, u can fight to the death to keep something, but the minute they have it when u let go, thats it!",that s thing apes u can fight death keep something but minute they have it when u let go thats it
spam,Sunshine Quiz Wkly Q! Win a top Sony DVD player if u know which country Liverpool played in mid week? Txt ansr to 82277. £1.50 SP:Tyrone,sunshine quiz wkly q win top sony dvd player if u know which country liverpool played mid week txt ansr number number number sp tyrone
ham,No i'm not gonna be able to. || too late notice. || i'll be home in a few weeks anyway. || what are the plans,no i m not gonna be able too late notice i ll be home few weeks anyway what plans
ham,"Got fujitsu, ibm, hp, toshiba... Got a lot of model how to say...",got fujitsu ibm hp toshiba got lot model how say
ham,Okie... Thanx...,okie thanx
ham,"Gosh that , what a pain. Spose I better come then.",gosh that what pain spose i better come then
ham,"As usual..iam fine, happy &amp; doing well..:)",as usual iam fine happy amp doing well
ham,Okie,okie
ham,So when you gonna get rimac access ,so when you gonna get rimac access
ham,Im at arestaurant eating squid! i will be out about 10:30 wanna dosomething or is that to late?,im arestaurant eating squid i will be out about number number wanna dosomething that late
ham,You call times job today ok umma and ask them to speed up,you call times job today ok umma ask them speed up
ham,HELLO U.CALL WEN U FINISH WRK.I FANCY MEETIN UP WIV U ALL TONITE AS I NEED A BREAK FROM DABOOKS. DID 4 HRS LAST NITE+2 TODAY OF WRK!,hello u call wen u finish wrk i fancy meetin up wiv u all tonite as i need break from dabooks did number hrs last nite number today wrk
ham,R U &SAM P IN EACHOTHER. IF WE MEET WE CAN GO 2 MY HOUSE,r u sam p eachother if we meet we can go number my house
ham,:-) yeah! Lol. Luckily i didn't have a starring role like you!,yeah lol luckily i didn t have starring role like you
ham,Hello madam how are you ?,hello madam how you
ham,"Awesome, text me when you're restocked",awesome text me when you re restocked
ham,"As usual..iam fine, happy &amp; doing well..:)",as usual iam fine happy amp doing well
spam,Knock Knock Txt whose there to 80082 to enter r weekly draw 4 a £250 gift voucher 4 a store of yr choice. T&Cs www.tkls.com age16 to stoptxtstop£1.50/week,knock knock txt whose there number enter r weekly draw number number gift voucher number store yr choice t cs url age stoptxtstop number number week
ham,Yes. It's all innocent fun. O:-),yes it s all innocent fun o
ham,Thanks for sending this mental ability question..,thanks sending this mental ability question
ham,"Sir, hope your day is going smoothly. i really hoped i wont have to bother you about this. I have some bills that i can't settle this month. I am out of all extra cash. I know this is a challenging time for you also but i have to let you know.",sir hope your day going smoothly i really hoped i wont have bother you about this i have some bills that i can t settle this month i am out all extra cash i know this challenging time you also but i have let you know
ham,2marrow only. Wed at  &lt;#&gt;  to 2 aha.,marrow only wed lt gt number aha
ham,I went to ur hon lab but no one is there.,i went ur hon lab but no one there
ham,I cant pick the phone right now. Pls send a message,i cant pick phone right now pls send message
ham,Hey pple...$700 or $900 for 5 nights...Excellent location wif breakfast hamper!!!,hey pple number number number nights excellent location wif breakfast hamper
spam,<Forwarded from 21870000>Hi - this is your Mailbox Messaging SMS alert. You have 40 matches. Please call back on 09056242159 to retrieve your messages and matches cc100p/min,forwarded from number hi this your mailbox messaging sms alert you have number matches please call back number retrieve your messages matches cc p min
ham,How come?,how come
ham,Lol! Nah wasn't too bad thanks. Its good to b home but its been quite a reality check. Hows ur day been? Did u do anything with website?,lol nah wasn t too bad thanks its good b home but its been quite reality check hows ur day been did u do anything website
ham,Ok lor...,ok lor
ham,I'm coming home 4 dinner.,i m coming home number dinner
ham,S da..al r above  &lt;#&gt;,s da al r above lt gt
spam,"FREE RING TONE just text ""POLYS"" to 87131. Then every week get a new tone. 0870737910216yrs only £1.50/wk.",free ring tone just text polys number then every week get new tone yrs only number number wk
ham,Unni thank you dear for the recharge..Rakhesh,unni thank you dear recharge rakhesh
ham,I know I'm lacking on most of this particular dramastorm's details but for the most part I'm not worried about that,i know i m lacking most this particular dramastorm s details but most part i m not worried about that
ham,Haha... They cant what... At the most tmr forfeit... haha so how?,haha they cant what most tmr forfeit haha so how
ham,"Hey there! Glad u r better now. I hear u treated urself to a digi cam, is it good? We r off at 9pm. Have a fab new year, c u in coupla wks!",hey there glad u r better now i hear u treated urself digi cam it good we r off pm have fab new year c u coupla wks
ham,No way I'm going back there!,no way i m going back there
spam,"URGENT! Your mobile No 077xxx WON a £2,000 Bonus Caller Prize on 02/06/03! This is the 2nd attempt to reach YOU! Call 09066362206 ASAP! BOX97N7QP, 150ppm",urgent your mobile no xxx won number number bonus caller prize number number number this nd attempt reach you call number asap box n qp ppm
ham,I WILL CAL YOU SIR. In meeting,i will cal you sir meeting
ham,"That's what I love to hear :V see you sundayish, then",that s what i love hear v see you sundayish then
ham,"Sorry da thangam, very very sorry i am held up with prasad.",sorry da thangam very very sorry i am held up prasad
ham,Tiwary to rcb.battle between bang and kochi.,tiwary rcb battle between bang kochi
ham,Thank god they are in bed!,thank god they bed
ham,No I don't have cancer. Moms making a big deal out of a regular checkup aka pap smear,no i don t have cancer moms making big deal out regular checkup aka pap smear
ham,Am in gobi arts college,am gobi arts college
ham,Why she wants to talk to me,why she wants talk me
ham,Pandy joined 4w technologies today.he got job..,pandy joined w technologies today he got job
spam,"You are guaranteed the latest Nokia Phone, a 40GB iPod MP3 player or a £500 prize! Txt word: COLLECT to No: 83355! IBHltd LdnW15H 150p/Mtmsgrcvd18",you guaranteed latest nokia phone gb ipod mp player number prize txt word collect no number ibhltd ldnw h p mtmsgrcvd
ham,"They can try! They can get lost, in fact. Tee hee",they can try they can get lost fact tee hee
ham,Hi! You just spoke to MANEESHA V. We'd like to know if you were satisfied with the experience. Reply Toll Free with Yes or No.,hi you just spoke maneesha v we d like know if you were satisfied experience reply toll free yes no
ham,My friends use to call the same.,my friends use call same
ham,"Sorry, I'll call later",sorry i ll call later
ham,"Em, its olowoyey@ usc.edu have a great time in argentina. Not sad about secretary, everything is a blessing",em its olowoyey usc edu have great time argentina not sad about secretary everything blessing
ham,"It,,s a taxt massage....tie-pos argh ok! Lool!",it s taxt massage tie pos argh ok lool
ham,"Hi, can i please get a  &lt;#&gt;  dollar loan from you. I.ll pay you back by mid february. Pls.",hi can i please get lt gt dollar loan from you i ll pay you back by mid february pls
ham,"You might want to pull out more just in case and just plan on not spending it if you can, I don't have much confidence in derek and taylor's money management",you might want pull out more just case just plan not spending it if you can i don t have much confidence derek taylor s money management
ham,Do you like shaking your booty on the dance floor?,do you like shaking your booty dance floor
ham,"Text me when you get off, don't call, my phones having problems",text me when you get off don t call my phones having problems
ham,No need for the drug anymore.,no need drug anymore
ham,Sorry da:)i was thought of calling you lot of times:)lil busy.i will call you at noon..,sorry da i was thought calling you lot times lil busy i will call you noon
ham,Its sarcasm.. .nt scarcasim,its sarcasm nt scarcasim
ham,Great! I have to run now so ttyl!,great i have run now so ttyl
ham,Feel like trying kadeem again? :V,feel like trying kadeem again v
ham,Dai  &lt;#&gt;  naal eruku.,dai lt gt naal eruku
ham,Not yet chikku..wat abt u?,not yet chikku wat abt u
ham,Ok...,ok
ham,Want to finally have lunch today?,want finally have lunch today
ham,Do you know when dad will be back?,do you know when dad will be back
spam,"Hello darling how are you today? I would love to have a chat, why dont you tell me what you look like and what you are in to sexy?",hello darling how you today i would love have chat why dont you tell me what you look like what you sexy
spam,8007 FREE for 1st week! No1 Nokia tone 4 ur mob every week just txt NOKIA to 8007 Get txting and tell ur mates www.getzed.co.uk POBox 36504 W4 5WQ norm 150p/tone 16+,number free st week no nokia tone number ur mob every week just txt nokia number get txting tell ur mates url pobox number w wq norm p tone number
ham,He remains a bro amongst bros,he remains bro amongst bros
ham,R u meeting da ge at nite tmr?,r u meeting da ge nite tmr
ham,"* Was a nice day and, impressively, i was sensible, went home early and now feel fine. Or am i just boring?! When's yours, i can't remember.",was nice day impressively i was sensible went home early now feel fine am i just boring when s yours i can t remember
ham,Why de. You looking good only:-)..,why de you looking good only
spam,Wanna get laid 2nite? Want real Dogging locations sent direct to ur mobile? Join the UK's largest Dogging Network. Txt PARK to 69696 now! Nyt. ec2a. 3lp £1.50/msg,wanna get laid nite want real dogging locations sent direct ur mobile join uk s largest dogging network txt park number now nyt ec lp number number msg
spam,we tried to contact you re your response to our offer of a new nokia fone and camcorder hit reply or call 08000930705 for delivery,we tried contact you re your response our offer new nokia fone camcorder hit reply call number delivery
ham,Yes. They replied my mail. I'm going to the management office later. Plus will in to bank later also.or on wednesday.,yes they replied my mail i m going management office later plus will bank later also wednesday
ham,"That's cool, I'll come by like  &lt;#&gt; ish",that s cool i ll come by like lt gt ish
ham,Super msg da:)nalla timing.,super msg da nalla timing
ham,"Good afternoon, my boytoy ... How are you feeling today ? Better I hope? Are you being my good boy? Are you my obedient, slave? Do you please your Queen?",good afternoon my boytoy how you feeling today better i hope you being my good boy you my obedient slave do you please your queen
ham,I am 6 ft. We will be a good combination!,i am number ft we will be good combination
ham,I'm sick !! I'm needy !! I want you !! *pouts* *stomps feet* Where are you ?! *pouts* *stomps feet* I want my slave !! I want him now !!,i m sick i m needy i want you pouts stomps feet where you pouts stomps feet i want my slave i want him now
ham,* Am on a train back from northampton so i'm afraid not!,am train back from northampton so i m afraid not
ham,Where in abj are you serving. Are you staying with dad or alone.,where abj you serving you staying dad alone
ham,Was playng 9 doors game and gt racing on phone lol,was playng number doors game gt racing phone lol
spam,"New Tones This week include: 1)McFly-All Ab.., 2) Sara Jorge-Shock.. 3) Will Smith-Switch.. To order follow instructions on next message",new tones this week include number mcfly all ab number sara jorge shock number will smith switch order follow instructions next message
ham,"Solve d Case : A Man Was Found Murdered On  &lt;DECIMAL&gt; . &lt;#&gt;  AfterNoon. 1,His wife called Police. 2,Police questioned everyone. 3,Wife: Sir,I was sleeping, when the murder took place. 4.Cook: I was cooking. 5.Gardener: I was picking vegetables. 6.House-Maid: I went 2 d post office. 7.Children: We went 2 play. 8.Neighbour: We went 2 a marriage. Police arrested d murderer Immediately. Who's It? Reply With Reason, If U r Brilliant.",solve d case man was found murdered lt decimal gt lt gt afternoon number his wife called police number police questioned everyone number wife sir i was sleeping when murder took place number cook i was cooking number gardener i was picking vegetables number house maid i went number d post office number children we went number play number neighbour we went number marriage police arrested d murderer immediately who s it reply reason if u r brilliant
ham,I'm on da bus going home...,i m da bus going home
ham,I got a call from a landline number. . . I am asked to come to anna nagar . . . I will go in the afternoon,i got call from landline number i am asked come anna nagar i will go afternoon
ham,I'm okay. Chasing the dream. What's good. What are you doing next.,i m okay chasing dream what s good what you doing next
ham,Yupz... I've oredi booked slots 4 my weekends liao... ,yupz i ve oredi booked slots number my weekends liao
spam,URGENT! We are trying to contact U. Todays draw shows that you have won a £800 prize GUARANTEED. Call 09050003091 from land line. Claim C52. Valid 12hrs only,urgent we trying contact u todays draw shows that you have won number prize guaranteed call number from land line claim c valid hrs only
ham,There r many model..sony ericson also der.. &lt;#&gt; ..it luks good bt i forgot modl no,there r many model sony ericson also der lt gt it luks good bt i forgot modl no
ham,Okie,okie
ham,Yes I know the cheesy songs from frosty the snowman :),yes i know cheesy songs from frosty snowman
ham,"Ya ok, vikky vl c witin  &lt;#&gt; mins and il reply u..",ya ok vikky vl c witin lt gt mins il reply u
spam,sports fans - get the latest sports news str* 2 ur mobile 1 wk FREE PLUS a FREE TONE Txt SPORT ON to 8007 www.getzed.co.uk 0870141701216+ norm 4txt/120p ,sports fans get latest sports news str number ur mobile number wk free plus free tone txt sport number url number norm txt p
ham,Hey tmr meet at bugis 930 ?,hey tmr meet bugis number
spam,"Urgent Urgent! We have 800 FREE flights to Europe to give away, call B4 10th Sept & take a friend 4 FREE. Call now to claim on 09050000555. BA128NNFWFLY150ppm",urgent urgent we have number free flights europe give away call b th sept take friend number free call now claim number ba nnfwfly ppm
ham,All these nice new shirts and the only thing I can wear them to is nudist themed ;_; you in mu?,all these nice new shirts only thing i can wear them nudist themed you mu
ham,Hey sexy buns! What of that day? No word from you this morning on YM ... :-( ... I think of you,hey sexy buns what that day no word from you this morning ym i think you
ham,And whenever you and i see we can still hook up too.,whenever you i see we can still hook up too
ham,Nope but i'm going home now then go pump petrol lor... Like going 2 rain soon...,nope but i m going home now then go pump petrol lor like going number rain soon
ham,Can you use foreign stamps for whatever you send them off for? ,can you use foreign stamps whatever you send them off
spam,FROM 88066 LOST £12 HELP,from number lost number help
ham,Oh baby of the house. How come you dont have any new pictures on facebook,oh baby house how come you dont have any new pictures facebook
ham,"Feb  &lt;#&gt;  is ""I LOVE U"" day. Send dis to all ur ""VALUED FRNDS"" evn me. If 3 comes back u'll gt married d person u luv! If u ignore dis u will lose ur luv 4 Evr",feb lt gt i love u day send dis all ur valued frnds evn me if number comes back u ll gt married d person u luv if u ignore dis u will lose ur luv number evr
ham,"Hiya, sorry didn't hav signal. I haven't seen or heard from and neither has, which is unusual in itself! I'll put on the case and get him to sort it out! Hugs and snogs.",hiya sorry didn t hav signal i haven t seen heard from neither has which unusual itself i ll put case get him sort it out hugs snogs
ham,"Omw back to tampa from west palm, you hear what happened?",omw back tampa from west palm you hear what happened
ham,Yup no more already... Thanx 4 printing n handing it up.,yup no more already thanx number printing n handing it up
spam,FreeMsg: Fancy a flirt? Reply DATE now & join the UKs fastest growing mobile dating service. Msgs rcvd just 25p to optout txt stop to 83021. Reply DATE now!,freemsg fancy flirt reply date now join uks fastest growing mobile dating service msgs rcvd just p optout txt stop number reply date now
ham,What i mean is do they come chase you out when its over or is it stated you can watch as many movies as you want.,what i mean do they come chase you out when its over it stated you can watch as many movies as you want
ham,S now only i took tablets . Reaction morning only.,s now only i took tablets reaction morning only
spam,Great NEW Offer - DOUBLE Mins & DOUBLE Txt on best Orange tariffs AND get latest camera phones 4 FREE! Call MobileUpd8 free on 08000839402 NOW! or 2stoptxt T&Cs,great new offer double mins double txt best orange tariffs get latest camera phones number free call mobileupd free number now stoptxt t cs
ham,"Nah, I'm a perpetual DD",nah i m perpetual dd
ham,Sorry de i went to shop.,sorry de i went shop
spam,Hope you enjoyed your new content. text stop to 61610 to unsubscribe. help:08712400602450p Provided by tones2you.co.uk,hope you enjoyed your new content text stop number unsubscribe help p provided by tones you co uk
ham,"Wen ur lovable bcums angry wid u, dnt take it seriously.. Coz being angry is d most childish n true way of showing deep affection, care n luv!.. kettoda manda... Have nice day da.",wen ur lovable bcums angry wid u dnt take it seriously coz being angry d most childish n true way showing deep affection care n luv kettoda manda have nice day da
ham,Hey you still want to go for yogasana? Coz if we end at cine then can go bathe and hav the steam bath,hey you still want go yogasana coz if we end cine then can go bathe hav steam bath
ham,Nope i'm not drivin... I neva develop da photos lei...,nope i m not drivin i neva develop da photos lei
ham,I am thinking of going down to reg for pract lessons.. Flung my advance.. Haha wat time u going?,i am thinking going down reg pract lessons flung my advance haha wat time u going
ham,Cool. I am  &lt;#&gt;  inches long. hope you like them big!,cool i am lt gt inches long hope you like them big
ham,"House-Maid is the murderer, coz the man was murdered on  &lt;#&gt; th January.. As public holiday all govt.instituitions are closed,including post office..understand?",house maid murderer coz man was murdered lt gt th january as public holiday all govt instituitions closed including post office understand
ham,Okie.. Thanx..,okie thanx
spam,18 days to Euro2004 kickoff! U will be kept informed of all the latest news and results daily. Unsubscribe send GET EURO STOP to 83222.,number days euro kickoff u will be kept informed all latest news results daily unsubscribe send get euro stop number
ham,Go where n buy? Juz buy when we get there lar.,go where n buy juz buy when we get there lar
ham,Ok lor...,ok lor
ham,I'm working technical support :)voice process.,i m working technical support voice process
ham,It's justbeen overa week since we broke up and already our brains are going to mush!,it s justbeen overa week since we broke up already our brains going mush
ham,"Tunde, how are you doing. This is just wishing you a great day. Abiola.",tunde how you doing this just wishing you great day abiola
ham,Nope... C ü then...,nope c then
ham,No. But we'll do medical missions to nigeria,no but we ll do medical missions nigeria
ham,No i am not having not any movies in my laptop,no i am not having not any movies my laptop
ham,Whatsup there. Dont u want to sleep,whatsup there dont u want sleep
spam,Urgent Please call 09066612661 from landline. £5000 cash or a luxury 4* Canary Islands Holiday await collection. T&Cs SAE award. 20M12AQ. 150ppm. 16+ “,urgent please call number from landline number cash luxury number canary islands holiday await collection t cs sae award m aq ppm number
spam,"Urgent! Please call 09066612661 from your landline, your complimentary 4* Lux Costa Del Sol holiday or £1000 CASH await collection. ppm 150 SAE T&Cs James 28, EH74RR",urgent please call number from your landline your complimentary number lux costa del sol holiday number cash await collection ppm number sae t cs james number eh rr
ham,I havent lei.. Next mon can?,i havent lei next mon can
ham,Mm feeling sleepy. today itself i shall get that dear,mm feeling sleepy today itself i shall get that dear
ham,How dare you stupid. I wont tell anything to you. Hear after i wont talk to you:-.,how dare you stupid i wont tell anything you hear after i wont talk you
ham,Do ü noe if ben is going?,do noe if ben going
ham,Can you do a mag meeting this avo at some point?,can you do mag meeting this avo some point
ham,I meant middle left or right?,i meant middle left right
ham,Really? I crashed out cuddled on my sofa.,really i crashed out cuddled my sofa
ham,Hi Chachi tried calling u now unable to reach u .. Pl give me a missed cal once u c tiz msg  Kanagu,hi chachi tried calling u now unable reach u pl give me missed cal once u c tiz msg kanagu
ham,"I sent you the prices and do you mean the  &lt;#&gt; g,",i sent you prices do you mean lt gt g
ham,Are you this much buzy,you this much buzy
ham,Nothing. Can...,nothing can
spam,I don't know u and u don't know me. Send CHAT to 86688 now and let's find each other! Only 150p/Msg rcvd. HG/Suite342/2Lands/Row/W1J6HL LDN. 18 years or over.,i don t know u u don t know me send chat number now let s find each other only p msg rcvd hg suite lands row w j hl ldn number years over
ham,No * am working on the ringing u thing but have whole houseful of screaming brats so * am pulling my hair out! Loving u,no am working ringing u thing but have whole houseful screaming brats so am pulling my hair out loving u
ham,But my family not responding for anything. Now am in room not went to home for diwali but no one called me and why not coming. It makes me feel like died.,but my family not responding anything now am room not went home diwali but no one called me why not coming it makes me feel like died
ham,"Tick, tick, tick ... Babe",tick tick tick babe
ham,R ü going 4 today's meeting?,r going number today s meeting
ham,K da:)how many page you want?,k da how many page you want
ham,Ya had just now.onion roast.,ya had just now onion roast
ham,Send his number and give reply tomorrow morning for why you said that to him like that ok,send his number give reply tomorrow morning why you said that him like that ok
ham,You said not now. No problem. When you can. Let me know.,you said not now no problem when you can let me know
ham,Ok but tell me half an hr b4 u come i need 2 prepare.,ok but tell me half hr b u come i need number prepare
ham,Play w computer? Aiyah i tok 2 u lor?,play w computer aiyah i tok number u lor
ham,Sat right? Okay thanks... ,sat right okay thanks
ham,"Derp. Which is worse, a dude who always wants to party or a dude who files a complaint about the three drug abusers he lives with",derp which worse dude who always wants party dude who files complaint about three drug abusers he lives
ham,Ok Chinese food on its way. When I get fat you're paying for my lipo.,ok chinese food its way when i get fat you re paying my lipo
ham,We r outside already.,we r outside already
ham,Have a good trip. Watch out for . Remember when you get back we must decide about easter.,have good trip watch out remember when you get back we must decide about easter
ham,Yo we are watching a movie on netflix,yo we watching movie netflix
ham,What time. I‘m out until prob 3 or so,what time i m out until prob number so
ham,"Can meh? Thgt some will clash... Really ah, i dun mind... I dun seen to have lost any weight... Gee...",can meh thgt some will clash really ah i dun mind i dun seen have lost any weight gee
ham,I dont thnk its a wrong calling between us,i dont thnk its wrong calling between us
ham,I am not sure about night menu. . . I know only about noon menu,i am not sure about night menu i know only about noon menu
ham,ARR birthday today:) i wish him to get more oscar.,arr birthday today i wish him get more oscar
ham,"Say this slowly.? GOD,I LOVE YOU &amp; I NEED YOU,CLEAN MY HEART WITH YOUR BLOOD.Send this to Ten special people &amp; u c miracle tomorrow, do it,pls,pls do it...",say this slowly god i love you amp i need you clean my heart your blood send this ten special people amp u c miracle tomorrow do it pls pls do it
ham,"Open rebtel with firefox. When it loads just put plus sign in the user name place, and it will show you two numbers. The lower number is my number. Once you pick that number the pin will display okay!",open rebtel firefox when it loads just put plus sign user name place it will show you two numbers lower number my number once you pick that number pin will display okay
ham, and  picking them up from various points,picking them up from various points
spam,Married local women looking for discreet action now! 5 real matches instantly to your phone. Text MATCH to 69969 Msg cost 150p 2 stop txt stop BCMSFWC1N3XX,married local women looking discreet action now number real matches instantly your phone text match number msg cost p number stop txt stop bcmsfwc n xx
ham,Wow v v impressed. Have funs shopping!,wow v v impressed have funs shopping
ham,I am on the way to ur home,i am way ur home
spam,Burger King - Wanna play footy at a top stadium? Get 2 Burger King before 1st Sept and go Large or Super with Coca-Cola and walk out a winner,burger king wanna play footy top stadium get number burger king before st sept go large super coca cola walk out winner
ham,No problem. Talk to you later,no problem talk you later
ham,Then ur sis how?,then ur sis how
ham,Still in customer place,still customer place
spam,How come it takes so little time for a child who is afraid of the dark to become a teenager who wants to stay out all night?,how come it takes so little time child who afraid dark become teenager who wants stay out all night
ham,"Dude u knw also telugu..thts gud..k, gud nyt..",dude u knw also telugu thts gud k gud nyt
ham,We confirm eating at esplanade?,we confirm eating esplanade
ham,Send me your id and password,send me your id password
ham,Kind of. Took it to garage. Centre part of exhaust needs replacing. Part ordered n taking it to be fixed tomo morning.,kind took it garage centre part exhaust needs replacing part ordered n taking it be fixed tomo morning
spam,"For ur chance to win a £250 cash every wk TXT: ACTION to 80608. T's&C's www.movietrivia.tv custcare 08712405022, 1x150p/wk.",ur chance win number cash every wk txt action number t s c s url custcare number x p wk
ham,Well I might not come then...,well i might not come then
ham,Long after I quit. I get on only like 5 minutes a day as it is.,long after i quit i get only like number minutes day as it
ham,Then its most likely called Mittelschmertz. Google it. If you dont have paracetamol dont worry it will go.,then its most likely called mittelschmertz google it if you dont have paracetamol dont worry it will go
ham,Well at this right I'm gonna have to get up and check today's steam sales/pee so text me when you want me to come get you,well this right i m gonna have get up check today s steam sales pee so text me when you want me come get you
ham,"Just arrived, see you in a couple days &lt;3",just arrived see you couple days lt number
ham,"K, wat s tht incident?",k wat s tht incident
ham,Yeah get the unlimited,yeah get unlimited
ham,cThen i thk shd b enuff.. Still got conclusion n contents pg n references.. I'll b doing da contents pg n cover pg..,cthen i thk shd b enuff still got conclusion n contents pg n references i ll b doing da contents pg n cover pg
ham,"Forgot it takes me 3 years to shower, sorry. Where you at/your phone dead yet?",forgot it takes me number years shower sorry where you your phone dead yet
ham,Ü got wat to buy tell us then ü no need to come in again.,got wat buy tell us then no need come again
ham,When you are big..| God will bring success.,when you big god will bring success
spam,U’ve Bin Awarded £50 to Play 4 Instant Cash. Call 08715203028 To Claim. EVERY 9th Player Wins Min £50-£500. OptOut 08718727870,u ve bin awarded number play number instant cash call number claim every th player wins min number number optout number
ham,"… we r stayin here an extra week, back next wed. How did we do in the rugby this weekend? Hi to and and , c u soon """,we r stayin here extra week back next wed how did we do rugby this weekend hi c u soon
ham,Well there's still a bit left if you guys want to tonight,well there s still bit left if you guys want tonight
ham,Not from this campus. Are you in the library?,not from this campus you library
ham,"The affidavit says  &lt;#&gt;  E Twiggs St, division g, courtroom  &lt;#&gt; , &lt;TIME&gt;  AM. I'll double check and text you again tomorrow",affidavit says lt gt e twiggs st division g courtroom lt gt lt time gt am i ll double check text you again tomorrow
ham,How will I creep on you now? ;_;,how will i creep you now
ham,Tell your friends what you plan to do on Valentines day @ &lt;URL&gt;,tell your friends what you plan do valentines day lt url gt
ham,If I get there before you after your ten billion calls and texts so help me god,if i get there before you after your ten billion calls texts so help me god
ham,Purity of friendship between two is not about smiling after reading the forwarded message..Its about smiling just by seeing the name. Gud evng musthu,purity friendship between two not about smiling after reading forwarded message its about smiling just by seeing name gud evng musthu
ham,I've told him that i've returned it. That should i re order it.,i ve told him that i ve returned it that should i re order it
ham,"House-Maid is the murderer, coz the man was murdered on  &lt;#&gt; th January.. As public holiday all govt.instituitions are closed,including post office..",house maid murderer coz man was murdered lt gt th january as public holiday all govt instituitions closed including post office
ham,Depends on where u going lor.,depends where u going lor
ham,And smile for me right now as you go and the world will wonder what you are smiling about and think your crazy and keep away from you ... *grins*,smile me right now as you go world will wonder what you smiling about think your crazy keep away from you grins
spam,FreeMsg>FAV XMAS TONES!Reply REAL,freemsg fav xmas tones reply real
ham,Lil fever:) now fine:),lil fever now fine
ham,I think it's all still in my car,i think it s all still my car
ham,Can a not?,can not
spam,December only! Had your mobile 11mths+? You are entitled to update to the latest colour camera mobile for Free! Call The Mobile Update Co FREE on 08002986906 ,december only had your mobile mths you entitled update latest colour camera mobile free call mobile update co free number
ham,Yes princess! I want to catch you with my big strong hands...,yes princess i want catch you my big strong hands
ham,Oh yeah I forgot. U can only take 2 out shopping at once.,oh yeah i forgot u can only take number out shopping once
ham,Mm so you asked me not to call radio,mm so you asked me not call radio
ham,Thinkin about someone is all good. No drugs for that,thinkin about someone all good no drugs that
ham,"Say this slowly.? GOD,I LOVE YOU &amp; I NEED YOU,CLEAN MY HEART WITH YOUR BLOOD.Send this to Ten special people &amp; u c miracle tomorrow, do it,pls,pls do it...",say this slowly god i love you amp i need you clean my heart your blood send this ten special people amp u c miracle tomorrow do it pls pls do it
ham,"Enjoy the showers of possessiveness poured on u by ur loved ones, bcoz in this world of lies, it is a golden gift to be loved truly..",enjoy showers possessiveness poured u by ur loved ones bcoz this world lies it golden gift be loved truly
ham,"Alright if you're sure, let me know when you're leaving",alright if you re sure let me know when you re leaving
ham,Some are lasting as much as 2 hours. You might get lucky.,some lasting as much as number hours you might get lucky
ham,Genius what's up. How your brother. Pls send his number to my skype.,genius what s up how your brother pls send his number my skype
spam,"Gr8 Poly tones 4 ALL mobs direct 2u rply with POLY TITLE to 8007 eg POLY BREATHE1 Titles: CRAZYIN, SLEEPINGWITH, FINEST, YMCA :getzed.co.uk POBox365O4W45WQ 300p",gr poly tones number all mobs direct u rply poly title number eg poly breathe titles crazyin sleepingwith finest ymca getzed co uk pobox o w wq p
ham,Thk some of em find wtc too far... Weiyi not goin... E rest i dunno yet... R ur goin 4 dinner den i might b able to join...,thk some em find wtc too far weiyi not goin e rest i dunno yet r ur goin number dinner den i might b able join
ham,Don't forget who owns you and who's private property you are ... And be my good boy always .. *passionate kiss*,don t forget who owns you who s private property you be my good boy always passionate kiss
spam,INTERFLORA - It's not too late to order Interflora flowers for christmas call 0800 505060 to place your order before Midnight tomorrow.,interflora it s not too late order interflora flowers christmas call number number place your order before midnight tomorrow
ham,Oh god..taken the teeth?is it paining,oh god taken teeth it paining
spam,ROMCAPspam Everyone around should be responding well to your presence since you are so warm and outgoing. You are bringing in a real breath of sunshine.,romcapspam everyone around should be responding well your presence since you so warm outgoing you bringing real breath sunshine
ham,Then u ask darren go n pick u lor... But i oso sian tmr haf 2 meet lect...,then u ask darren go n pick u lor but i oso sian tmr haf number meet lect
ham,No need to buy lunch for me.. I eat maggi mee..,no need buy lunch me i eat maggi mee
spam,"Congratulations - Thanks to a good friend U have WON the £2,000 Xmas prize. 2 claim is easy, just call 08712103738 NOW! Only 10p per minute. BT-national-rate",congratulations thanks good friend u have won number number xmas prize number claim easy just call number now only p per minute bt national rate
ham,Ok lor...,ok lor
ham,"Oh right, ok. I'll make sure that i do loads of work during the day!  got a really nasty cough today and is dry n shot so that should really help it!",oh right ok i ll make sure that i do loads work during day got really nasty cough today dry n shot so that should really help it
ham,Wife.how she knew the time of murder exactly,wife how she knew time murder exactly
spam,Send a logo 2 ur lover - 2 names joined by a heart. Txt LOVE NAME1 NAME2 MOBNO eg LOVE ADAM EVE 07123456789 to 87077 Yahoo! POBox36504W45WQ TxtNO 4 no ads 150p.,send logo number ur lover number names joined by heart txt love name name mobno eg love adam eve number number yahoo pobox w wq txtno number no ads p
ham,Howz that persons story,howz that persons story
ham,Thanx 4 sending me home...,thanx number sending me home
ham,Its normally hot mail. Com you see!,its normally hot mail com you see
spam,"You've won tkts to the EURO2004 CUP FINAL or £800 CASH, to collect CALL 09058099801 b4190604, POBOX 7876150ppm",you ve won tkts euro cup final number cash collect call number b pobox ppm
ham,U sick still can go shopping?,u sick still can go shopping
ham,"Ya they are well and fine., BBD(pooja) full pimples..even she become quite black..and ur rite here its too cold, wearing sweatter..",ya they well fine bbd pooja full pimples even she become quite black ur rite here its too cold wearing sweatter
ham,Nice.nice.how is it working?,nice nice how it working
ham,1's reach home call me.,number s reach home call me
ham,Were trying to find a Chinese food place around here,were trying find chinese food place around here
ham,"Easy mate, * guess the quick drink was bit ambitious.",easy mate guess quick drink was bit ambitious
ham,BABE !!! I miiiiiiissssssssss you ! I need you !!! I crave you !!! :-( ... Geeee ... I'm so sad without you babe ... I love you ...,babe i miiiiiiissssssssss you i need you i crave you geeee i m so sad without you babe i love you
ham,Ok thanx...,ok thanx
ham,aathi..where are you dear..,aathi where you dear
ham,"Tunji, how's the queen? how are you doing. This is just wishing you a great day. Abiola.",tunji how s queen how you doing this just wishing you great day abiola
ham,Today iZ Yellow rose day. If u love my frndship give me 1 misscall &amp; send this to ur frndZ &amp; See how many miss calls u get. If u get 6missed U marry ur Lover.,today iz yellow rose day if u love my frndship give me number misscall amp send this ur frndz amp see how many miss calls u get if u get missed u marry ur lover
ham,Will be out of class in a few hours. Sorry,will be out class few hours sorry
ham,Wat time u finish ur lect today?,wat time u finish ur lect today
spam,"Free-message: Jamster!Get the crazy frog sound now! For poly text MAD1, for real text MAD2 to 88888. 6 crazy sounds for just 3 GBP/week! 16+only! T&C's apply",free message jamster get crazy frog sound now poly text mad real text mad number number crazy sounds just number gbp week number only t c s apply
ham,"Sad story of a Man - Last week was my b'day. My Wife did'nt wish me. My Parents forgot n so did my Kids . I went to work. Even my Colleagues did not wish. As I entered my cabin my PA said, '' Happy B'day Boss !!''. I felt special. She askd me 4 lunch. After lunch she invited me to her apartment. We went there. She said,'' do u mind if I go into the bedroom for a minute ? '' ''OK'', I sed in a sexy mood. She came out 5 minuts latr wid a cake...n My Wife, My Parents, My Kidz, My Friends n My Colleagues. All screaming.. SURPRISE !! and I was waiting on the sofa.. ... ..... ' NAKED...!",sad story man last week was my b day my wife did nt wish me my parents forgot n so did my kids i went work even my colleagues did not wish as i entered my cabin my pa said happy b day boss i felt special she askd me number lunch after lunch she invited me her apartment we went there she said do u mind if i go into bedroom minute ok i sed sexy mood she came out number minuts latr wid cake n my wife my parents my kidz my friends n my colleagues all screaming surprise i was waiting sofa naked
spam,"YOUR CHANCE TO BE ON A REALITY FANTASY SHOW call now = 08707509020 Just 20p per min NTT Ltd, PO Box 1327 Croydon CR9 5WB 0870 is a national = rate call",your chance be reality fantasy show call now number just p per min ntt ltd po box number croydon cr wb number national rate call
ham,She's fine. Good to hear from you. How are you my dear? Happy new year oh.,she s fine good hear from you how you my dear happy new year oh
ham,Are you going to wipro interview today?,you going wipro interview today
ham,how tall are you princess?,how tall you princess
ham,I doubt you could handle 5 times per night in any case...,i doubt you could handle number times per night any case
ham,Haha... Hope ü can hear the receipt sound... Gd luck!,haha hope can hear receipt sound gd luck
ham,Your gonna be the death if me. I'm gonna leave a note that says its all robs fault. Avenge me.,your gonna be death if me i m gonna leave note that says its all robs fault avenge me
ham,"Japanese Proverb: If one Can do it, U too Can do it, If none Can do it,U must do it Indian version: If one Can do it, LET HIM DO it.. If none Can do it,LEAVE it!! And finally Kerala version: If one can do it, Stop him doing it.. If none can do it, Make a strike against it ...",japanese proverb if one can do it u too can do it if none can do it u must do it indian version if one can do it let him do it if none can do it leave it finally kerala version if one can do it stop him doing it if none can do it make strike against it
ham,Today i'm not workin but not free oso... Gee... Thgt u workin at ur fren's shop ? ,today i m not workin but not free oso gee thgt u workin ur fren s shop
ham,In life when you face choices Just toss a coin not becoz its settle the question But while the coin in the air U will know what your heart is hoping for. Gudni8,life when you face choices just toss coin not becoz its settle question but while coin air u will know what your heart hoping gudni
ham,"Do you know why god created gap between your fingers..? So that, One who is made for you comes &amp; fills those gaps by holding your hand with LOVE..!",do you know why god created gap between your fingers so that one who made you comes amp fills those gaps by holding your hand love
ham,I want to be there so i can kiss you and feel you next to me,i want be there so i can kiss you feel you next me
ham,I am not at all happy with what you saying or doing,i am not all happy what you saying doing
spam,Adult 18 Content Your video will be with you shortly,adult number content your video will be you shortly
ham,"Ok that would b lovely, if u r sure. Think about wot u want to do, drinkin, dancin, eatin, cinema, in, out, about... Up to u! Wot about ? ",ok that would b lovely if u r sure think about wot u want do drinkin dancin eatin cinema out about up u wot about
ham,What I'm saying is if you haven't explicitly told nora I know someone I'm probably just not gonna bother,what i m saying if you haven t explicitly told nora i know someone i m probably just not gonna bother
ham,He says hi and to get your ass back to south tampa (preferably at a kegger),he says hi get your ass back south tampa preferably kegger
ham,Smith waste da.i wanna gayle.,smith waste da i wanna gayle
ham,"Mum, i've sent you many many messages since i got here. I just want to know that you are actually getting them. Do enjoy the rest of your day.",mum i ve sent you many many messages since i got here i just want know that you actually getting them do enjoy rest your day
ham,"Aight, tomorrow around  &lt;#&gt;  it is",aight tomorrow around lt gt it
ham,"House-Maid is the murderer, coz the man was murdered on  &lt;#&gt; th January.. As public holiday all govt.instituitions are closed,including post office..understand?",house maid murderer coz man was murdered lt gt th january as public holiday all govt instituitions closed including post office understand
spam,"YOUR CHANCE TO BE ON A REALITY FANTASY SHOW call now = 08707509020 Just 20p per min NTT Ltd, PO Box 1327 Croydon CR9 5WB 0870 is a national = rate call.",your chance be reality fantasy show call now number just p per min ntt ltd po box number croydon cr wb number national rate call
ham,I actually did for the first time in a while. I went to bed not too long after i spoke with you. Woke up at 7. How was your night?,i actually did first time while i went bed not too long after i spoke you woke up number how was your night
ham,See you there! ,see you there
ham,I dont understand your message.,i dont understand your message
ham,Crucify is c not s. You should have told me earlier.,crucify c not s you should have told me earlier
ham,"Idk. You keep saying that you're not, but since he moved, we keep butting heads over freedom vs. responsibility. And i'm tired. I have so much other shit to deal with that i'm barely keeping myself together once this gets added to it.",idk you keep saying that you re not but since he moved we keep butting heads over freedom vs responsibility i m tired i have so much other shit deal that i m barely keeping myself together once this gets added it
ham,Fuck cedar key and fuck her (come over anyway tho),fuck cedar key fuck her come over anyway tho
ham,twenty past five he said will this train have been to durham already or not coz i am in a reserved seat,twenty past five he said will this train have been durham already not coz i am reserved seat
spam,"Hey Boys. Want hot XXX pics sent direct 2 ur phone? Txt PORN to 69855, 24Hrs free and then just 50p per day. To stop text STOPBCM SF WC1N3XX",hey boys want hot xxx pics sent direct number ur phone txt porn number hrs free then just p per day stop text stopbcm sf wc n xx
ham,U still painting ur wall?,u still painting ur wall
spam,"Last Chance! Claim ur £150 worth of discount vouchers today! Text SHOP to 85023 now! SavaMob, offers mobile! T Cs SavaMob POBOX84, M263UZ. £3.00 Sub. 16",last chance claim ur number worth discount vouchers today text shop number now savamob offers mobile t cs savamob pobox m uz number number sub number
ham,Printer is cool. I mean groovy. Wine is groovying,printer cool i mean groovy wine groovying
ham,Hi Harish's rent has been transfred to ur Acnt.,hi harish s rent has been transfred ur acnt
ham,Anything lor is she coming?,anything lor she coming
ham,Cbe is really good nowadays:)lot of shop and showrooms:)city is shaping good.,cbe really good nowadays lot shop showrooms city shaping good
ham,Ü still attending da talks?,still attending da talks
ham,No probs hon! How u doinat the mo?,no probs hon how u doinat mo
ham,K I'll take care of it,k i ll take care it
ham,I take it we didn't have the phone callon Friday. Can we assume we won't have it this year now?,i take it we didn t have phone callon friday can we assume we won t have it this year now
ham,My battery is low babe,my battery low babe
ham,Shuhui has bought ron's present it's a swatch watch...,shuhui has bought ron s present it s swatch watch
ham,"Yeah there's quite a bit left, I'll swing by tomorrow when I get up",yeah there s quite bit left i ll swing by tomorrow when i get up
ham,Babe? You said 2 hours and it's been almost 4 ... Is your internet down ?,babe you said number hours it s been almost number your internet down
ham,K I'll be sure to get up before noon and see what's what,k i ll be sure get up before noon see what s what
ham,K...k...yesterday i was in cbe .,k k yesterday i was cbe
ham,Went to ganesh dress shop,went ganesh dress shop
spam,"pdate_Now - Double mins and 1000 txts on Orange tariffs. Latest Motorola, SonyEricsson & Nokia & Bluetooth FREE! Call MobileUpd8 on 08000839402 or call2optout/!YHL",pdate now double mins number txts orange tariffs latest motorola sonyericsson nokia bluetooth free call mobileupd number call optout yhl
ham,Ü collecting ur laptop then going to configure da settings izzit?,collecting ur laptop then going configure da settings izzit
ham,If you r @ home then come down within 5 min,if you r home then come down within number min
ham,"Aight, I should be there by 8 at the latest, probably closer to 7. Are jay and tyler down or should we just do two trips?",aight i should be there by number latest probably closer number jay tyler down should we just do two trips
ham,Come aftr  &lt;DECIMAL&gt; ..now i m cleaning the house,come aftr lt decimal gt now i m cleaning house
spam,Ur cash-balance is currently 500 pounds - to maximize ur cash-in now send CASH to 86688 only 150p/msg. CC: 08718720201 PO BOX 114/14 TCR/W1,ur cash balance currently number pounds maximize ur cash now send cash number only p msg cc number po box number number tcr w
ham,"Bill, as in: Are there any letters for me. i’m expecting one from orange that isn’t a bill but may still say orange on it.",bill as there any letters me i m expecting one from orange that isn t bill but may still say orange it
ham,Tell me pa. How is pain de.,tell me pa how pain de
ham,HI DARLIN I HOPE YOU HAD A NICE NIGHT I WISH I HAD COME CANT WAIT TO SEE YOU LOVE FRAN PS I WANT DIRTY ANAL SEX AND I WANT A 10 MAN GANG BANG,hi darlin i hope you had nice night i wish i had come cant wait see you love fran ps i want dirty anal sex i want number man gang bang
ham,"Ha. You don‘t know either. I did a a clever but simple thing with pears the other day, perfect for christmas.",ha you don t know either i did clever but simple thing pears other day perfect christmas
ham,"Helloooo... Wake up..! ""Sweet"" ""morning"" ""welcomes"" ""You"" ""Enjoy"" ""This Day"" ""with full of joy"".. ""GUD MRNG"".",helloooo wake up sweet morning welcomes you enjoy this day full joy gud mrng
ham,ALRITE,alrite
ham,Why must we sit around and wait for summer days to celebrate. Such a magical sight when the worlds dressed in white. Oooooh let there be snow.,why must we sit around wait summer days celebrate such magical sight when worlds dressed white oooooh let there be snow
spam,URGENT! Your Mobile number has been awarded with a £2000 prize GUARANTEED. Call 09058094454 from land line. Claim 3030. Valid 12hrs only,urgent your mobile number has been awarded number prize guaranteed call number from land line claim number valid hrs only
ham,How do you guys go to see movies on your side.,how do you guys go see movies your side
ham,"Sorry,in meeting I'll call later",sorry meeting i ll call later
ham,You didn't have to tell me that...now i'm thinking. Plus he's going to stop all your runs,you didn t have tell me that now i m thinking plus he s going stop all your runs
ham,Kindly send some one to our flat before  &lt;DECIMAL&gt;  today.,kindly send some one our flat before lt decimal gt today
spam,Sorry! U can not unsubscribe yet. THE MOB offer package has a min term of 54 weeks> pls resubmit request after expiry. Reply THEMOB HELP 4 more info,sorry u can not unsubscribe yet mob offer package has min term number weeks pls resubmit request after expiry reply themob help number more info
ham,Nothing lor... A bit bored too... Then y dun u go home early 2 sleep today...,nothing lor bit bored too then y dun u go home early number sleep today
ham,What time should I tell my friend to be around?,what time should i tell my friend be around
ham,Yes. that will be fine. Love you. Be safe.,yes that will be fine love you be safe
ham,Thanks chikku..:-) gud nyt:-*,thanks chikku gud nyt
ham,Is xy in ur car when u picking me up?,xy ur car when u picking me up
ham,"Thanx 4 the time weve spent 2geva, its bin mint! Ur my Baby and all I want is u!xxxx",thanx number time we ve spent geva its bin mint ur my baby all i want u xxxx
ham,"Yo, any way we could pick something up tonight?",yo any way we could pick something up tonight
ham,I've not sent it. He can send me.,i ve not sent it he can send me
ham,Fine am simply sitting.,fine am simply sitting
ham,Thts god's gift for birds as humans hav some natural gift frm god..,thts god s gift birds as humans hav some natural gift frm god
ham,Are you coming to day for class.,you coming day class
ham,Im done. Just studyn in library,im done just studyn library
ham,Ok... U enjoy ur shows...,ok u enjoy ur shows
ham,Anything...,anything
ham,Where wuld I be without my baby? The thought alone mite break me and I dont wanna go crazy but everyboy needs his lady xxxxxxxx,where wuld i be without my baby thought alone mite break me i don t wanna go crazy but everyboy needs his lady xxxxxxxx
ham,Wat's my dear doing? Sleeping ah?,wat s my dear doing sleeping ah
ham,Hi' Test on  &lt;#&gt; rd ....,hi test lt gt rd
ham,Only 2% students solved this CAT question in 'xam... 5+3+2= &lt;#&gt;  9+2+4= &lt;#&gt;  8+6+3= &lt;#&gt;  then 7+2+5=????? Tell me the answer if u r brilliant...1thing.i got d answr.,only number students solved this cat question xam number number number lt gt number number number lt gt number number number lt gt then number number number tell me answer if u r brilliant thing i got d answr
ham,Yo do you know anyone  &lt;#&gt;  or otherwise able to buy liquor? Our guy flaked and right now if we don't get a hold of somebody its just 4 loko all night,yo do you know anyone lt gt otherwise able buy liquor our guy flaked right now if we don t get hold somebody its just number loko all night
ham,Yup n her fren lor. I'm meeting my fren at 730.,yup n her fren lor i m meeting my fren number
ham,"Yeah, we got one lined up for us",yeah we got one lined up us
ham,"And stop wondering ""wow is she ever going to stop tm'ing me ?!"" because I will tm you whenever I want because you are MINE ... *laughs*",stop wondering wow she ever going stop tm ing me because i will tm you whenever i want because you mine laughs
ham,Lol yep did that yesterday. Already got my fireplace. Now its just another icon sitting there for me.,lol yep did that yesterday already got my fireplace now its just another icon sitting there me
ham,Hey i've booked the pilates and yoga lesson already... Haha,hey i ve booked pilates yoga lesson already haha
ham,Are you ok. What happen to behave like this,you ok what happen behave like this
spam,You have 1 new message. Please call 08712400200.,you have number new message please call number
ham,My supervisor find 4 me one lor i thk his students. I havent ask her yet. Tell u aft i ask her.,my supervisor find number me one lor i thk his students i havent ask her yet tell u aft i ask her
ham,"Hello. No news on job, they are making me wait a fifth week! Yeah im up for some woozles and weasels... In exeter still, but be home about 3. ",hello no news job they making me wait fifth week yeah im up some woozles weasels exeter still but be home about number
ham,No message..no responce..what happend?,no message no responce what happend
spam,We currently have a message awaiting your collection. To collect your message just call 08718723815.,we currently have message awaiting your collection collect your message just call number
ham,"Hey babe, sorry i didn't get sooner. Gary can come and fix it cause he thinks he knows what it is but he doesn't go as far a Ptbo and he says it will cost  &lt;#&gt;  bucks. I don't know if it might be cheaper to find someone there ? We don't have any second hand machines at all right now, let me know what you want to do babe",hey babe sorry i didn t get sooner gary can come fix it cause he thinks he knows what it but he doesn t go as far ptbo he says it will cost lt gt bucks i don t know if it might be cheaper find someone there we don t have any second hand machines all right now let me know what you want do babe
ham,make that 3! 4 fucks sake?! x,make that number number fucks sake x
ham,Leave it. U will always be ignorant.,leave it u will always be ignorant
ham,Nope but i'll b going 2 sch on fri quite early lor cos mys sis got paper in da morn :-),nope but i ll b going number sch fri quite early lor cos mys sis got paper da morn
ham,at bruce b downs &amp; fletcher now,bruce b downs amp fletcher now
ham,Where are you ? You said you would be here when I woke ... :-(,where you you said you would be here when i woke
ham,Hey now am free you can call me.,hey now am free you can call me
ham,Tell me whos this pls:-),tell me whos this pls
spam,"URGENT! Your mobile was awarded a £1,500 Bonus Caller Prize on 27/6/03. Our final attempt 2 contact U! Call 08714714011",urgent your mobile was awarded number number bonus caller prize number number number our final attempt number contact u call number
ham,"Think i might have to give it a miss. Am teaching til twelve, then have lecture at two. Damn this working thing.",think i might have give it miss am teaching til twelve then have lecture two damn this working thing
ham,Id have to check but there's only like 1 bowls worth left,id have check but there s only like number bowls worth left
ham,Yes there were many sweets,yes there were many sweets
ham,I would but I'm still cozy. And exhausted from last night.nobody went to school or work. Everything is closed.,i would but i m still cozy exhausted from last night nobody went school work everything closed
spam,U have a secret admirer. REVEAL who thinks U R So special. Call 09065174042. To opt out Reply REVEAL STOP. 1.50 per msg recd. Cust care 07821230901,u have secret admirer reveal who thinks u r so special call number opt out reply reveal stop number number per msg recd cust care number
ham,Buzzzz! *grins* Did I buzz your ass? Buzz your chest ? Buzz your cock ? Where do you keep your phone ? Is the vibrator on ? Did you feel it shake ?,buzzzz grins did i buzz your ass buzz your chest buzz your cock where do you keep your phone vibrator did you feel it shake
ham,Sir send to group mail check it.,sir send group mail check it
ham,I'm doing da intro covers energy trends n pros n cons... Brief description of nuclear fusion n oso brief history of iter n jet got abt 7 n half pages..,i m doing da intro covers energy trends n pros n cons brief description nuclear fusion n oso brief history iter n jet got abt number n half pages
ham,NONE!NOWHERE IKNO DOESDISCOUNT!SHITINNIT,none nowhere ikno doesdiscount shitinnit
ham,You dont know you jabo me abi.,you dont know you jabo me abi
spam,"Do you ever notice that when you're driving, anyone going slower than you is an idiot and everyone driving faster than you is a maniac?",do you ever notice that when you re driving anyone going slower than you idiot everyone driving faster than you maniac
ham,Not yet had..ya sapna aunty manege y'day hogidhe..chinnu full weak and swalpa black agidhane..,not yet had ya sapna aunty manege y day hogidhe chinnu full weak swalpa black agidhane
ham,"Are you being good, baby? :)",you being good baby
ham,NEFT Transaction with reference number  &lt;#&gt;  for Rs. &lt;DECIMAL&gt;  has been credited to the beneficiary account on  &lt;#&gt;  at  &lt;TIME&gt; : &lt;#&gt;,neft transaction reference number lt gt rs lt decimal gt has been credited beneficiary account lt gt lt time gt lt gt
ham,"Mostly sports type..lyk footbl,crckt..",mostly sports type lyk footbl crckt
ham,Ma head dey swell oh. Thanks for making my day,ma head dey swell oh thanks making my day
ham,U should make a fb list,u should make fb list
ham,"Height of Confidence: All the Aeronautics professors wer calld &amp; they wer askd 2 sit in an aeroplane. Aftr they sat they wer told dat the plane ws made by their students. Dey all hurried out of d plane.. Bt only 1 didnt move... He said:""if it is made by my students,this wont even start........ Datz confidence..",height confidence all aeronautics professors wer calld amp they wer askd number sit aeroplane aftr they sat they wer told dat plane ws made by their students dey all hurried out d plane bt only number didnt move he said if it made by my students this wont even start datz confidence
ham,Sary just need Tim in the bollox &it hurt him a lot so he tol me!,sary just need tim bollox it hurt him lot so he tol me
ham,Happy New Year Princess!,happy new year princess
ham,"I'll text carlos and let you know, hang on",i ll text carlos let you know hang
ham,"Don't worry, * is easy once have ingredients!",don t worry easy once have ingredients
ham,I love u 2 my little pocy bell I am sorry but I love u,i love u number my little pocy bell i am sorry but i love u
ham,"Ok omw now, you at castor?",ok omw now you castor
ham,Yar lor... Keep raining non stop... Or u wan 2 go elsewhere?,yar lor keep raining non stop u wan number go elsewhere
spam,"Xmas Offer! Latest Motorola, SonyEricsson & Nokia & FREE Bluetooth or DVD! Double Mins & 1000 Txt on Orange. Call MobileUpd8 on 08000839402 or call2optout/4QF2",xmas offer latest motorola sonyericsson nokia free bluetooth dvd double mins number txt orange call mobileupd number call optout qf
ham,What u mean u almost done? Done wif sleeping? But i tot u going to take a nap.. Yup i send her liao so i'm picking her up at ard 4 smth lor..,what u mean u almost done done wif sleeping but i tot u going take nap yup i send her liao so i m picking her up ard number smth lor
ham,"7 wonders in My WORLD 7th You 6th Ur style 5th Ur smile 4th Ur Personality 3rd Ur Nature 2nd Ur SMS and 1st ""Ur Lovely Friendship""... good morning dear",number wonders my world th you th ur style th ur smile th ur personality rd ur nature nd ur sms st ur lovely friendship good morning dear
ham,"Tonight? Yeah, I'd be down for that",tonight yeah i d be down that
ham,What should i eat fo lunch senor,what should i eat fo lunch senor
ham,"He said that he had a right giggle when he saw u again! You would possibly be the first person2die from NVQ, but think how much you could for! ",he said that he had right giggle when he saw u again you would possibly be first person die from nvq but think how much you could
ham,No break time one... How... I come out n get my stuff fr ü?,no break time one how i come out n get my stuff fr
spam,Reply to win £100 weekly! What professional sport does Tiger Woods play? Send STOP to 87239 to end service,reply win number weekly what professional sport does tiger woods play send stop number end service
ham,"I'm there and I can see you, but you can't see me ? Maybe you should reboot ym ? I seen the buzz",i m there i can see you but you can t see me maybe you should reboot ym i seen buzz
ham,Do you still have the grinder?,do you still have grinder
spam,No 1 POLYPHONIC tone 4 ur mob every week! Just txt PT2 to 87575. 1st Tone FREE ! so get txtin now and tell ur friends. 150p/tone. 16 reply HL 4info,no number polyphonic tone number ur mob every week just txt pt number st tone free so get txtin now tell ur friends p tone number reply hl info
ham,"Love isn't a decision, it's a feeling. If we could decide who to love, then, life would be much simpler, but then less magical",love isn t decision it s feeling if we could decide who love then life would be much simpler but then less magical
spam,"HOT LIVE FANTASIES call now 08707509020 Just 20p per min NTT Ltd, PO Box 1327 Croydon CR9 5WB 0870 is a national rate call",hot live fantasies call now number just p per min ntt ltd po box number croydon cr wb number national rate call
ham,K.i did't see you.:)k:)where are you now?,k i did t see you k where you now
ham,So i'm doing a list of buyers.,so i m doing list buyers
ham,"No idea, I guess we'll work that out an hour after we're supposed to leave since as usual nobody has any interest in figuring shit out before the last second",no idea i guess we ll work that out hour after we re supposed leave since as usual nobody has any interest figuring shit out before last second
ham,Mm not entirely sure i understood that text but hey. Ho. Which weekend?,mm not entirely sure i understood that text but hey ho which weekend
ham,They released vday shirts and when u put it on it makes your bottom half naked instead of those white underwear.,they released vday shirts when u put it it makes your bottom half naked instead those white underwear
ham,Don know..he is watching film in computer..,don know he watching film computer
ham,No b4 Thursday,no b thursday
ham,"Oh, then your phone phoned me but it disconnected",oh then your phone phoned me but it disconnected
ham,Id onluy matters when getting on from offcampus,id onluy matters when getting from offcampus
spam,This message is free. Welcome to the new & improved Sex & Dogging club! To unsubscribe from this service reply STOP. msgs@150p 18+only,this message free welcome new improved sex dogging club unsubscribe from this service reply stop msgs p number only
ham,"Excellent, I'll see what riley's plans are",excellent i ll see what riley s plans
ham,I will see in half an hour,i will see half hour
spam,"You've won tkts to the EURO2004 CUP FINAL or £800 CASH, to collect CALL 09058099801 b4190604, POBOX 7876150ppm",you ve won tkts euro cup final number cash collect call number b pobox ppm
ham,Ew are you one of them?,ew you one them
ham,Also hi wesley how've you been,also hi wesley how ve you been
ham,Ah you see. You have to be in the lingo. I will let you know wot on earth it is when has finished making it!,ah you see you have be lingo i will let you know wot earth it when has finished making it
spam,"Loan for any purpose £500 - £75,000. Homeowners + Tenants welcome. Have you been previously refused? We can still help. Call Free 0800 1956669 or text back 'help'",loan any purpose number number number homeowners tenants welcome have you been previously refused we can still help call free number number text back help
spam,Update_Now - 12Mths Half Price Orange line rental: 400mins...Call MobileUpd8 on 08000839402 or call2optout=J5Q,update now mths half price orange line rental mins call mobileupd number call optout j q
ham,Imagine Life WITHOUT ME... see.. How fast u are searching me?Don't worry.. l'm always there To disturb U.. Goodnoon..:),imagine life without me see how fast u searching me don t worry l m always there disturb u goodnoon
ham,"Hm good morning, headache anyone? :-)",hm good morning headache anyone
ham,Yeah no probs - last night is obviously catching up with you... Speak soon ,yeah no probs last night obviously catching up you speak soon
spam,FREE UNLIMITED HARDCORE PORN direct 2 your mobile Txt PORN to 69200 & get FREE access for 24 hrs then chrgd@50p per day txt Stop 2exit. This msg is free,free unlimited hardcore porn direct number your mobile txt porn number get free access number hrs then chrgd p per day txt stop exit this msg free
ham,I might go 2 sch. Yar at e salon now v boring.,i might go number sch yar e salon now v boring
ham, &lt;#&gt;  mins but i had to stop somewhere first.,lt gt mins but i had stop somewhere first
ham,"&lt;#&gt;  is fast approaching. So, Wish u a very Happy New Year Happy Sankranti Happy republic day Happy Valentines Day Happy Shivratri Happy Ugadi Happy Fools day Happy May Day Happy Independence Day, Happy Friendship,Mother,Father,Teachers,Childrens Day, &amp; HAPPY BIRTHDAY 4 U. Happy Ganesh festival Happy Dasara Happy Diwali Happy Christmas  &lt;#&gt;  Good Mornings Afternoons, Evenings Nights. RememberI AM the first to WISHING U ALL THESE...your's Raj",lt gt fast approaching so wish u very happy new year happy sankranti happy republic day happy valentines day happy shivratri happy ugadi happy fools day happy may day happy independence day happy friendship mother father teachers childrens day amp happy birthday number u happy ganesh festival happy dasara happy diwali happy christmas lt gt good mornings afternoons evenings nights rememberi am first wishing u all these your s raj
ham,One of the joys in lifeis waking up each daywith thoughts that somewhereSomeone cares enough tosend a warm morning greeting.. -,one joys lifeis waking up each daywith thoughts that somewheresomeone cares enough tosend warm morning greeting
ham,I didn't get the second half of that message,i didn t get second half that message
ham,Wat time do u wan 2 meet me later?,wat time do u wan number meet me later
ham,I thank you so much for all you do with selflessness. I love you plenty.,i thank you so much all you do selflessness i love you plenty
ham,Am in film ill call you later.,am film ill call you later
ham,How dare you change my ring,how dare you change my ring
ham,You are a very very very very bad girl. Or lady.,you very very very very bad girl lady
ham,I love ya too but try and budget your money better babe. Gary would freak on me if he knew,i love ya too but try budget your money better babe gary would freak me if he knew
ham,"What part of ""don't initiate"" don't you understand",what part don t initiate don t you understand
ham,I finished my lunch already. U wake up already?,i finished my lunch already u wake up already
ham,You still at the game?,you still game
ham,You have got tallent but you are wasting.,you have got tallent but you wasting
ham,What is your record for one night? :),what your record one night
ham,"Also sir, i sent you an email about how to log into the usc payment portal. I.ll send you another message that should explain how things are back home. Have a great weekend.",also sir i sent you email about how log into usc payment portal i ll send you another message that should explain how things back home have great weekend
ham, gonna let me know cos comes bak from holiday that day.  is coming. Don't4get2text me  number. ,gonna let me know cos comes bak from holiday that day coming don t get text me number
ham,Jokin only lar... :-) depends on which phone my father can get lor...,jokin only lar depends which phone my father can get lor
ham,"Aight, lemme know what's up",aight lemme know what s up
ham,Get ready for  &lt;#&gt;  inches of pleasure...,get ready lt gt inches pleasure
ham,Raji..pls do me a favour. Pls convey my Birthday wishes to Nimya. Pls. Today is her birthday.,raji pls do me favour pls convey my birthday wishes nimya pls today her birthday
ham,;-) ok. I feel like john lennon.,ok i feel like john lennon
ham,Cos darren say ü considering mah so i ask ü...,cos darren say considering mah so i ask
ham,You are not bothering me but you have to trust my answers. Pls.,you not bothering me but you have trust my answers pls
ham,"Wishing you and your family Merry ""X"" mas and HAPPY NEW Year in advance..",wishing you your family merry x mas happy new year advance
ham,One day a crab was running on the sea shore..The waves came n cleared the footprints of the crab.. Crab asked: being my frnd y r u clearing my beautiful footprints? Waves replied: A fox was following ur footprints to catch you! thats y i cleared it off:) frndsship never lets u dwn :-) GUD nyt..,one day crab was running sea shore waves came n cleared footprints crab crab asked being my frnd y r u clearing my beautiful footprints waves replied fox was following ur footprints catch you thats y i cleared it off frndsship never lets u dwn gud nyt
ham,Aight what time you want me to come up?,aight what time you want me come up
ham,Slaaaaave ! Where are you ? Must I summon you to me all the time now ? Don't you wish to come to me on your own anymore?,slaaaaave where you must i summon you me all time now don t you wish come me your own anymore
ham,Your bill at 3 is £33.65 so thats not bad!,your bill number number number so thats not bad
ham,Let me know how it changes in the next 6hrs. It can even be appendix but you are out of that age range. However its not impossible. So just chill and let me know in 6hrs,let me know how it changes next hrs it can even be appendix but you out that age range however its not impossible so just chill let me know hrs
ham,"Hello, yeah i've just got out of the bath and need to do my hair so i'll come up when i'm done, yeah?",hello yeah i ve just got out bath need do my hair so i ll come up when i m done yeah
ham,So how's the weather over there?,so how s weather over there
ham,"Ok. Not much to do here though. H&M Friday, cant wait. Dunno wot the hell im gonna do for another 3 weeks! Become a slob- oh wait, already done that! ",ok not much do here though h m friday cant wait dunno wot hell im gonna do another number weeks become slob oh wait already done that
ham,Die... Now i have e toot fringe again...,die now i have e toot fringe again
ham,Lol they don't know about my awesome phone. I could click delete right now if I want.,lol they don t know about my awesome phone i could click delete right now if i want
ham,Ok,ok
ham,"Awesome question with a cute answer: Someone asked a boy ""how is ur life?"" . . He smiled &amp; answered: . . ""She is fine!"" Gudnite",awesome question cute answer someone asked boy how ur life he smiled amp answered she fine gudnite
ham,Please leave this topic..sorry for telling that..,please leave this topic sorry telling that
ham,Pls send me the correct name da.,pls send me correct name da
ham,What happened to our yo date?,what happened our yo date
spam,EASTENDERS TV Quiz. What FLOWER does DOT compare herself to? D= VIOLET E= TULIP F= LILY txt D E or F to 84025 NOW 4 chance 2 WIN £100 Cash WKENT/150P16+,eastenders tv quiz what flower does dot compare herself d violet e tulip f lily txt d e f number now number chance number win number cash wkent p
ham,Webpage s not available!,webpage s not available
ham,Just woke up. Yeesh its late. But I didn't fall asleep til &lt;#&gt; am :/,just woke up yeesh its late but i didn t fall asleep til lt gt am
spam,You are now unsubscribed all services. Get tons of sexy babes or hunks straight to your phone! go to http://gotbabes.co.uk. No subscriptions.,you now unsubscribed all services get tons sexy babes hunks straight your phone go url no subscriptions
ham,"Dear all, as we know  &lt;#&gt; th is the  &lt;#&gt; th birthday of our loving Gopalettan. We are planning to give a small gift on that day. Those who like to participate in that you are welcome. Please contact our admin team for more details",dear all as we know lt gt th lt gt th birthday our loving gopalettan we planning give small gift that day those who like participate that you welcome please contact our admin team more details
ham,K..k...from tomorrow onwards started ah?,k k from tomorrow onwards started ah
ham,What u talking bout early morning? It's almost noon where your at!,what u talking bout early morning it s almost noon where your
ham,Fine. Do you remember me.,fine do you remember me
spam,"Hi babe its Jordan, how r u? Im home from abroad and lonely, text me back if u wanna chat xxSP visionsms.com Text stop to stopCost 150p 08712400603",hi babe its jordan how r u im home from abroad lonely text me back if u wanna chat xxsp visionsms com text stop stopcost p number
ham,Ok. How many should i buy.,ok how many should i buy
ham,"Sounds good, keep me posted",sounds good keep me posted
spam,Get a brand new mobile phone by being an agent of The Mob! Plus loads more goodies! For more info just text MAT to 87021.,get brand new mobile phone by being agent mob plus loads more goodies more info just text mat number
ham,Ok. So april. Cant wait,ok so april cant wait
ham,Boy you best get yo ass out here quick,boy you best get yo ass out here quick
ham,Ay wana meet on sat?ü wkg on sat?,ay wana meet sat wkg sat
ham,I'm now but have to wait till 2 for the bus to pick me.,i m now but have wait till number bus pick me
ham,Apart from the one i told you about yesterday?,apart from one i told you about yesterday
ham,Ok lor... But buy wat?,ok lor but buy wat
ham,Somebody should go to andros and steal ice,somebody should go andros steal ice
ham,Don know. I did't msg him recently.,don know i did t msg him recently
ham,Take us out shopping and Mark will distract Isaiah.=D,take us out shopping mark will distract isaiah d
ham,"Mum, hope you are having a great day. Hoping this text meets you well and full of life. Have a great day. Abiola",mum hope you having great day hoping this text meets you well full life have great day abiola
ham,There is no sense in my foot and penis.,there no sense my foot penis
ham,Okay but i thought you were the expert,okay but i thought you were expert
ham,*deep sigh* ... I miss you :-( ... I am really surprised you haven't gone to the net cafe yet to get to me ... Don't you miss me?,deep sigh i miss you i am really surprised you haven t gone net cafe yet get me don t you miss me
ham,S.s:)i thinl role is like sachin.just standing. Others have to hit.,s s i thinl role like sachin just standing others have hit
ham,Have a great trip to India. And bring the light to everyone not just with the project but with everyone that is lucky to see you smile. Bye. Abiola,have great trip india bring light everyone not just project but everyone that lucky see you smile bye abiola
ham,"And very importantly, all we discuss is between u and i only.",very importantly all we discuss between u i only
ham,K..k:)how about your training process?,k k how about your training process
ham,Ok lor. I ned 2 go toa payoh 4 a while 2 return smth u wan 2 send me there or wat?,ok lor i ned number go toa payoh number while number return smth u wan number send me there wat
ham,In da car park ,da car park
ham,I wish that I was with you. Holding you tightly. Making you see how important you are. How much you mean to me ... How much I need you ... In my life ...,i wish that i was you holding you tightly making you see how important you how much you mean me how much i need you my life
ham,So i asked how's anthony. Dad. And your bf,so i asked how s anthony dad your bf
ham,"'Wnevr i wana fal in luv vth my books, My bed fals in luv vth me..!'' . Yen madodu, nav pretsorginta, nammanna pretsovru important alwa....!!:) Gud eveB-).",wnevr i wana fal luv vth my books my bed fals luv vth me yen madodu nav pretsorginta nammanna pretsovru important alwa gud eveb
ham,What Today-sunday..sunday is holiday..so no work..,what today sunday sunday holiday so no work
ham,Am going to take bath ill place the key in window:-),am going take bath ill place key window
spam,LORD OF THE RINGS:RETURN OF THE KING in store NOW!REPLY LOTR by 2 June 4 Chance 2 WIN LOTR soundtrack CDs StdTxtRate. Reply STOP to end txts,lord rings return king store now reply lotr by number june number chance number win lotr soundtrack cds stdtxtrate reply stop end txts
ham,"Dear, take care. I am just reaching home.love u a lot.",dear take care i am just reaching home love u lot
ham,staff.science.nus.edu.sg/~phyhcmk/teaching/pc1323,staff science nus edu sg phyhcmk teaching pc
ham,Have you emigrated or something? Ok maybe 5.30 was a bit hopeful...,have you emigrated something ok maybe number number was bit hopeful
ham,Olol i printed out a forum post by a guy with the exact same  prob which was fixed with a gpu replacement. Hopefully they dont ignore that.,olol i printed out forum post by guy exact same prob which was fixed gpu replacement hopefully they dont ignore that
ham,We walked from my moms. Right on stagwood pass right on winterstone left on victors hill. Address is &lt;#&gt;,we walked from my moms right stagwood pass right winterstone left victors hill address lt gt
ham,"Yo, you at jp and hungry like a mofo?",yo you jp hungry like mofo
ham,This is all just creepy and crazy to me.,this all just creepy crazy me
ham,Ok... I din get ur msg...,ok i din get ur msg
ham,Tessy..pls do me a favor. Pls convey my birthday wishes to Nimya..pls dnt forget it. Today is her birthday Shijas,tessy pls do me favor pls convey my birthday wishes nimya pls dnt forget it today her birthday shijas
ham,Pathaya enketa maraikara pa',pathaya enketa maraikara pa
ham,Even if he my friend he is a priest call him now,even if he my friend he priest call him now
ham,"U so lousy, run already come back then half dead... Hee...",u so lousy run already come back then half dead hee
ham,That's y i said it's bad dat all e gals know u... Wat u doing now?,that s y i said it s bad dat all e gals know u wat u doing now
ham,Or remind me in a few hrs.,remind me few hrs
ham,"I had been hoping i would not have to send you this message. My rent is due and i dont have enough for it. My reserves are completely gone. Its a loan i need and was hoping you could her. The balance is  &lt;#&gt; . Is there a way i could get that from you, till mid march when i hope to pay back.",i had been hoping i would not have send you this message my rent due i dont have enough it my reserves completely gone its loan i need was hoping you could her balance lt gt there way i could get that from you till mid march when i hope pay back
ham,Hi. Happy New Year. I dont mean to intrude but can you pls let me know how much tuition you paid last semester and how much this semester is. Thanks,hi happy new year i dont mean intrude but can you pls let me know how much tuition you paid last semester how much this semester thanks
ham,Hello hun how ru? Its here by the way. Im good. Been on 2 dates with that guy i met in walkabout so far. We have to meet up soon. Hows everyone else?,hello hun how ru its here by way im good been number dates that guy i met walkabout so far we have meet up soon hows everyone else
ham,Lol I was gonna last month. I cashed some in but I left &lt;#&gt; just in case. I was collecting more during the week cause they announced it on the blog.,lol i was gonna last month i cashed some but i left lt gt just case i was collecting more during week cause they announced it blog
spam,Good Luck! Draw takes place 28th Feb 06. Good Luck! For removal send STOP to 87239 customer services 08708034412,good luck draw takes place th feb number good luck removal send stop number customer services number
ham,"Short But Cute : "" Be a good person , but dont try to prove"" ..... Gud mrng...",short but cute be good person but dont try prove gud mrng
ham,Just haven't decided where yet eh ?,just haven t decided where yet eh
ham,"Wat time liao, where still got.",wat time liao where still got
ham,Yes watching footie but worried we're going to blow it - Phil Neville?,yes watching footie but worried we re going blow it phil neville
ham,I wait 4 ü inside da car park...,i wait number inside da car park
ham,Uncle Abbey! Happy New Year. Abiola,uncle abbey happy new year abiola
ham,Now am free call me pa.,now am free call me pa
ham,R u saying i should re order the slippers cos i had to pay for returning it.,r u saying i should re order slippers cos i had pay returning it
ham,Stop knowing me so well!,stop knowing me so well
ham,Good evening! this is roger. How are you?,good evening this roger how you
ham,Small problem in auction:)punj now asking tiwary,small problem auction punj now asking tiwary
spam,Free entry in 2 a weekly comp for a chance to win an ipod. Txt POD to 80182 to get entry (std txt rate) T&C's apply 08452810073 for details 18+,free entry number weekly comp chance win ipod txt pod number get entry std txt rate t c s apply number details number
ham,He telling not to tell any one. If so treat for me hi hi hi,he telling not tell any one if so treat me hi hi hi
ham,My uncles in Atlanta. Wish you guys a great semester.,my uncles atlanta wish you guys great semester
spam,1st wk FREE! Gr8 tones str8 2 u each wk. Txt NOKIA ON to 8007 for Classic Nokia tones or HIT ON to 8007 for Polys. Nokia/150p Poly/200p 16+,st wk free gr tones str number u each wk txt nokia number classic nokia tones hit number polys nokia p poly p number
ham,U coming 2 pick me?,u coming number pick me
ham,Thats cool. i liked your photos. You are very sexy!,thats cool i liked your photos you very sexy
ham,would u fuckin believe it they didnt know i had thurs pre booked off so they re cancelled me AGAIN! that needs to b sacked,would u fuckin believe it they didnt know i had thurs pre booked off so they re cancelled me again that needs b sacked
ham,"Haha better late than ever, any way I could swing by?",haha better late than ever any way i could swing by
ham,Ok. But i finish at 6.,ok but i finish number
spam,"LookAtMe!: Thanks for your purchase of a video clip from LookAtMe!, you've been charged 35p. Think you can do better? Why not send a video in a MMSto 32323.",lookatme thanks your purchase video clip from lookatme you ve been charged p think you can do better why not send video mmsto number
ham,I've been barred from all B and Q stores for life!?This twat in orange dungerees came up to me and asked if I wanted decking? So I got the first punch in!!,i ve been barred from all b q stores life this twat orange dungerees came up me asked if i wanted decking so i got first punch
ham,So no messages. Had food?,so no messages had food
ham,Ok going to sleep. Hope i can meet her.,ok going sleep hope i can meet her
ham,Wat makes some people dearer is not just de happiness dat u feel when u meet them but de pain u feel when u miss dem!!!,wat makes some people dearer not just de happiness dat u feel when u meet them but de pain u feel when u miss dem
ham,Can you let me know details of fri when u find out cos I'm not in tom or fri. mentionned chinese. Thanks,can you let me know details fri when u find out cos i m not tom fri mentionned chinese thanks
ham,You're right I have now that I think about it,you re right i have now that i think about it
ham,Wat r u doing now?,wat r u doing now
ham,Is ur lecture over?,ur lecture over
spam,sexy sexy cum and text me im wet and warm and ready for some porn! u up for some fun? THIS MSG IS FREE RECD MSGS 150P INC VAT 2 CANCEL TEXT STOP,sexy sexy cum text me im wet warm ready some porn u up some fun this msg free recd msgs p inc vat number cancel text stop
ham,Customer place i will call you,customer place i will call you
ham,Not planned yet :)going to join company on jan 5 only.don know what will happen after that.,not planned yet going join company jan number only don know what will happen after that
ham,Boy; I love u Grl: Hogolo Boy: gold chain kodstini Grl: Agalla Boy: necklace madstini Grl: agalla Boy: Hogli 1 mutai eerulli kodthini! Grl: I love U kano;-),boy i love u grl hogolo boy gold chain kodstini grl agalla boy necklace madstini grl agalla boy hogli number mutai eerulli kodthini grl i love u kano
ham,"Haha I heard that, text me when you're around",haha i heard that text me when you re around
ham,I.ll get there tomorrow and send it to you,i ll get there tomorrow send it you
ham,"SHIT BABE.. THASA BIT MESSED UP.YEH, SHE SHUDVETOLD U. DID URGRAN KNOW?NEWAY, ILLSPEAK 2 U2MORO WEN IM NOT ASLEEP...",shit babe thasa bit messed up yeh she shudvetold u did urgran know neway illspeak number u moro wen im not asleep
ham,Oh thats late! Well have a good night and i will give u a call tomorrow. Iam now going to go to sleep night night,oh thats late well have good night i will give u call tomorrow iam now going go sleep night night
ham,CHEERS U TEX MECAUSE U WEREBORED! YEAH OKDEN HUNNY R UIN WK SAT?SOUNDS LIKEYOUR HAVIN GR8FUN J! KEEP UPDAT COUNTINLOTS OF LOVEME XXXXX.,cheers u tex mecause u werebored yeah okden hunny r uin wk sat sound s likeyour havin gr fun j keep updat countinlots loveme xxxxx
ham,"Sorry,  in meeting I'll call you later",sorry meeting i ll call you later
ham,Yo! Howz u? girls never rang after india. L,yo howz u girls never rang after india l
ham,Yeah but which is worse for i,yeah but which worse i
spam,Hard LIVE 121 chat just 60p/min. Choose your girl and connect LIVE. Call 09094646899 now! Cheap Chat UK's biggest live service. VU BCM1896WC1N3XX,hard live number chat just p min choose your girl connect live call number now cheap chat uk s biggest live service vu bcm wc n xx
ham,I tagged MY friends that you seemed to count as YOUR friends.,i tagged my friends that you seemed count as your friends
spam,Not heard from U4 a while. Call 4 rude chat private line 01223585334 to cum. Wan 2C pics of me gettin shagged then text PIX to 8552. 2End send STOP 8552 SAM xxx,not heard from u while call number rude chat private line number cum wan c pics me gettin shagged then text pix number end send stop number sam xxx
ham,Ok...,ok
ham,Long time. You remember me today.,long time you remember me today
ham,Havent shopping now lor i juz arrive only,havent shopping now lor i juz arrive only
ham,Thank u. IT BETTER WORK OUT CAUSE I WILL FEEL USED OTHERWISE,thank u it better work out cause i will feel used otherwise
ham,Are you up for the challenge? I know i am :),you up challenge i know i am
ham,How much did ur hdd casing cost.,how much did ur hdd casing cost
ham,Mystery solved! Just opened my email and he's sent me another batch! Isn't he a sweetie,mystery solved just opened my email he s sent me another batch isn t he sweetie
ham,I can't describe how lucky you are that I'm actually awake by noon,i can t describe how lucky you that i m actually awake by noon
spam,This is the 2nd time we have tried to contact u. U have won the £1450 prize to claim just call 09053750005 b4 310303. T&Cs/stop SMS 08718725756. 140ppm,this nd time we have tried contact u u have won number prize claim just call number b number t cs stop sms number ppm
ham,"TODAY is Sorry day.! If ever i was angry with you, if ever i misbehaved or hurt you? plz plz JUST SLAP URSELF Bcoz, Its ur fault, I'm basically GOOD",today sorry day if ever i was angry you if ever i misbehaved hurt you plz plz just slap urself bcoz its ur fault i m basically good
ham,Cheers for the card ... Is it that time of year already?,cheers card it that time year already
spam,"HOT LIVE FANTASIES call now 08707509020 Just 20p per min NTT Ltd, PO Box 1327 Croydon CR9 5WB 0870..k",hot live fantasies call now number just p per min ntt ltd po box number croydon cr wb number k
ham,"When people see my msgs, They think Iam addicted to msging... They are wrong, Bcoz They don\'t know that Iam addicted to my sweet Friends..!! BSLVYL",when people see my msgs they think iam addicted msging they wrong bcoz they don t know that iam addicted my sweet friends bslvyl
ham,Ugh hopefully the asus ppl dont randomly do a reformat.,ugh hopefully asus ppl dont randomly do reformat
ham,"Haven't seen my facebook, huh? Lol!",haven t seen my facebook huh lol
ham,"Mah b, I'll pick it up tomorrow",mah b i ll pick it up tomorrow
ham,Still otside le..u come 2morrow maga..,still otside le u come morrow maga
ham,Do u still have plumbers tape and a wrench we could borrow?,do u still have plumbers tape wrench we could borrow
spam,"Dear Voucher Holder, To claim this weeks offer, at you PC please go to http://www.e-tlp.co.uk/reward. Ts&Cs apply.",dear voucher holder claim this weeks offer you pc please go url ts cs apply
ham,It vl bcum more difficult..,it vl bcum more difficult
spam,UR GOING 2 BAHAMAS! CallFREEFONE 08081560665 and speak to a live operator to claim either Bahamas cruise of£2000 CASH 18+only. To opt out txt X to 07786200117,ur going number bahamas callfreefone number speak live operator claim either bahamas cruise number cash number only opt out txt x number
ham,Havent still waitin as usual... Ü come back sch oredi?,havent still waitin as usual come back sch oredi
ham,In meeting da. I will call you,meeting da i will call you
ham,K k :-):-) then watch some films.,k k then watch some films
ham,Does cinema plus drink appeal tomo? * Is a fr thriller by director i like on at mac at 8.30.,does cinema plus drink appeal tomo fr thriller by director i like mac number number
ham,There the size of elephant tablets & u shove um up ur ass!!,there size elephant tablets u shove um up ur ass
ham,"So many people seems to be special at first sight, But only very few will remain special to you till your last sight.. Maintain them till life ends.. take cr da",so many people seems be special first sight but only very few will remain special you till your last sight maintain them till life ends take cr da
ham,"My Parents, My Kidz, My Friends n My Colleagues. All screaming.. SURPRISE !! and I was waiting on the sofa.. ... ..... ' NAKED...!",my parents my kidz my friends n my colleagues all screaming surprise i was waiting sofa naked
ham,Dunno i juz askin cos i got a card got 20% off 4 a salon called hair sense so i tot it's da one ü cut ur hair. ,dunno i juz askin cos i got card got number off number salon called hair sense so i tot it s da one cut ur hair
ham,Good morning pookie pie! Lol hope I didn't wake u up,good morning pookie pie lol hope i didn t wake u up
ham,MAYBE IF YOU WOKE UP BEFORE FUCKING 3 THIS WOULDN'T BE A PROBLEM.,maybe if you woke up before fucking number this wouldn t be problem
ham,Happy birthday to you....dear.with lots of love.rakhesh NRI,happy birthday you dear lots love rakhesh nri
ham,Howz that persons story,howz that persons story
spam,"This is the 2nd time we have tried 2 contact u. U have won the 750 Pound prize. 2 claim is easy, call 08712101358 NOW! Only 10p per min. BT-national-rate",this nd time we have tried number contact u u have won number pound prize number claim easy call number now only p per min bt national rate
ham,X2  &lt;#&gt; . Are you going to get that,x lt gt you going get that
ham,Hi neva worry bout da truth coz the truth will lead me 2 ur heart. Its the least a unique person like u deserve. Sleep tight or morning,hi neva worry bout da truth coz truth will lead me number ur heart it s least unique person like u deserve sleep tight morning
spam,UR awarded a City Break and could WIN a £200 Summer Shopping spree every WK. Txt STORE to 88039.SkilGme.TsCs087147403231Winawk!Age16+£1.50perWKsub,ur awarded city break could win number summer shopping spree every wk txt store number skilgme tscs winawk age number perwksub
ham,Is ur paper today in e morn or aft?,ur paper today e morn aft
ham,I will lick up every drop :) are you ready to use your mouth as well?,i will lick up every drop you ready use your mouth as well
ham,And you! Will expect you whenever you text! Hope all goes well tomo ,you will expect you whenever you text hope all goes well tomo
ham,Great. P diddy is my neighbor and comes for toothpaste every morning,great p diddy my neighbor comes toothpaste every morning
ham,"I av a new number,  . Wil u only use this one,ta.",i av new number wil u only use this one ta
ham,So its to be poking man everyday that they teach you in canada abi! How are you. Just saying hi.,so its be poking man everyday that they teach you canada abi how you just saying hi
ham,7 lor... Change 2 suntec... Wat time u coming?,number lor change number suntec wat time u coming
ham,No de.am seeing in online shop so that i asked.,no de am seeing online shop so that i asked
ham,Just curious because my cuz asked what I was up to,just curious because my cuz asked what i was up
ham,Nice.nice.how is it working?,nice nice how it working
ham,Okay lor... Wah... like that def they wont let us go... Haha... What did they say in the terms and conditions?,okay lor wah like that def they wont let us go haha what did they say terms conditions
ham,Haha... Yup hopefully  we will lose a few kg by mon. after hip hop can go orchard and weigh again,haha yup hopefully we will lose few kg by mon after hip hop can go orchard weigh again
ham,She's good. How are you. Where r u working now,she s good how you where r u working now
ham,"Oh, yes, I've just been a little under the weather so i've kind of been coccooning at home",oh yes i ve just been little under weather so i ve kind been coccooning home
ham,At home also.,home also
ham,This phone has the weirdest auto correct.,this phone has weirdest auto correct
ham,Oops my phone died and I didn't even know. Yeah I like it better.,oops my phone died i didn t even know yeah i like it better
ham,Havent mus ask if u can 1st wat. Of meet 4 lunch den u n him meet can already lor. Or u wan 2 go ask da ge 1st then confirm w me asap?,havent mus ask if u can st wat meet number lunch den u n him meet can already lor u wan number go ask da ge st then confirm w me asap
ham,"She said,'' do u mind if I go into the bedroom for a minute ? '' ''OK'', I sed in a sexy mood. She came out 5 minuts latr wid a cake...n My Wife,",she said do u mind if i go into bedroom minute ok i sed sexy mood she came out number minuts latr wid cake n my wife
ham,"OH YEAH,AND HAV A GREAT TIME IN NEWQUAY-SEND ME A POSTCARD !1 LOOK AFTER ALL THE GIRLS WHILE IM GONE(U KNOW THE 1IM TALKIN BOUT!)xx",oh yeah hav great time newquay send me postcard number look after all girls while im gone u know im talkin bout xx
ham,We got a divorce. Lol. She.s here,we got divorce lol she s here
ham,What's ur pin?,what s ur pin
ham,"Babe, have you got enough money to pick up bread and milk ? And I'll give you it back when you get home ?",babe have you got enough money pick up bread milk i ll give you it back when you get home
ham,I want snow. It's just freezing and windy.,i want snow it s just freezing windy
spam,URGENT! We are trying to contact U. Todays draw shows that you have won a £2000 prize GUARANTEED. Call 09066358361 from land line. Claim Y87. Valid 12hrs only,urgent we trying contact u todays draw shows that you have won number prize guaranteed call number from land line claim y valid hrs only
ham,Come to mahal bus stop.. &lt;DECIMAL&gt;,come mahal bus stop lt decimal gt
ham,Don know:)this week i'm going to tirunelvai da.,don know this week i m going tirunelvai da
ham,Me too baby! I promise to treat you well! I bet you will take good care of me...,me too baby i promise treat you well i bet you will take good care me
ham,Its like that hotel dusk game i think. You solve puzzles in a area thing,its like that hotel dusk game i think you solve puzzles area thing
spam,"Thanks for your ringtone order, reference number X29. Your mobile will be charged 4.50. Should your tone not arrive please call customer services 09065989180",thanks your ringtone order reference number x your mobile will be charged number number should your tone not arrive please call customer services number
ham,"Hi, my love! How goes that day? Fuck, this morning I woke and dropped my cell on the way down the stairs but it seems alright ... *phews* I miss you !",hi my love how goes that day fuck this morning i woke dropped my cell way down stairs but it seems alright phews i miss you
ham,Well that must be a pain to catch,well that must be pain catch
ham,Sorry da thangam.it's my mistake.,sorry da thangam it s my mistake
ham,I need... Coz i never go before ,i need coz i never go before
ham,"Rose for red,red for blood,blood for heart,heart for u. But u for me.... Send tis to all ur friends.. Including me.. If u like me.. If u get back, 1-u r poor in relation! 2-u need some 1 to support 3-u r frnd 2 many 4-some1 luvs u 5+- some1 is praying god to marry u.:-) try it....",rose red red blood blood heart heart u but u me send tis all ur friends including me if u like me if u get back number u r poor relation number u need some number support number u r frnd number many number some luvs u number some praying god marry u try it
ham,Wife.how she knew the time of murder exactly,wife how she knew time murder exactly
spam,"SIX chances to win CASH! From 100 to 20,000 pounds txt> CSH11 and send to 87575. Cost 150p/day, 6days, 16+ TsandCs apply Reply HL 4 info",six chances win cash from number number number pounds txt csh send number cost p day days number tsandcs apply reply hl number info
spam,Ur cash-balance is currently 500 pounds - to maximize ur cash-in now send COLLECT to 83600 only 150p/msg. CC: 08718720201 PO BOX 114/14 TCR/W1,ur cash balance currently number pounds maximize ur cash now send collect number only p msg cc number po box number number tcr w
ham,"I feel like a dick because I keep sleeping through your texts and facebook messages. Sup, you in town?",i feel like dick because i keep sleeping through your texts facebook messages sup you town
ham,No plm i will come da. On the way.,no plm i will come da way
ham,Guess he wants alone time. We could just show up and watch when they do..,guess he wants alone time we could just show up watch when they do
ham,Height of recycling: Read twice- People spend time for earning money and the same money is spent for spending time!;-) Good morning.. keep smiling:-),height recycling read twice people spend time earning money same money spent spending time good morning keep smiling
ham,Yup ü not comin :-(,yup not comin
ham,"Yes, princess. Toledo.",yes princess toledo
ham,"Aight text me when you're back at mu and I'll swing by, need somebody to get the door for me",aight text me when you re back mu i ll swing by need somebody get door me
ham,Ron say fri leh. N he said ding tai feng cant make reservations. But he said wait lor.,ron say fri leh n he said ding tai feng cant make reservations but he said wait lor
ham,Good. No swimsuit allowed :),good no swimsuit allowed
ham,Am okay. Will soon be over. All the best,am okay will soon be over all best
ham,"A cute thought for friendship: ""Its not necessary to share every secret with ur close Frnd, but watever u shared should be true""....",cute thought friendship its not necessary share every secret ur close frnd but watever u shared should be true
ham,Ok i've sent u da latest version of da project.,ok i ve sent u da latest version da project
ham,Good Morning my Dear........... Have a great &amp; successful day.,good morning my dear have great amp successful day
ham,Pls accept me for one day. Or am begging you change the number.,pls accept me one day am begging you change number
ham,Squeeeeeze!! This is christmas hug.. If u lik my frndshp den hug me back.. If u get 3 u r cute:) 6 u r luvd:* 9 u r so lucky;) None? People hate u:,squeeeeeze this christmas hug if u lik my frndshp den hug me back if u get number u r cute number u r luvd number u r so lucky none people hate u
ham,"Its ok, if anybody asks abt me, u tel them..:-P",its ok if anybody asks abt me u tel them p
ham,"Funny fact Nobody teaches volcanoes 2 erupt, tsunamis 2 arise, hurricanes 2 sway aroundn no 1 teaches hw 2 choose a wife Natural disasters just happens",funny fact nobody teaches volcanoes number erupt tsunamis number arise hurricanes number sway aroundn no number teaches hw number choose wife natural disasters just happens
ham,* You gonna ring this weekend or wot?,you gonna ring this weekend wot
ham,Also track down any lighters you can find,also track down any lighters you can find
ham,"Sorry, I can't help you on this.",sorry i can t help you this
ham,"Babe, I need your advice",babe i need your advice
ham,"I‘ll leave around four, ok?",i ll leave around four ok
ham,Come to medical college at 7pm ......forward it da,come medical college pm forward it da
ham,K:)k..its good:)when are you going?,k k its good when you going
ham,I can make lasagna for you... vodka...,i can make lasagna you vodka
ham,HI ITS KATE CAN U GIVE ME A RING ASAP XXX,hi its kate can u give me ring asap xxx
ham,Who were those people ? Were you in a tour ? I thought you were doing that sofa thing you sent me ? Your curious sugar,who were those people were you tour i thought you were doing that sofa thing you sent me your curious sugar
ham,"No, but you told me you were going, before you got drunk!",no but you told me you were going before you got drunk
ham,He fucking chickened out. He messaged me he would be late and woould buzz me and then I didn't hear a word from him,he fucking chickened out he messaged me he would be late woould buzz me then i didn t hear word from him
spam,"Congratulations! Thanks to a good friend U have WON the £2,000 Xmas prize. 2 claim is easy, just call 08718726978 NOW! Only 10p per minute. BT-national-rate",congratulations thanks good friend u have won number number xmas prize number claim easy just call number now only p per minute bt national rate
ham,I'm always looking for an excuse to be in the city.,i m always looking excuse be city
ham,Yup i'm still having coffee wif my frens... My fren drove she'll give me a lift...,yup i m still having coffee wif my frens my fren drove she ll give me lift
ham,O shore are you takin the bus,o shore you takin bus
ham,So u gonna get deus ex?,so u gonna get deus ex
ham,I will send them to your email. Do you mind  &lt;#&gt;  times per night?,i will send them your email do you mind lt gt times per night
spam,"44 7732584351, Do you want a New Nokia 3510i colour phone DeliveredTomorrow? With 300 free minutes to any mobile + 100 free texts + Free Camcorder reply or call 08000930705.",number number do you want new nokia i colour phone deliveredtomorrow number free minutes any mobile number free texts free camcorder reply call number
ham,tap & spile at seven. * Is that pub on gas st off broad st by canal. Ok?,tap spile seven that pub gas st off broad st by canal ok
ham,Ok then i come n pick u at engin?,ok then i come n pick u engin
ham,Which is why i never wanted to tell you any of this. Which is why i'm so short with you and on-edge as of late.,which why i never wanted tell you any this which why i m so short you edge as late
ham,Raviyog Peripherals bhayandar east,raviyog peripherals bhayandar east
ham,K actually can you guys meet me at the sunoco on howard? It should be right on the way,k actually can you guys meet me sunoco howard it should be right way
spam,You have 1 new voicemail. Please call 08719181513.,you have number new voicemail please call number
ham,"MOON has come to color your dreams, STARS to make them musical and my SMS to give you warm and Peaceful Sleep. Good Night",moon has come color your dreams stars make them musical my sms give you warm peaceful sleep good night
ham,Just finished eating. Got u a plate. NOT leftovers this time.,just finished eating got u plate not leftovers this time
ham,Thanx a lot...,thanx lot
ham,Hurry home u big butt. Hang up on your last caller if u have to. Food is done and I'm starving. Don't ask what I cooked.,hurry home u big butt hang up your last caller if u have food done i m starving don t ask what i cooked
ham,Lol your right. What diet? Everyday I cheat anyway. I'm meant to be a fatty :(,lol your right what diet everyday i cheat anyway i m meant be fatty
ham,Its a great day. Do have yourself a beautiful one.,its great day do have yourself beautiful one
ham,What happened in interview?,what happened interview
ham,"Solve d Case : A Man Was Found Murdered On  &lt;DECIMAL&gt; . &lt;#&gt;  AfterNoon. 1,His wife called Police. 2,Police questioned everyone. 3,Wife: Sir,I was sleeping, when the murder took place. 4.Cook: I was cooking. 5.Gardener: I was picking vegetables. 6.House-Maid: I went 2 d post office. 7.Children: We went 2 play. 8.Neighbour: We went 2 a marriage. Police arrested d murderer Immediately. Who's It? Reply With Reason, If U r Brilliant.",solve d case man was found murdered lt decimal gt lt gt afternoon number his wife called police number police questioned everyone number wife sir i was sleeping when murder took place number cook i was cooking number gardener i was picking vegetables number house maid i went number d post office number children we went number play number neighbour we went number marriage police arrested d murderer immediately who s it reply reason if u r brilliant
ham,Badrith is only for chennai:)i will surely pick for us:)no competition for him.,badrith only chennai i will surely pick us no competition him
ham,I tot it's my group mate... Lucky i havent reply... Wat time do ü need to leave... ,i tot it s my group mate lucky i havent reply wat time do need leave
ham,Hey you around? I've got enough for a half + the ten I owe you,hey you around i ve got enough half ten i owe you
ham,Hey tmr maybe can meet you at yck,hey tmr maybe can meet you yck
ham,ALRITE SAM ITS NIC JUST CHECKIN THAT THIS IS UR NUMBER-SO IS IT?T.B*,alrite sam its nic just checkin that this ur number so it t b
ham,They are just making it easy to pay back. I have  &lt;#&gt; yrs to say but i can pay back earlier. You get?,they just making it easy pay back i have lt gt yrs say but i can pay back earlier you get
ham,Not to worry. I'm sure you'll get it.,not worry i m sure you ll get it
ham,"The gas station is like a block away from my house, you'll drive right by it since armenia ends at swann and you have to take howard",gas station like block away from my house you ll drive right by it since armenia ends swann you have take howard
spam,"Someone U know has asked our dating service 2 contact you! Cant Guess who? CALL 09058097189 NOW all will be revealed. POBox 6, LS15HB 150p ",someone u know has asked our dating service number contact you cant guess who call number now all will be revealed pobox number ls hb p
spam,Camera - You are awarded a SiPix Digital Camera! call 09061221066 fromm landline. Delivery within 28 days,camera you awarded sipix digital camera call number fromm landline delivery within number days
ham,My tuition is at 330. Hm we go for the 1120 to 1205 one? Do you mind?,my tuition number hm we go number number one do you mind
ham,"I'm not smoking while people use ""wylie smokes too much"" to justify ruining my shit",i m not smoking while people use wylie smokes too much justify ruining my shit
ham,Dear good morning how you feeling dear,dear good morning how you feeling dear
ham,A little. Meds say take once every 8 hours. It's only been 5 but pain is back. So I took another. Hope I don't die,little meds say take once every number hours it s only been number but pain back so i took another hope i don t die
ham,"Beautiful tomorrow never comes.. When it comes, it's already TODAY.. In the hunt of beautiful tomorrow don't waste your wonderful TODAY.. GOODMORNING:)",beautiful tomorrow never comes when it comes it s already today hunt beautiful tomorrow don t waste your wonderful today goodmorning
ham,Dunno lei ü all decide lor. How abt leona? Oops i tot ben is going n i msg him.,dunno lei all decide lor how abt leona oops i tot ben going n i msg him
ham,Hi there. We have now moved in2 our pub . Would be great 2 c u if u cud come up.,hi there we have now moved our pub would be great number c u if u cud come up
spam,Todays Voda numbers ending 5226 are selected to receive a ?350 award. If you hava a match please call 08712300220 quoting claim code 1131 standard rates app ,todays voda numbers ending number selected receive number award if you hava match please call number quoting claim code number standard rates app
spam,This message is free. Welcome to the new & improved Sex & Dogging club! To unsubscribe from this service reply STOP. msgs@150p 18 only,this message free welcome new improved sex dogging club unsubscribe from this service reply stop msgs p number only
ham,"Honeybee Said: *I'm d Sweetest in d World* God Laughed &amp; Said: *Wait,U Havnt Met d Person Reading This Msg* MORAL: Even GOD Can Crack Jokes! GM+GN+GE+GN:)",honeybee said i m d sweetest d world god laughed amp said wait u havnt met d person reading this msg moral even god can crack jokes gm gn ge gn
ham,Just do what ever is easier for you,just do what ever easier you
spam,RCT' THNQ Adrian for U text. Rgds Vatian,rct thnq adrian u text rgds vatian
ham,Stop calling everyone saying I might have cancer. My throat hurts to talk. I can't be answering everyones calls. If I get one more call I'm not babysitting on Monday,stop calling everyone saying i might have cancer my throat hurts talk i can t be answering everyones calls if i get one more call i m not babysitting monday
ham,"It'll be tough, but I'll do what I have to",it ll be tough but i ll do what i have
ham,IM GONNAMISSU SO MUCH!!I WOULD SAY IL SEND U A POSTCARD BUTTHERES ABOUTAS MUCH CHANCE OF MEREMEMBERIN ASTHERE IS OFSI NOT BREAKIN HIS CONTRACT!! LUV Yaxx,im gonnamissu so much i would say il send u postcard buttheres aboutas much chance merememberin asthere ofsi not breakin his contract luv yaxx
ham,Ee msg na poortiyagi odalebeku: Hanumanji 7 name 1-Hanuman 2-Bajarangabali 3-Maruti 4-Pavanaputra 5-Sankatmochan 6-Ramaduth 7-Mahaveer ee 7 name  &lt;#&gt;  janarige ivatte kalisidare next saturday olage ondu good news keluviri...! Maretare inde 1 dodda problum nalli siguviri idu matra  &lt;#&gt; % true.. Don't neglet.,ee msg na poortiyagi odalebeku hanumanji number name number hanuman number bajarangabali number maruti number pavanaputra number sankatmochan number ramaduth number mahaveer ee number name lt gt janarige ivatte kalisidare next saturday olage ondu good news keluviri maretare inde number dodda problum nalli siguviri idu matra lt gt true don t neglet
ham,HI DARLIN I FINISH AT 3 DO U 1 2 PICK ME UP OR MEET ME? TEXT BACK ON THIS NUMBER LUV KATE XXX,hi darlin i finish number do u number number pick me up meet me text back this number luv kate xxx
ham,"Set a place for me in your heart and not in your mind, as the mind easily forgets but the heart will always remember. Wish you Happy Valentines Day!",set place me your heart not your mind as mind easily forgets but heart will always remember wish you happy valentines day
ham,But i'm surprised she still can guess right lor...,but i m surprised she still can guess right lor
ham,Okie ü wan meet at bishan? Cos me at bishan now. I'm not driving today.,okie wan meet bishan cos me bishan now i m not driving today
ham,Oh ho. Is this the first time u use these type of words,oh ho this first time u use these type words
ham,HI DARLIN HOW WAS WORK DID U GET INTO TROUBLE? IJUST TALKED TO YOUR MUM ALL MORNING! I HAD A REALLY GOOD TIME LAST NIGHT IM GOIN OUT SOON BUT CALL ME IF U CAN,hi darlin how was work did u get into trouble ijust talked your mum all morning i had really good time last night im goin out soon but call me if u can
ham,I know you are serving. I mean what are you doing now.,i know you serving i mean what you doing now
ham,"Huh... Hyde park not in mel ah, opps, got confused... Anyway, if tt's e best choice den we juz have to take it...",huh hyde park not mel ah opps got confused anyway if tt s e best choice den we juz have take it
ham,Oh gei. That happend to me in tron. Maybe ill dl it in 3d when its out,oh gei that happend me tron maybe ill dl it d when its out
spam,"FREE MESSAGE Activate your 500 FREE Text Messages by replying to this message with the word FREE For terms & conditions, visit www.07781482378.com",free message activate your number free text messages by replying this message word free terms conditions visit url
ham,I know girls always safe and selfish know i got it pa. Thank you. good night.,i know girls always safe selfish know i got it pa thank you good night
ham,"No worries, hope photo shoot went well. have a spiffing fun at workage. ",no worries hope photo shoot went well have spiffing fun workage
ham,I'm freezing and craving ice. Fml,i m freezing craving ice fml
ham,Kay... Since we are out already ,kay since we out already
ham,Eh sorry leh... I din c ur msg. Not sad already lar. Me watching tv now. U still in office?,eh sorry leh i din c ur msg not sad already lar me watching tv now u still office
ham,Yo im right by yo work,yo im right by yo work
ham,Ok darlin i supose it was ok i just worry too much.i have to do some film stuff my mate and then have to babysit again! But you can call me there.xx,ok darlin i supose it was ok i just worry too much i have do some film stuff my mate then have babysit again but you can call me there xx
ham,"She said,'' do u mind if I go into the bedroom for a minute ? '' ''OK'', I sed in a sexy mood. She came out 5 minuts latr wid a cake...n My Wife,",she said do u mind if i go into bedroom minute ok i sed sexy mood she came out number minuts latr wid cake n my wife
ham,I don wake since. I checked that stuff and saw that its true no available spaces. Pls call the embassy or send a mail to them.,i don wake since i checked that stuff saw that its true no available spaces pls call embassy send mail them
ham,Nope... Juz off from work...,nope juz off from work
ham,Huh so fast... Dat means u havent finished painting?,huh so fast dat means u havent finished painting
ham, what number do u live at? Is it 11?,what number do u live it number
ham,"No we put party 7 days a week and study lightly, I think we need to draw in some custom checkboxes so they know we're hardcore",no we put party number days week study lightly i think we need draw some custom checkboxes so they know we re hardcore
ham,Sac will score big hundred.he is set batsman:-),sac will score big hundred he set batsman
ham,Send me yetty's number pls.,send me yetty s number pls
ham,How much it will cost approx . Per month.,how much it will cost approx per month
ham,Ok... The theory test? when are ü going to book? I think it's on 21 may. Coz thought wanna go out with jiayin. But she isnt free,ok theory test when going book i think it s number may coz thought wanna go out jiayin but she isnt free
spam,"You are being contacted by our dating service by someone you know! To find out who it is, call from a land line 09050000928. PoBox45W2TG150P",you being contacted by our dating service by someone you know find out who it call from land line number pobox w tg p
ham,"That's fine, have him give me a call if he knows what he wants or has any questions",that s fine have him give me call if he knows what he wants has any questions
ham,"Sorry, got a late start, we're on the way",sorry got late start we re way
ham,Then u go back urself lor...,then u go back urself lor
ham,I AM AT THE GAS STATION. GO THERE.,i am gas station go there
ham,"K, if u bored up just come to my home..",k if u bored up just come my home
ham,Babe !!!! I LOVE YOU !!!! *covers your face in kisses*,babe i love you covers your face kisses
ham,"Like I made him throw up when we were smoking in our friend's car one time, it was awesome",like i made him throw up when we were smoking our friend s car one time it was awesome
ham,Still i have not checked it da. . .,still i have not checked it da
ham,You will go to walmart. I.ll stay.,you will go walmart i ll stay
ham,"I haven't forgotten you, i might have a couple bucks to send you tomorrow, k? I love ya too",i haven t forgotten you i might have couple bucks send you tomorrow k i love ya too
ham,Oh great. I.ll disturb him more so that we can talk.,oh great i ll disturb him more so that we can talk
ham,Reverse is cheating. That is not mathematics.,reverse cheating that not mathematics
ham,U're welcome... Caught u using broken english again...,u re welcome caught u using broken english again
ham,No problem baby. Is this is a good time to talk? I called and left a message.,no problem baby this good time talk i called left message
ham,"Sorry, I'll call later",sorry i ll call later
ham,Oh is it! Which brand?,oh it which brand
ham,Sorry i cant take your call right now. It so happens that there r 2waxsto do wat you want. She can come and ill get her medical insurance. And she'll be able to deliver and have basic care. I'm currently shopping for the right medical insurance for her. So just give me til friday morning. Thats when i.ll see the major person that can guide me to the right insurance.,sorry i cant take your call right now it so happens that there r waxsto do wat you want she can come ill get her medical insurance she ll be able deliver have basic care i m currently shopping right medical insurance her so just give me til friday morning thats when i ll see major person that can guide me right insurance
ham,At what time are you coming.,what time you coming
ham,Call him and say you not coming today ok and tell them not to fool me like this ok,call him say you not coming today ok tell them not fool me like this ok
ham,I emailed yifeng my part oredi.. Can ü get it fr him..,i emailed yifeng my part oredi can get it fr him
ham,R u sure they'll understand that! Wine * good idea just had a slurp!,r u sure they ll understand that wine good idea just had slurp
ham,Minimum walk is 3miles a day.,minimum walk miles day
ham,Ok not a problem will get them a taxi. C ing  tomorrow and tuesday. On tuesday think we r all going to the cinema. ,ok not problem will get them taxi c ing tomorrow tuesday tuesday think we r all going cinema
ham,"Brainless Baby Doll..:-D;-), vehicle sariyag drive madoke barolla..",brainless baby doll d vehicle sariyag drive madoke barolla
ham,I don't run away frm u... I walk slowly &amp; it kills me that u don't care enough to stop me...,i don t run away frm u i walk slowly amp it kills me that u don t care enough stop me
spam,Sorry I missed your call let's talk when you have the time. I'm on 07090201529,sorry i missed your call let s talk when you have time i m number
ham,Please attend the phone:),please attend phone
ham,You only hate me. You can call any but you didnt accept even a single call of mine. Or even you messaged,you only hate me you can call any but you didnt accept even single call mine even you messaged
ham,No messages on her phone. I'm holding it now,no messages her phone i m holding it now
ham,Can... I'm free...,can i m free
ham,"Yo my trip got postponed, you still stocked up?",yo my trip got postponed you still stocked up
ham,"Sorry, I'll call later",sorry i ll call later
ham,I am waiting for your call sir.,i am waiting your call sir
ham,Hey what are you doing. Y no reply pa..,hey what you doing y no reply pa
ham,"Hey elaine, is today's meeting still on?",hey elaine today s meeting still
ham,Sorry i've not gone to that place. I.ll do so tomorrow. Really sorry.,sorry i ve not gone that place i ll do so tomorrow really sorry
ham,Most of the tiime when i don't let you hug me it's so i don't break into tears.,most tiime when i don t let you hug me it s so i don t break into tears
ham,Tomorrow i am not going to theatre. . . So i can come wherever u call me. . . Tell me where and when to come tomorrow,tomorrow i am not going theatre so i can come wherever u call me tell me where when come tomorrow
ham,And now electricity just went out fml.,now electricity just went out fml
ham,"Looks like you found something to do other than smoke, great job!",looks like you found something do other than smoke great job
ham,Also andros ice etc etc,also andros ice etc etc
ham,:) ,
ham,"Good afternon, my love. How are today? I hope your good and maybe have some interviews. I wake and miss you babe. A passionate kiss from across the sea",good afternon my love how today i hope your good maybe have some interviews i wake miss you babe passionate kiss from across sea
ham,Yup. Wun believe wat? U really neva c e msg i sent shuhui?,yup wun believe wat u really neva c e msg i sent shuhui
ham,Hows that watch resizing,hows that watch resizing
ham,Dear umma she called me now :-),dear umma she called me now
ham,Just finished. Missing you plenty,just finished missing you plenty
spam,"complimentary 4 STAR Ibiza Holiday or £10,000 cash needs your URGENT collection. 09066364349 NOW from Landline not to lose out! Box434SK38WP150PPM18+",complimentary number star ibiza holiday number number cash needs your urgent collection number now from landline not lose out box sk wp ppm
ham,"Well, I meant as opposed to my drunken night of before",well i meant as opposed my drunken night before
ham,K... Must book a not huh? so going for yoga basic on sunday?,k must book not huh so going yoga basic sunday
spam,FREE MSG:We billed your mobile number by mistake from shortcode 83332.Please call 08081263000 to have charges refunded.This call will be free from a BT landline,free msg we billed your mobile number by mistake from shortcode number please call number have charges refunded this call will be free from bt landline
ham,Ok can...,ok can
ham,"Oops - am at my mum's in somerset... Bit far! Back tomo, see you soon x",oops am my mum s somerset bit far back tomo see you soon x
ham,So u workin overtime nigpun?,so u workin overtime nigpun
ham,Same as kallis dismissial in 2nd test:-).,same as kallis dismissial nd test
ham,O. Guess they both got screwd,o guess they both got screwd
spam,Please CALL 08712402972 immediately as there is an urgent message waiting for you,please call number immediately as there urgent message waiting you
ham,"I'm in a meeting, call me later at",i m meeting call me later
ham,What r u cooking me for dinner?,what r u cooking me dinner
ham,Ok thanx...,ok thanx
ham,Bull. Your plan was to go floating off to IKEA with me without a care in the world. So i have to live with your mess another day.,bull your plan was go floating off ikea me without care world so i have live your mess another day
ham,Then i buy.,then i buy
spam,URGENT! Your Mobile number has been awarded with a £2000 Bonus Caller Prize. Call 09058095201 from land line. Valid 12hrs only,urgent your mobile number has been awarded number bonus caller prize call number from land line valid hrs only
ham,Heehee that was so funny tho,heehee that was so funny tho
ham,It only does simple arithmetic not percentages.,it only does simple arithmetic not percentages
ham,"Yeah we wouldn't leave for an hour at least, how's 4 sound?",yeah we wouldn t leave hour least how s number sound
spam,"As a valued customer, I am pleased to advise you that following recent review of your Mob No. you are awarded with a £1500 Bonus Prize, call 09066364589",as valued customer i am pleased advise you that following recent review your mob no you awarded number bonus prize call number
ham,Thanks honey. Have a great day.,thanks honey have great day
ham,"'An Amazing Quote'' - ""Sometimes in life its difficult to decide whats wrong!! a lie that brings a smile or the truth that brings a tear....""",amazing quote sometimes life its difficult decide whats wrong lie that brings smile truth that brings tear
ham,Good night my dear.. Sleepwell&amp;Take care,good night my dear sleepwell amp take care
ham,Then ü ask dad to pick ü up lar... Ü wan 2 stay until 6 meh...,then ask dad pick up lar wan number stay until number meh
ham,"Jus chillaxin, what up",jus chillaxin what up
ham,HEY DAS COOL... IKNOW ALL 2 WELLDA PERIL OF STUDENTFINANCIAL CRISIS!SPK 2 U L8R.,hey das cool iknow all number wellda peril studentfinancial crisis spk number u l r
ham,"Beautiful Truth against Gravity.. Read carefully: ""Our heart feels light when someone is in it.. But it feels very heavy when someone leaves it.."" GOODMORNING",beautiful truth against gravity read carefully our heart feels light when someone it but it feels very heavy when someone leaves it goodmorning
spam,Do you want a New Nokia 3510i colour phone DeliveredTomorrow? With 300 free minutes to any mobile + 100 free texts + Free Camcorder reply or call 08000930705,do you want new nokia i colour phone deliveredtomorrow number free minutes any mobile number free texts free camcorder reply call number
ham,"Whats that coming over the hill..... Is it a monster! Hope you have a great day. Things r going fine here, busy though! ",whats that coming over hill it monster hope you have great day things r going fine here busy though
ham,Joy's father is John. Then John is the ____ of Joy's father. If u ans ths you hav  &lt;#&gt;  IQ. Tis s IAS question try to answer.,joy s father john then john joy s father if u ans ths you hav lt gt iq tis s ias question try answer
ham,Only once then after ill obey all yours.,only once then after ill obey all yours
ham,No she didnt. I will search online and let you know.,no she didnt i will search online let you know
ham,Where do you need to go to get it?,where do you need go get it
ham,No pic. Please re-send.,no pic please re send
ham,He remains a bro amongst bros,he remains bro amongst bros
ham,Uhhhhrmm isnt having tb test bad when youre sick,uhhhhrmm isnt having tb test bad when youre sick
ham,But i haf enuff space got like 4 mb...,but i haf enuff space got like number mb
spam,LIFE has never been this much fun and great until you came in. You made it truly special for me. I won't forget you! enjoy @ one gbp/sms,life has never been this much fun great until you came you made it truly special me i won t forget you enjoy one gbp sms
spam,Do you want a new Video phone? 600 anytime any network mins 400 Inclusive Video calls AND downloads 5 per week Free delTOMORROW call 08002888812 or reply NOW,do you want new video phone number anytime any network mins number inclusive video calls downloads number per week free deltomorrow call number reply now
spam,"As a valued customer, I am pleased to advise you that following recent review of your Mob No. you are awarded with a £1500 Bonus Prize, call 09066368470",as valued customer i am pleased advise you that following recent review your mob no you awarded number bonus prize call number
spam,Welcome! Please reply with your AGE and GENDER to begin. e.g 24M,welcome please reply your age gender begin e g m
spam,Freemsg: 1-month unlimited free calls! Activate SmartCall Txt: CALL to No: 68866. Subscriptn3gbp/wk unlimited calls Help: 08448714184 Stop?txt stop landlineonly,freemsg number month unlimited free calls activate smartcall txt call no number subscriptn gbp wk unlimited calls help number stop txt stop landlineonly
spam,Had your mobile 10 mths? Update to latest Orange camera/video phones for FREE. Save £s with Free texts/weekend calls. Text YES for a callback orno to opt out,had your mobile number mths update latest orange camera video phones free save s free texts weekend calls text yes callback orno opt out
spam,Am new 2 club & dont fink we met yet Will B gr8 2 C U Please leave msg 2day wiv ur area 09099726553 reply promised CARLIE x Calls£1/minMobsmore LKPOBOX177HP51FL,am new number club dont fink we met yet will b gr number c u please leave msg day wiv ur area number reply promised carlie x calls number minmobsmore lkpobox hp fl
ham,True. Its easier with her here.,true its easier her here
ham,Sure but since my parents will be working on Tuesday I don't really need a cover story,sure but since my parents will be working tuesday i don t really need cover story
ham,Haha okay... Today weekend leh... ,haha okay today weekend leh
ham,Hi darlin did youPhone me? Im atHome if youwanna chat.,hi darlin did youphone me im athome if youwanna chat
ham,I don't know jack shit about anything or i'd say/ask something helpful but if you want you can pretend that I did and just text me whatever in response to the hypotheticalhuagauahahuagahyuhagga,i don t know jack shit about anything i d say ask something helpful but if you want you can pretend that i did just text me whatever response hypotheticalhuagauahahuagahyuhagga
ham,You've always been the brainy one.,you ve always been brainy one
ham,Yeah if we do have to get a random dude we need to change our info sheets to PARTY  &lt;#&gt; /7 NEVER STUDY just to be safe,yeah if we do have get random dude we need change our info sheets party lt gt number never study just be safe
spam,Camera - You are awarded a SiPix Digital Camera! call 09061221066 fromm landline. Delivery within 28 days.,camera you awarded sipix digital camera call number fromm landline delivery within number days
ham,"Christmas is An occasion that is Celebrated as a Reflection of UR... Values..., Desires..., Affections...&amp; Traditions.... Have an ideal Christmas...",christmas occasion that celebrated as reflection ur values desires affections amp traditions have ideal christmas
ham,Sending you greetings of joy and happiness. Do have a gr8 evening,sending you greetings joy happiness do have gr evening
ham,Hi darlin i cantdo anythingtomorrow as myparents aretaking me outfor a meal. when are u free? Katexxx,hi darlin i cantdo anythingtomorrow as myparents aretaking me outfor meal when u free katexxx
ham,If india win or level series means this is record:),if india win level series means this record
ham,Then what about further plan?,then what about further plan
ham,Its good to hear from you,its good hear from you
ham,"awesome, how do I deal with the gate? Charles told me last night but, uh, yeah",awesome how do i deal gate charles told me last night but uh yeah
ham,What time you thinkin of goin?,what time you thinkin goin
spam,Get a FREE mobile video player FREE movie. To collect text GO to 89105. Its free! Extra films can be ordered t's and c's apply. 18 yrs only,get free mobile video player free movie collect text go number its free extra films can be ordered t s c s apply number yrs only
spam,Save money on wedding lingerie at www.bridal.petticoatdreams.co.uk Choose from a superb selection with national delivery. Brought to you by WeddingFriend,save money wedding lingerie url choose from superb selection national delivery brought you by weddingfriend
ham,Your board is working fine. The issue of overheating is also reslove. But still software inst is pending. I will come around 8'o clock.,your board working fine issue overheating also reslove but still software inst pending i will come around number o clock
ham,Yes but I don't care cause I know its there!,yes but i don t care cause i know its there
ham,"wiskey Brandy Rum Gin Beer Vodka Scotch Shampain Wine ""KUDI""yarasu dhina vaazhthukkal. ..",wiskey brandy rum gin beer vodka scotch shampain wine kudi yarasu dhina vaazhthukkal
ham,"Mon okie lor... Haha, best is cheap n gd food la, ex oso okie... Depends on whether wana eat western or chinese food... Den which u prefer... ",mon okie lor haha best cheap n gd food la ex oso okie depends whether wana eat western chinese food den which u prefer
ham,Sitting ard nothing to do lor. U leh busy w work?,sitting ard nothing do lor u leh busy w work
ham,Its  &lt;#&gt; k here oh. Should i send home for sale.,its lt gt k here oh should i send home sale
ham,Sorry. || mail? || ,sorry mail
ham,Ya just telling abt tht incident..,ya just telling abt tht incident
ham,Yes we were outside for like 2 hours. And I called my whole family to wake them up cause it started at 1 am,yes we were outside like number hours i called my whole family wake them up cause it started number am
ham,Ugh just got outta class,ugh just got outta class
ham,"Nowadays people are notixiquating the laxinorficated opportunity for bambling of entropication.... Have you ever oblisingately opted ur books for the masteriastering amplikater of fidalfication? It is very champlaxigating, i think it is atrocious.. Wotz Ur Opinion???? Junna",nowadays people notixiquating laxinorficated opportunity bambling entropication have you ever oblisingately opted ur books masteriastering amplikater fidalfication it very champlaxigating i think it atrocious wotz ur opinion junna
ham,I dont have any of your file in my bag..i was in work when you called me.i 'll tell you if i find anything in my room.,i dont have any your file my bag i was work when you called me i ll tell you if i find anything my room
ham,No need lar. Jus testing e phone card. Dunno network not gd i thk. Me waiting 4 my sis 2 finish bathing so i can bathe. Dun disturb u liao u cleaning ur room.,no need lar jus testing e phone card dunno network not gd i thk me waiting number my sis number finish bathing so i can bathe dun disturb u liao u cleaning ur room
ham,Ok. I.ll do you right later.,ok i ll do you right later
ham,Friendship poem: Dear O Dear U R Not Near But I Can Hear Dont Get Fear Live With Cheer No More Tear U R Always my Dear. Gud ni8,friendship poem dear o dear u r not near but i can hear dont get fear live cheer no more tear u r always my dear gud ni
ham,Have your lunch and come quickly and open the door:),have your lunch come quickly open door
spam,Not heard from U4 a while. Call me now am here all night with just my knickers on. Make me beg for it like U did last time 01223585236 XX Luv Nikiyu4.net,not heard from u while call me now am here all night just my knickers make me beg it like u did last time number xx luv nikiyu net
ham,I am back. Bit long cos of accident on a30. Had to divert via wadebridge.I had a brilliant weekend thanks. Speak soon. Lots of love,i am back bit long cos accident had divert via wadebridge i had brilliant weekend thanks speak soon lots love
ham,"K.. I yan jiu liao... Sat we can go 4 bugis vill one frm 10 to 3 den hop to parco 4 nb. Sun can go cine frm 1030 to 2, den hop to orc mrt 4 hip hop at 4...",k i yan jiu liao sat we can go number bugis vill one frm number number den hop parco number nb sun can go cine frm number number den hop orc mrt number hip hop number
spam,Bloomberg -Message center +447797706009 Why wait? Apply for your future http://careers. bloomberg.com,bloomberg message center number why wait apply your future url bloomberg com
ham,i am seeking a lady in the street and a freak in the sheets. Is that you?,i am seeking lady street freak sheets that you
ham,My phone,my phone
ham,"Haha figures, well I found the piece and priscilla's bowl",haha figures well i found piece priscilla s bowl
ham,"Actually fuck that, just do whatever, do find an excuse to be in tampa at some point before january though",actually fuck that just do whatever do find excuse be tampa some point before january though
spam,URGENT! We are trying to contact U. Todays draw shows that you have won a £800 prize GUARANTEED. Call 09050001808 from land line. Claim M95. Valid12hrs only,urgent we trying contact u todays draw shows that you have won number prize guaranteed call number from land line claim m valid hrs only
ham,yay! finally lol. i missed our cinema trip last week :-(,yay finally lol i missed our cinema trip last week
ham,All day working day:)except saturday and sunday..,all day working day except saturday sunday
ham,aathi..where are you dear..,aathi where you dear
ham,Heart is empty without love.. Mind is empty without wisdom.. Eyes r empty without dreams &amp; Life is empty without frnds.. So Alwys Be In Touch. Good night &amp; sweet dreams,heart empty without love mind empty without wisdom eyes r empty without dreams amp life empty without frnds so alwys be touch good night amp sweet dreams
ham,"I think I‘m waiting for the same bus! Inform me when you get there, if you ever get there.",i think i m waiting same bus inform me when you get there if you ever get there
ham,You getting back any time soon?,you getting back any time soon
ham,", how's things? Just a quick question.",how s things just quick question
ham,"Night has ended for another day, morning has come in a special way. May you smile like the sunny rays and leaves your worries at the blue blue bay. Gud mrng",night has ended another day morning has come special way may you smile like sunny rays leaves your worries blue blue bay gud mrng
ham,"I can probably come by, everybody's done around  &lt;#&gt;  right?",i can probably come by everybody s done around lt gt right
ham,I got it before the new year cos yetunde said she wanted to surprise you with it but when i didnt see money i returned it mid january before the  &lt;#&gt; day return period ended.,i got it before new year cos yetunde said she wanted surprise you it but when i didnt see money i returned it mid january before lt gt day return period ended
ham,I can ask around but there's not a lot in terms of mids up here,i can ask around but there s not lot terms mids up here
ham,Be sure to check your yahoo email. We sent photos yesterday,be sure check your yahoo email we sent photos yesterday
ham,What was she looking for?,what was she looking
ham,Wherre's my boytoy ? :-(,wherre s my boytoy
spam,Do you want a NEW video phone750 anytime any network mins 150 text for only five pounds per week call 08000776320 now or reply for delivery tomorrow,do you want new video phone anytime any network mins number text only five pounds per week call number now reply delivery tomorrow
ham,"Hello, my love! How goes that day ? I wish your well and fine babe and hope that you find some job prospects. I miss you, boytoy ... *a teasing kiss*",hello my love how goes that day i wish your well fine babe hope that you find some job prospects i miss you boytoy teasing kiss
ham,Tell my  bad character which u Dnt lik in me. I'll try to change in  &lt;#&gt; . I ll add tat 2 my new year resolution. Waiting for ur reply.Be frank...good morning.,tell my bad character which u dnt lik me i ll try change lt gt i ll add tat number my new year resolution waiting ur reply be frank good morning
ham,No:-)i got rumour that you going to buy apartment in chennai:-),no i got rumour that you going buy apartment chennai
ham,"Yeah, probably earlier than that",yeah probably earlier than that
ham,Change windows logoff sound..,change windows logoff sound
ham,Still i have not checked it da. . .,still i have not checked it da
ham,I'm also came to room.,i m also came room
ham,Huh but i got lesson at 4 lei n i was thinkin of going to sch earlier n i tot of parkin at kent vale...  ,huh but i got lesson number lei n i was thinkin going sch earlier n i tot parkin kent vale
ham,Ok.,ok
ham,I will reach office around  &lt;DECIMAL&gt; . &amp; my mobile have problem. You cann't get my voice. So call you asa i'll free,i will reach office around lt decimal gt amp my mobile have problem you cann t get my voice so call you asa i ll free
ham,"Cool, text me when you head out",cool text me when you head out
spam,"You are being contacted by our dating service by someone you know! To find out who it is, call from a land line 09050000878. PoBox45W2TG150P",you being contacted by our dating service by someone you know find out who it call from land line number pobox w tg p
spam,"Wan2 win a Meet+Greet with Westlife 4 U or a m8? They are currently on what tour? 1)Unbreakable, 2)Untamed, 3)Unkempt. Text 1,2 or 3 to 83049. Cost 50p +std text",wan win meet greet westlife number u m they currently what tour number unbreakable number untamed number unkempt text number number number number cost p std text
ham,Happy birthday... May u find ur prince charming soon n dun work too hard...,happy birthday may u find ur prince charming soon n dun work too hard
ham,"Oh, the grand is having a bit of a party but it doesn't mention any cover charge so it's probably first come first served",oh grand having bit party but it doesn t mention any cover charge so it s probably first come first served
ham,You said to me before i went back to bed that you can't sleep for anything.,you said me before i went back bed that you can t sleep anything
ham,I hope you arnt pissed off but id would really like to see you tomorrow. Love me xxxxxxxxxxxxxX,i hope you arnt pissed off but id would really like see you tomorrow love me xxxxxxxxxxxxxx
spam,Dorothy@kiefer.com (Bank of Granite issues Strong-Buy) EXPLOSIVE PICK FOR OUR MEMBERS *****UP OVER 300% *********** Nasdaq Symbol CDGT That is a $5.00 per..,dorothy kiefer com bank granite issues strong buy explosive pick our members up over number nasdaq symbol cdgt that number number per
ham,says the  &lt;#&gt;  year old with a man and money. I'm down to my last  &lt;#&gt; . Still waiting for that check.,says lt gt year old man money i m down my last lt gt still waiting that check
ham,I will come to ur home now,i will come ur home now
ham,Free any day but i finish at 6 on mon n thurs...,free any day but i finish number mon n thurs
ham,Will you be here for food,will you be here food
ham,"life alle mone,eppolum oru pole allalo",life alle mone eppolum oru pole allalo
ham,Nite...,nite
ham,"Two fundamentals of cool life: ""Walk, like you are the KING""...! OR ""Walk like you Dont care,whoever is the KING""!... Gud nyt",two fundamentals cool life walk like you king walk like you dont care whoever king gud nyt
ham,"Camera quite good, 10.1mega pixels, 3optical and 5digital dooms. Have a lovely holiday, be safe and i hope you hav a good journey! Happy new year to you both! See you in a couple of weeks! ",camera quite good number mega pixels optical digital dooms have lovely holiday be safe i hope you hav good journey happy new year you both see you couple weeks
ham,Hi Petey!noim ok just wanted 2 chat coz avent spoken 2 u 4 a long time-hope ur doin alrite.have good nit at js love ya am.x,hi petey noi m ok just wanted number chat coz avent spoken number u number long time hope ur doin alrite have good nit js love ya am x
ham,I just saw ron burgundy captaining a party boat so yeah,i just saw ron burgundy captaining party boat so yeah
ham,I'm serious. You are in the money base,i m serious you money base
ham,Already one guy loving you:-.,already one guy loving you
ham,Staff of placement training in Amrita college.,staff placement training amrita college
ham,I always chat with you. In fact i need money can you raise me?,i always chat you fact i need money can you raise me
ham,I'm job profile seems like bpo..,i m job profile seems like bpo
ham,"Well, I was about to give up cos they all said no they didn‘t do one nighters. I persevered and found one but it is very cheap so i apologise in advance. It is just somewhere to sleep isnt it?",well i was about give up cos they all said no they didn t do one nighters i persevered found one but it very cheap so i apologise advance it just somewhere sleep isnt it
ham,"So you think i should actually talk to him? Not call his boss in the morning? I went to this place last year and he told me where i could go and get my car fixed cheaper. He kept telling me today how much he hoped i would come back in, how he always regretted not getting my number, etc.",so you think i should actually talk him not call his boss morning i went this place last year he told me where i could go get my car fixed cheaper he kept telling me today how much he hoped i would come back how he always regretted not getting my number etc
ham,Are you willing to go for apps class.,you willing go apps class
ham,Hanging out with my brother and his family,hanging out my brother his family
ham,No it will reach by 9 only. She telling she will be there. I dont know,no it will reach by number only she telling she will be there i dont know
ham,Hey... are you going to quit soon? Xuhui and i working till end of the month ,hey you going quit soon xuhui i working till end month
ham,"Im sorry bout last nite it wasnt ur fault it was me, spouse it was pmt or sumthin! U 4give me? I think u shldxxxx",im sorry bout last nite it wasn t ur fault it was me spouse it was pmt sumthin u give me i think u shldxxxx
ham,Try neva mate!!,try neva mate
ham,Yeah that'd pretty much be the best case scenario,yeah that d pretty much be best case scenario
ham,I not free today i haf 2 pick my parents up tonite...,i not free today i haf number pick my parents up tonite
ham,"HEY BABE! FAR 2 SPUN-OUT 2 SPK AT DA MO... DEAD 2 DA WRLD. BEEN SLEEPING ON DA SOFA ALL DAY, HAD A COOL NYTHO, TX 4 FONIN HON, CALL 2MWEN IM BK FRMCLOUD 9! J X",hey babe far number spun out number spk da mo dead number da wrld been sleeping da sofa all day had cool nytho tx number fonin hon call mwen im bk frmcloud number j x
ham,Should i send you naughty pix? :),should i send you naughty pix
spam,"You are a £1000 winner or Guaranteed Caller Prize, this is our Final attempt to contact you! To Claim Call 09071517866 Now! 150ppmPOBox10183BhamB64XE",you number winner guaranteed caller prize this our final attempt contact you claim call number now ppmpobox bhamb xe
spam,"Xmas & New Years Eve tickets are now on sale from the club, during the day from 10am till 8pm, and on Thurs, Fri & Sat night this week. They're selling fast!",xmas new years eve tickets now sale from club during day from am till pm thurs fri sat night this week they re selling fast
ham,"Tyler (getting an 8th) has to leave not long after 9, can you get here in like an hour?",tyler getting th has leave not long after number can you get here like hour
ham,Prepare to be pounded every night...,prepare be pounded every night
ham,"Actually, my mobile is full of msg. And i m doing a work online, where i need to send them  &lt;#&gt;  sent msg i wil explain u later.",actually my mobile full msg i m doing work online where i need send them lt gt sent msg i wil explain u later
ham,"Sorry, I'll call later",sorry i ll call later
ham,Good evening! How are you?,good evening how you
ham,I'm at home. Please call,i m home please call
ham,Oic cos me n my sis got no lunch today my dad went out... So dunno whether 2 eat in sch or wat...,oic cos me n my sis got no lunch today my dad went out so dunno whether number eat sch wat
ham,"Mmmmm ... It was sooooo good to wake to your words this morning, my Love!! Mmmm fuck ... I love you too, my Lion ... *devouring kiss from across the sea*",mmmmm it was sooooo good wake your words this morning my love mmmm fuck i love you too my lion devouring kiss from across sea
ham,We are pleased to inform that your application for Airtel Broadband is processed successfully. Your installation will happen within 3 days.,we pleased inform that your application airtel broadband processed successfully your installation will happen within number days
ham,What happen dear. Why you silent. I am tensed,what happen dear why you silent i am tensed
ham,"I'll get there at 3, unless you guys want me to come some time sooner",i ll get there number unless you guys want me come some time sooner
ham,If you are not coughing then its nothing,if you not coughing then its nothing
ham,Ü come lt 25 n pass to me lar,come lt number n pass me lar
ham,I'm e person who's doing e sms survey...,i m e person who s doing e sms survey
ham,Lol ok ill try to send. Be warned Sprint is dead slow. You'll prolly get it tomorrow,lol ok ill try send be warned sprint dead slow you ll prolly get it tomorrow
ham,Thank You meet you monday,thank you meet you monday
ham,SO IS TH GOWER MATE WHICH IS WHERE I AM!?! HOW R U MAN? ALL IS GOOD IN WALES ILL B BACK MORROW. C U THIS WK? WHO WAS THE MSG 4?  RANDOM!,so th gower mate which where i am how r u man all good wales ill b back morrow c u this wk who was msg number random
spam,"Rock yr chik. Get 100's of filthy films &XXX pics on yr phone now. rply FILTH to 69669. Saristar Ltd, E14 9YT 08701752560. 450p per 5 days. Stop2 cancel",rock yr chik get number s filthy films xxx pics yr phone now rply filth number saristar ltd e yt number p per number days stop cancel
ham,"Single line with a big meaning::::: ""Miss anything 4 ur ""Best Life"" but, don't miss ur best life for anything... Gud nyt...",single line big meaning miss anything number ur best life but don t miss ur best life anything gud nyt
ham,"I got like $ &lt;#&gt; , I can get some more later though. Get whatever you feel like",i got like lt gt i can get some more later though get whatever you feel like
ham,"Dad wanted to talk about the apartment so I got a late start, omw now",dad wanted talk about apartment so i got late start omw now
ham,I love you both too :-),i love you both too
ham,Lol u still feeling sick?,lol u still feeling sick
ham,Din i tell u jus now 420,din i tell u jus now number
ham,am up to my eyes in philosophy,am up my eyes philosophy
spam,From next month get upto 50% More Calls 4 Ur standard network charge 2 activate Call 9061100010 C Wire3.net 1st4Terms PoBox84 M26 3UZ Cost £1.50 min MobcudB more,from next month get upto number more calls number ur standard network charge number activate call number c wire net st terms pobox m uz cost number number min mobcudb more
ham,Ok lor. I'm in town now lei.,ok lor i m town now lei
ham,I had it already..sabarish asked me to go..,i had it already sabarish asked me go
ham,No da. . Vijay going to talk in jaya tv,no da vijay going talk jaya tv
spam,URGENT! We are trying to contact U Todays draw shows that you have won a £800 prize GUARANTEED. Call 09050000460 from land line. Claim J89. po box245c2150pm,urgent we trying contact u todays draw shows that you have won number prize guaranteed call number from land line claim j po box c pm
ham,Lol I know! Hey someone did a great inpersonation of flea on the forums. I love it!,lol i know hey someone did great inpersonation flea forums i love it
spam,Text BANNEDUK to 89555 to see! cost 150p textoperator g696ga 18+ XXX,text banneduk number see cost p textoperator g ga number xxx
ham,Still chance there. If you search hard you will get it..let have a try :),still chance there if you search hard you will get it let have try
spam,"Auction round 4. The highest bid is now £54. Next maximum bid is £71. To bid, send BIDS e. g. 10 (to bid £10) to 83383. Good luck.",auction round number highest bid now number next maximum bid number bid send bids e g number bid number number good luck
ham,Do you always celebrate NY's with your family ?,do you always celebrate ny s your family
ham,"We know TAJ MAHAL as symbol of love. But the other lesser known facts 1. Mumtaz was Shahjahan's 4th wife, out of his 7 wifes. 2. Shahjahan killed Mumtaz's husband to marry her. 3. Mumtaz died in her  &lt;#&gt; th delivery. 4. He then married Mumtaz's sister. Question arises where the Hell is the LOVE?:-| -The Great Hari-",we know taj mahal as symbol love but other lesser known facts number mumtaz was shahjahan s th wife out his number wifes number shahjahan killed mumtaz s husband marry her number mumtaz died her lt gt th delivery number he then married mumtaz s sister question arises where hell love great hari
ham,Its ok..come to my home it vl nice to meet and v can chat..,its ok come my home it vl nice meet v can chat
spam,Collect your VALENTINE'S weekend to PARIS inc Flight & Hotel + £200 Prize guaranteed! Text: PARIS to No: 69101. www.rtf.sphosting.com,collect your valentine s weekend paris inc flight hotel number prize guaranteed text paris no number url
ham,Sent me de webadres for geting salary slip,sent me de webadres geting salary slip
ham,She's fine. Sends her greetings,she s fine sends her greetings
spam,Customer Loyalty Offer:The NEW Nokia6650 Mobile from ONLY £10 at TXTAUCTION! Txt word: START to No: 81151 & get yours Now! 4T&Ctxt TC 150p/MTmsg,customer loyalty offer new nokia mobile from only number txtauction txt word start no number get yours now t ctxt tc p mtmsg
ham,But you dint in touch with me.,but you dint touch me
ham,"Yup, leaving right now, be back soon",yup leaving right now be back soon
spam,You won't believe it but it's true. It's Incredible Txts! Reply G now to learn truly amazing things that will blow your mind. From O2FWD only 18p/txt,you won t believe it but it s true it s incredible txts reply g now learn truly amazing things that will blow your mind from o fwd only p txt
ham,Yeah sure I'll leave in a min,yeah sure i ll leave min
ham,And do you have any one that can teach me how to ship cars.,do you have any one that can teach me how ship cars
ham,"The sign of maturity is not when we start saying big things.. But actually it is, when we start understanding small things... *HAVE A NICE EVENING* BSLVYL",sign maturity not when we start saying big things but actually it when we start understanding small things have nice evening bslvyl
ham,Yeah confirmed for you staying at  that weekend,yeah confirmed you staying that weekend
ham,They said ü dun haf passport or smth like dat.. Or ü juz send to my email account..  ,they said dun haf passport smth like dat juz send my email account
ham,"Multiply the numbers independently and count decimal points then, for the division, push the decimal places like i showed you.",multiply numbers independently count decimal points then division push decimal places like i showed you
ham,"Have a lovely night and when you wake up to see this message, i hope you smile knowing all is as should be. Have a great morning",have lovely night when you wake up see this message i hope you smile knowing all as should be have great morning
ham,Ard 4 lor...,ard number lor
ham,You are right. Meanwhile how's project twins comin up,you right meanwhile how s project twins comin up
ham,I sent your maga that money yesterday oh.,i sent your maga that money yesterday oh
spam,Hi 07734396839 IBH Customer Loyalty Offer: The NEW NOKIA6600 Mobile from ONLY £10 at TXTAUCTION!Txt word:START to No:81151 & get Yours Now!4T&,hi number ibh customer loyalty offer new nokia mobile from only number txtauction txt word start no number get yours now t
ham,Heart is empty without love.. Mind is empty without wisdom.. Eyes r empty without dreams &amp; Life is empty without frnds.. So Alwys Be In Touch. Good night &amp; sweet dreams,heart empty without love mind empty without wisdom eyes r empty without dreams amp life empty without frnds so alwys be touch good night amp sweet dreams
spam,I am hot n horny and willing I live local to you - text a reply to hear strt back from me 150p per msg Netcollex LtdHelpDesk: 02085076972 reply Stop to end,i am hot n horny willing i live local you text reply hear strt back from me p per msg netcollex ltdhelpdesk number reply stop end
ham,Our ride equally uneventful - not too many of those pesky cyclists around at that time of night ;).,our ride equally uneventful not too many those pesky cyclists around that time night
ham,If you were/are free i can give. Otherwise nalla adi entey nattil kittum,if you were free i can give otherwise nalla adi entey nattil kittum
ham,I've sent my wife your text. After we buy them she'll tell you what to do. So just relax. We should go get them this wkend.,i ve sent my wife your text after we buy them she ll tell you what do so just relax we should go get them this wkend
ham,I am in escape theatre now. . Going to watch KAVALAN in a few minutes,i am escape theatre now going watch kavalan few minutes
ham,How much would it cost to hire a hitman,how much would it cost hire hitman
ham,I anything lor...,i anything lor
ham,"Sorry, I'll call later",sorry i ll call later
spam,Do you want a New Nokia 3510i Colour Phone Delivered Tomorrow? With 200 FREE minutes to any mobile + 100 FREE text + FREE camcorder Reply or Call 08000930705,do you want new nokia i colour phone delivered tomorrow number free minutes any mobile number free text free camcorder reply call number
ham,Huh but i cant go 2 ur house empty handed right?,huh but i cant go number ur house empty handed right
ham,Good morning princess! Happy New Year!,good morning princess happy new year
spam,Congratulations YOU'VE Won. You're a Winner in our August £1000 Prize Draw. Call 09066660100 NOW. Prize Code 2309.,congratulations you ve won you re winner our august number prize draw call number now prize code number
ham,"Aight, we'll head out in a few",aight we ll head out few
ham,Then wat r u doing now? Busy wif work?,then wat r u doing now busy wif work
ham,I know you mood off today,i know you mood off today
ham,"Jay told me already, will do",jay told me already will do
ham,Cps is causing the outages to conserve energy.,cps causing outages conserve energy
ham,"I'm not sure, I was just checking out what was happening around the area",i m not sure i was just checking out what was happening around area
ham,Hey morning what you come to ask:-) pa...,hey morning what you come ask pa
ham,Jordan got voted out last nite!,jordan got voted out last nite
ham,"That means you got an A in epi, she.s fine. She.s here now.",that means you got epi she s fine she s here now
ham,I have no idea where you are,i have no idea where you
ham,Pls come quick cant bare this.,pls come quick cant bare this
ham,Joy's father is John. Then John is the ____ of Joy's father. If u ans ths you hav  &lt;#&gt;  IQ. Tis s IAS question try to answer.,joy s father john then john joy s father if u ans ths you hav lt gt iq tis s ias question try answer
ham,"Call me. I m unable to cal. Lets meet bhaskar, and deep",call me i m unable cal lets meet bhaskar deep
ham,No. I.ll meet you in the library,no i ll meet you library
ham,"K, my roommate also wants a dubsack and another friend may also want some so plan on bringing extra, I'll tell you when they know for sure",k my roommate also wants dubsack another friend may also want some so plan bringing extra i ll tell you when they know sure
ham,Depends on individual lor e hair dresser say pretty but my parents say look gong. U kaypoh.. I also dunno wat she collecting.,depends individual lor e hair dresser say pretty but my parents say look gong u kaypoh i also dunno wat she collecting
ham,Ok c ü then.,ok c then
ham,I enjoy watching and playing football and basketball. Anything outdoors. And you?,i enjoy watching playing football basketball anything outdoors you
ham,"Can you please ask macho what his price range is, does he want something new or used plus it he only interfued in the blackberry bold  &lt;#&gt;  or any bb",can you please ask macho what his price range does he want something new used plus it he only interfued blackberry bold lt gt any bb
ham,Sorry sent blank msg again. Yup but trying 2 do some serious studying now.,sorry sent blank msg again yup but trying number do some serious studying now
ham,Hey check it da. I have listed da.,hey check it da i have listed da
spam,8007 25p 4 Alfie Moon's Children in Need song on ur mob. Tell ur m8s. Txt TONE CHARITY to 8007 for nokias or POLY CHARITY for polys :zed 08701417012 profit 2 charity ,number p number alfie moon s children need song ur mob tell ur m s txt tone charity number nokias poly charity polys zed number profit number charity
ham,I meant as an apology from me for texting you to get me drugs at  &lt;#&gt; at night,i meant as apology from me texting you get me drugs lt gt night
ham,That means from february to april i'll be getting a place to stay down there so i don't have to hustle back and forth during audition season as i have since my sister moved away from harlem.,that means from february april i ll be getting place stay down there so i don t have hustle back forth during audition season as i have since my sister moved away from harlem
ham,Goin to workout lor... Muz lose e fats... ,goin workout lor muz lose e fats
ham,"Damn, poor zac doesn't stand a chance",damn poor zac doesn t stand chance
ham,No message..no responce..what happend?,no message no responce what happend
ham,I want to tel u one thing u should not mistake me k THIS IS THE MESSAGE THAT YOU SENT:),i want tel u one thing u should not mistake me k this message that you sent
ham,Yeah right! I'll bring my tape measure fri!,yeah right i ll bring my tape measure fri
ham,Still chance there. If you search hard you will get it..let have a try :),still chance there if you search hard you will get it let have try
ham,Meeting u is my work. . . Tel me when shall i do my work tomorrow,meeting u my work tel me when shall i do my work tomorrow
ham,Should I head straight there or what,should i head straight there what
spam,Get the official ENGLAND poly ringtone or colour flag on yer mobile for tonights game! Text TONE or FLAG to 84199. Optout txt ENG STOP Box39822 W111WX £1.50,get official england poly ringtone colour flag yer mobile tonights game text tone flag number optout txt eng stop box w wx number number
ham,Thank you princess! You are so sexy...,thank you princess you so sexy
ham,Oooh I got plenty of those!,oooh i got plenty those
ham,Hui xin is in da lib.,hui xin da lib
ham,Its a big difference.  &lt;#&gt;  versus  &lt;#&gt;  every  &lt;#&gt; hrs,its big difference lt gt versus lt gt every lt gt hrs
ham,"It's not that you make me cry. It's just that when all our stuff happens on top of everything else, it pushes me over the edge. You don't underdtand how often i cry over my sorry, sorry life.",it s not that you make me cry it s just that when all our stuff happens top everything else it pushes me over edge you don t underdtand how often i cry over my sorry sorry life
ham,ME 2 BABE I FEEL THE SAME LETS JUST 4GET ABOUT IT+BOTH TRY +CHEER UP+NOT FIT SOO MUCHXXLOVE U LOCAXX,me number babe i feel same lets just get about it both try cheer up not fit soo muchxxlove u locaxx
ham,You know what hook up means right?,you know what hook up means right
spam,"Customer service announcement. We recently tried to make a delivery to you but were unable to do so, please call 07090298926 to re-schedule. Ref:9307622",customer service announcement we recently tried make delivery you but were unable do so please call number re schedule ref number
ham,Wat's da model num of ur phone?,wat s da model num ur phone
ham,He's really into skateboarding now despite the fact that he gets thrown off of it and winds up with bandages and shit all over his arms every five minutes,he s really into skateboarding now despite fact that he gets thrown off it winds up bandages shit all over his arms every five minutes
spam,"You can stop further club tones by replying ""STOP MIX"" See my-tone.com/enjoy. html for terms. Club tones cost GBP4.50/week. MFL, PO Box 1146 MK45 2WT (2/3)",you can stop further club tones by replying stop mix see my tone com enjoy html terms club tones cost gbp number week mfl po box number mk wt number number
ham,My house here e sky quite dark liao... If raining then got excuse not 2 run already rite... Hee...,my house here e sky quite dark liao if raining then got excuse not number run already rite hee
ham,"Sorry, left phone upstairs. OK, might be hectic but would be all my birds with one fell swoop. It's a date.",sorry left phone upstairs ok might be hectic but would be all my birds one fell swoop it s date
ham,* Thought I didn't see you.,thought i didn t see you
spam,wamma get laid?want real doggin locations sent direct to your mobile? join the UKs largest dogging network. txt dogs to 69696 now!nyt. ec2a. 3lp £1.50/msg.,wamma get laid want real doggin locations sent direct your mobile join uks largest dogging network txt dogs number now nyt ec lp number number msg
ham,Carlos says we can pick up from him later so yeah we're set,carlos says we can pick up from him later so yeah we re set
ham,"Hey babe, my friend had to cancel, still up for a visit ?",hey babe my friend had cancel still up visit
ham,As per your request 'Maangalyam (Alaipayuthe)' has been set as your callertune for all Callers. Press *9 to copy your friends Callertune,as per your request maangalyam alaipayuthe has been set as your callertune all callers press number copy your friends callertune
ham,Hmm ill have to think about it... ok you're forgiven! =D,hmm ill have think about it ok you re forgiven d
ham,"We are hoping to get away by 7, from Langport. You still up for town tonight?",we hoping get away by number from langport you still up town tonight
ham,Want to send me a virtual hug?... I need one,want send me virtual hug i need one
ham,"Probably not, still going over some stuff here",probably not still going over some stuff here
ham,It has issues right now. Ill fix for her by tomorrow.,it has issues right now ill fix her by tomorrow
ham,Why i come in between you people,why i come between you people
ham,Senthil group company Apnt 5pm.,senthil group company apnt pm
ham,Oh really?? Did you make it on air? What's your talent?,oh really did you make it air what s your talent
ham,Studying. But i.ll be free next weekend.,studying but i ll be free next weekend
ham,R u here yet? I'm wearing blue shirt n black pants.,r u here yet i m wearing blue shirt n black pants
ham,Wait.i will come out.. &lt;#&gt;  min:),wait i will come out lt gt min
ham,I will reach ur home in  &lt;#&gt;  minutes,i will reach ur home lt gt minutes
ham,Well then you have a great weekend!,well then you have great weekend
ham,"What are you doing in langport? Sorry, but I'll probably be in bed by 9pm. It sucks being ill at xmas! When do you and go2sri lanka? ",what you doing langport sorry but i ll probably be bed by pm it sucks being ill xmas when do you go sri lanka
ham,"Frnd s not juz a word.....not merely a relationship.....its a silent promise which says ... "" I will be with YOU "" Wherevr.. Whenevr.. Forevr... Gudnyt dear..",frnd s not juz word not merely relationship its silent promise which says i will be you wherevr whenevr forevr gudnyt dear
ham,Huh? 6 also cannot? Then only how many mistakes?,huh number also cannot then only how many mistakes
ham,Ha... U jus ate honey ar? So sweet...,ha u jus ate honey ar so sweet
ham,I'm turning off my phone. My moms telling everyone I have cancer. And my sister won't stop calling. It hurts to talk. Can't put up with it. See u when u get home. Love u,i m turning off my phone my moms telling everyone i have cancer my sister won t stop calling it hurts talk can t put up it see u when u get home love u
ham,"Honey ? Sweetheart ? Darling ? Sexy buns ? Sugar plum ? Loverboy ? I miss you, boytoy ... *smacks your ass* Did you go to the gym too ?",honey sweetheart darling sexy buns sugar plum loverboy i miss you boytoy smacks your ass did you go gym too
ham,Thanks for loving me so. You rock,thanks loving me so you rock
ham,Yeah imma come over cause jay wants to do some drugs,yeah imma come over cause jay wants do some drugs
ham,Ok thanx... Take care then...,ok thanx take care then
ham,Yup. Thk of u oso boring wat.,yup thk u oso boring wat
ham," came to look at the flat, seems ok, in his 50s? * Is away alot wiv work. Got woman coming at 6.30 too.",came look flat seems ok his s away alot wiv work got woman coming number number too
ham,Moji just informed me that you saved our lives. Thanks.,moji just informed me that you saved our lives thanks
spam,You have won a Nokia 7250i. This is what you get when you win our FREE auction. To take part send Nokia to 86021 now. HG/Suite342/2Lands Row/W1JHL 16+,you have won nokia i this what you get when you win our free auction take part send nokia number now hg suite lands row w jhl number
ham,Whos this am in class:-),whos this am class
ham,Hey r ü still online? I've finished the formatting...,hey r still online i ve finished formatting
ham,Great! So what attracts you to the brothas?,great so what attracts you brothas
spam,Promotion Number: 8714714 - UR awarded a City Break and could WIN a £200 Summer Shopping spree every WK. Txt STORE to 88039 . SkilGme. TsCs087147403231Winawk!Age16 £1.50perWKsub,promotion number number ur awarded city break could win number summer shopping spree every wk txt store number skilgme tscs winawk age number perwksub
ham,Stupid.its not possible,stupid its not possible
ham,I cant pick the phone right now. Pls send a message,i cant pick phone right now pls send message
ham,LOL what happens in Vegas stays in vegas,lol what happens vegas stays vegas
ham,"Hello, hello, hi lou sorry it took so long 2 reply- I left mobile at friends in Lancaster, just got it bak Neway im sorry I couldnt make ur bday 2 hun!",hello hello hi lou sorry it took so long number reply i left mobile friends lancaster just got it bak neway im sorry i couldn t make ur b day number hun
ham,When did i use soc... I use it only at home... Ü dunno how 2 type it in word ar...,when did i use soc i use it only home dunno how number type it word ar
ham,Dad says hurry the hell up,dad says hurry hell up
ham,Wake me up at  &lt;#&gt;  am morning:),wake me up lt gt am morning
ham,"I get out of class in bsn in like  &lt;#&gt;  minutes, you know where advising is?",i get out class bsn like lt gt minutes you know where advising
ham,Great! I shoot big loads so get ready!,great i shoot big loads so get ready
ham,I'll meet you in the lobby,i ll meet you lobby
ham,You still coming tonight?,you still coming tonight
ham,What happen dear tell me,what happen dear tell me
ham,"Sir, i am waiting for your call, once free please call me.",sir i am waiting your call once free please call me
ham,No i am not having not any movies in my laptop,no i am not having not any movies my laptop
ham,I was about to do it when i texted. I finished a long time ago and showered and er'ything!,i was about do it when i texted i finished long time ago showered er ything
ham,Ok im not sure what time i finish tomorrow but i wanna spend the evening with you cos that would be vewy vewy lubly! Love me xxx,ok im not sure what time i finish tomorrow but i wanna spend evening you cos that would be vewy vewy lubly love me xxx
ham,"Hello, As per request from  &lt;#&gt;  Rs.5 has been transfered to you",hello as per request from lt gt rs number has been transfered you
ham,I am in tirupur.  call you da.,i am tirupur call you da
spam,You are a winner you have been specially selected to receive £1000 cash or a £2000 award. Speak to a live operator to claim call 087147123779am-7pm. Cost 10p,you winner you have been specially selected receive number cash number award speak live operator claim call am pm cost p
ham,S:)but he had some luck.2 catches put down:),s but he had some luck number catches put down
ham,How i noe... Did ü specify da domain as nusstu... Ü still in sch...,how i noe did specify da domain as nusstu still sch
ham,Oh...i asked for fun. Haha...take care. ü,oh i asked fun haha take care
ham,Shall i get my pouch?,shall i get my pouch
ham,Hey loverboy! I love you !! I had to tell ... I look at your picture and ache to feel you between my legs ... Fuck I want you ... I need you ... I crave you .,hey loverboy i love you i had tell i look your picture ache feel you between my legs fuck i want you i need you i crave you
ham,"How is my boy? No sweet words left for me this morning ... *sighs* ... How goes you day, my love ? Did you start your studying?",how my boy no sweet words left me this morning sighs how goes you day my love did you start your studying
ham,Kent vale lor... Ü wait 4 me there ar?,kent vale lor wait number me there ar
ham,Ok. Very good. Its all about making that money.,ok very good its all about making that money
ham,Reading gud habit.. Nan bari hudgi yorge pataistha ertini kano:-),reading gud habit nan bari hudgi yorge pataistha ertini kano
ham,Aight do you still want to get money,aight do you still want get money
spam,Free Top ringtone -sub to weekly ringtone-get 1st week free-send SUBPOLY to 81618-?3 per week-stop sms-08718727870,free top ringtone sub weekly ringtone get st week free send subpoly number number per week stop sms number
ham,Ok.ok ok..then..whats ur todays plan,ok ok ok then whats ur todays plan
ham,ARE YOU IN TOWN? THIS IS V. IMPORTANT,you town this v important
ham,"Sorry pa, i dont knw who ru pa?",sorry pa i dont knw who ru pa
ham,Wat u doing there?,wat u doing there
ham,If i not meeting ü all rite then i'll go home lor. If ü dun feel like comin it's ok.,if i not meeting all rite then i ll go home lor if dun feel like comin it s ok
ham,"Oh, i will get paid. The most outstanding one is for a commercial i did for Hasbro...in AUGUST! They made us jump through so many hoops to get paid. Still not.",oh i will get paid most outstanding one commercial i did hasbro august they made us jump through so many hoops get paid still not
ham,"I am late,so call you tomorrow morning.take care sweet dreams....u and me...ummifying...bye.",i am late so call you tomorrow morning take care sweet dreams u me ummifying bye
ham,Networking technical support associate.,networking technical support associate
ham,I'm gonna rip out my uterus.,i m gonna rip out my uterus
ham,Cool. Do you like swimming? I have a pool and jacuzzi at my house.,cool do you like swimming i have pool jacuzzi my house
spam,"Thanks for your ringtone order, reference number X49. Your mobile will be charged 4.50. Should your tone not arrive please call customer services 09065989182. From: [colour=red]text[/colour]TXTstar",thanks your ringtone order reference number x your mobile will be charged number number should your tone not arrive please call customer services number from colour red text colour txtstar
ham,"Yeah why not, is the gang all ready",yeah why not gang all ready
ham,Blank is Blank. But wat is blank? Lol,blank blank but wat blank lol
ham,I'm in a movie... Collect car oredi...,i m movie collect car oredi
ham,We left already we at orchard now.,we left already we orchard now
spam,"Hi there, 2nights ur lucky night! Uve been invited 2 XCHAT, the Uks wildest chat! Txt CHAT to 86688 now! 150p/MsgrcvdHG/Suite342/2Lands/Row/W1J6HL LDN 18yrs",hi there nights ur lucky night uve been invited number xchat uks wildest chat txt chat number now p msgrcvdhg suite lands row w j hl ldn yrs
ham,Nothing spl..wat abt u and whr ru?,nothing spl wat abt u whr ru
ham,No chikku nt yet.. Ya i'm free,no chikku nt yet ya i m free
ham,"Aldrine, rakhesh ex RTM here.pls call.urgent.",aldrine rakhesh ex rtm here pls call urgent
ham,The search 4 happiness is 1 of d main sources of unhappiness! Accept life the way it comes! U will find happiness in every moment u live.,search number happiness number d main sources unhappiness accept life way it comes u will find happiness every moment u live
ham,I'm at home. Please call,i m home please call
ham,"I guess you could be as good an excuse as any, lol.",i guess you could be as good excuse as any lol
ham,"Isn't frnd a necesity in life? imagine urself witout a frnd.. hw'd u feel at ur colleg? wat'll u do wth ur cell? wat abt functions? thnk abt events espe'll cared, missed &amp; irritated u? 4wrd it to all those dear-loving frnds wthout whom u cant live.. I jst did it.. Takecare..:) GOODMORNING",isn t frnd necesity life imagine urself witout frnd hw d u feel ur colleg wat ll u do wth ur cell wat abt functions thnk abt events espe ll cared missed amp irritated u wrd it all those dear loving frnds wthout whom u cant live i jst did it takecare goodmorning
ham,Gud mrng dear hav a nice day,gud mrng dear hav nice day
ham,Old Orchard near univ. How about you?,old orchard near univ how about you
ham,"4 tacos + 1 rajas burrito, right?",number tacos number rajas burrito right
ham,"It‘s £6 to get in, is that ok?",it s number get that ok
ham,Hows the street where the end of library walk is?,hows street where end library walk
ham,"Plz note: if anyone calling from a mobile Co. &amp; asks u to type # &lt;#&gt;  or # &lt;#&gt; . Do not do so. Disconnect the call,coz it iz an attempt of 'terrorist' to make use of the sim card no. Itz confirmd by nokia n motorola n has been verified by CNN IBN.",plz note if anyone calling from mobile co amp asks u type lt gt lt gt do not do so disconnect call coz it iz attempt terrorist make use sim card no itz confirmd by nokia n motorola n has been verified by cnn ibn
ham,We stopped to get ice cream and will go back after,we stopped get ice cream will go back after
ham,Did you stitch his trouser,did you stitch his trouser
ham,No da. . Vijay going to talk in jaya tv,no da vijay going talk jaya tv
spam,2/2 146tf150p,number number tf p
ham,Hey i'm bored... So i'm thinking of u... So wat r u doing?,hey i m bored so i m thinking u so wat r u doing
ham,"Nah, Wednesday. When should I bring the mini cheetos bag over?",nah wednesday when should i bring mini cheetos bag over
ham,Nobody names their penis a girls name this story doesn't add up at all,nobody names their penis girls name this story doesn t add up all
ham,"Aight, let me know when you're gonna be around usf",aight let me know when you re gonna be around usf
ham,I'm not. She lip synced with shangela.,i m not she lip synced shangela
ham,Ü neva tell me how i noe... I'm not at home in da aft wat... ,neva tell me how i noe i m not home da aft wat
ham,"A bit of Ur smile is my hppnss, a drop of Ur tear is my sorrow, a part of Ur heart is my life, a heart like mine wil care for U, forevr as my GOODFRIEND",bit ur smile my hppnss drop ur tear my sorrow part ur heart my life heart like mine wil care u forevr as my goodfriend
spam,Dear Voucher Holder 2 claim your 1st class airport lounge passes when using Your holiday voucher call 08704439680. When booking quote 1st class x 2,dear voucher holder number claim your st class airport lounge passes when using your holiday voucher call number when booking quote st class x number
ham,"Buzz! Hey, my Love ! I think of you and hope your day goes well. Did you sleep in ? I miss you babe. I long for the moment we are together again*loving smile*",buzz hey my love i think you hope your day goes well did you sleep i miss you babe i long moment we together again loving smile
ham,"Haha... Sounds crazy, dunno can tahan anot...",haha sounds crazy dunno can tahan anot
ham,Why are u up so early?,why u up so early
ham,Ya that one is slow as poo,ya that one slow as poo
spam,Bloomberg -Message center +447797706009 Why wait? Apply for your future http://careers. bloomberg.com,bloomberg message center number why wait apply your future url bloomberg com
ham,Im on gloucesterroad what are uup to later?,im gloucesterroad what uup later
ham,Yes:)here tv is always available in work place..,yes here tv always available work place
spam,YES! The only place in town to meet exciting adult singles is now in the UK. Txt CHAT to 86688 now! 150p/Msg.,yes only place town meet exciting adult singles now uk txt chat number now p msg
ham,Lol no ouch but wish i'd stayed out a bit longer,lol no ouch but wish i d stayed out bit longer
ham,"GOD ASKED, ""What is forgiveness?"" A little child gave lovely reply, ""It is d wonderful fruit that a tree gives when it is being hurt by a stone.. Good night......",god asked what forgiveness little child gave lovely reply it d wonderful fruit that tree gives when it being hurt by stone good night
ham,We'll join the  &lt;#&gt;  bus,we ll join lt gt bus
ham,Was just about to ask. Will keep this one. Maybe that's why you didn't get all the messages we sent you on glo,was just about ask will keep this one maybe that s why you didn t get all messages we sent you glo
spam,FREE for 1st week! No1 Nokia tone 4 ur mob every week just txt NOKIA to 8007 Get txting and tell ur mates www.getzed.co.uk POBox 36504 W45WQ norm150p/tone 16+,free st week no nokia tone number ur mob every week just txt nokia number get txting tell ur mates url pobox number w wq norm p tone number
ham,K.i will send in  &lt;#&gt;  min:),k i will send lt gt min
ham,Would me smoking you out help us work through this difficult time,would me smoking you out help us work through this difficult time
spam,"Someone U know has asked our dating service 2 contact you! Cant guess who? CALL 09058095107 NOW all will be revealed. POBox 7, S3XY 150p ",someone u know has asked our dating service number contact you cant guess who call number now all will be revealed pobox number s xy p
ham,Yes.mum lookin strong:),yes mum lookin strong
ham,"Sir Goodmorning, Once free call me.",sir goodmorning once free call me
ham,Where are you call me.,where you call me
ham,Was gr8 to see that message. So when r u leaving? Congrats dear. What school and wat r ur plans.,was gr see that message so when r u leaving congrats dear what school wat r ur plans
ham,Love it! The girls at the office may wonder why you are smiling but sore...,love it girls office may wonder why you smiling but sore
ham,"Hi, wlcome back, did wonder if you got eaten by a lion or something, nothing much",hi wlcome back did wonder if you got eaten by lion something nothing much
ham,Does uncle timi help in clearing cars,does uncle timi help clearing cars
ham,I came hostel. I m going to sleep. Plz call me up before class. Hrishi.,i came hostel i m going sleep plz call me up before class hrishi
ham,Ok... But bag again..,ok but bag again
ham,Hi! You just spoke to MANEESHA V. We'd like to know if you were satisfied with the experience. Reply Toll Free with Yes or No.,hi you just spoke maneesha v we d like know if you were satisfied experience reply toll free yes no
ham,Ok lor. Msg me b4 u call.,ok lor msg me b u call
spam,"Mila, age23, blonde, new in UK. I look sex with UK guys. if u like fun with me. Text MTALK to 69866.18 . 30pp/txt 1st 5free. £1.50 increments. Help08718728876",mila age blonde new uk i look sex uk guys if u like fun me text mtalk number number pp txt st free number number increments help
ham,"Once a fishrman woke early in d mrng. It was very dark. He waited a while &amp; found a sack ful of stones. He strtd throwin thm in2 d sea 2 pass time. Atlast he had jus 1stone, sun rose up &amp; he found out tht those r nt stones, those were diamonds. Moral:""Dont wake up early in d mrng'' GOOD night",once fishrman woke early d mrng it was very dark he waited while amp found sack ful stones he strtd throwin thm d sea number pass time atlast he had jus stone sun rose up amp he found out tht those r nt stones those were diamonds moral dont wake up early d mrng good night
spam,"Claim a 200 shopping spree, just call 08717895698 now! Have you won! MobStoreQuiz10ppm",claim number shopping spree just call number now have you won mobstorequiz ppm
ham,Then ur physics get a-?,then ur physics get
ham,"Dear friends, sorry for the late information. Today is the birthday of our loving Ar.Praveesh. for more details log on to face book and see. Its his number + &lt;#&gt; . Dont miss a delicious treat.",dear friends sorry late information today birthday our loving ar praveesh more details log face book see its his number lt gt dont miss delicious treat
ham,How r ü going to send it to me?,how r going send it me
ham,Can you do online transaction?,can you do online transaction
ham,Dear got train and seat mine lower seat,dear got train seat mine lower seat
ham,Let me know if you need anything else. Salad or desert or something... How many beers shall i get?,let me know if you need anything else salad desert something how many beers shall i get
ham,Wat r u doing?,wat r u doing
ham,WHORE YOU ARE UNBELIEVABLE.,whore you unbelievable
spam,"Want to funk up ur fone with a weekly new tone reply TONES2U 2 this text. www.ringtones.co.uk, the original n best. Tones 3GBP network operator rates apply",want funk up ur fone weekly new tone reply tones u number this text url original n best tones gbp network operator rates apply
ham,"Are you sure you don't mean ""get here, we made you hold all the weed""",you sure you don t mean get here we made you hold all weed
ham,"I love you !!! You know? Can you feel it? Does it make your belly warm? I wish it does, my love ... I shall meet you in your dreams, Ahmad ... *adoring kiss*",i love you you know can you feel it does it make your belly warm i wish it does my love i shall meet you your dreams ahmad adoring kiss
spam,"Twinks, bears, scallies, skins and jocks are calling now. Don't miss the weekend's fun. Call 08712466669 at 10p/min. 2 stop texts call 08712460324(nat rate)",twinks bears scallies skins jocks calling now don t miss weekend s fun call number p min number stop texts call number nat rate
ham,Love it! I want to flood that pretty pussy with cum...,love it i want flood that pretty pussy cum
ham,Hey are you angry with me. Reply me dr.,hey you angry me reply me dr
ham,"Short But Cute: ""Be a good person, but dont try to prove it.."" .Gud noon....",short but cute be good person but dont try prove it gud noon
ham,Also remember the beads don't come off. Ever.,also remember beads don t come off ever
ham,They have a thread on the wishlist section of the forums where ppl post nitro requests. Start from the last page and collect from the bottom up.,they have thread wishlist section forums where ppl post nitro requests start from last page collect from bottom up
ham,For The First Time In The History 'Need' 'Comfort' And 'Luxury' Are Sold At Same Price In India..!! Onion-Rs. &lt;#&gt;  Petrol-Rs. &lt;#&gt;  Beer-Rs. &lt;#&gt;  SHESIL  &lt;#&gt;,first time history need comfort luxury sold same price india onion rs lt gt petrol rs lt gt beer rs lt gt shesil lt gt
ham,"Feb  &lt;#&gt;  is ""I LOVE U"" day. Send dis to all ur ""VALUED FRNDS"" evn me. If 3 comes back u'll gt married d person u luv! If u ignore dis u will lose ur luv 4 Evr",feb lt gt i love u day send dis all ur valued frnds evn me if number comes back u ll gt married d person u luv if u ignore dis u will lose ur luv number evr
ham,"Actually nvm, got hella cash, we still on for  &lt;#&gt; ish?",actually nvm got hella cash we still lt gt ish
spam,We tried to contact you re your reply to our offer of a Video Handset? 750 anytime any networks mins? UNLIMITED TEXT? Camcorder? Reply or call 08000930705 NOW,we tried contact you re your reply our offer video handset number anytime any networks mins unlimited text camcorder reply call number now
ham,"It's ok, at least armand's still around",it s ok least armand s still around
ham,No da. I am happy that we sit together na,no da i am happy that we sit together na
ham,Yup song bro. No creative. Neva test quality. He said check review online.,yup song bro no creative neva test quality he said check review online
ham,"No dude, its not fake..my frnds got money, thts y i'm reffering u..if u member wit my mail link, u vl be credited  &lt;#&gt; rs and il be getiing  &lt;#&gt; rs..i can draw my acc wen it is  &lt;#&gt; rs..",no dude its not fake my frnds got money thts y i m reffering u if u member wit my mail link u vl be credited lt gt rs il be getiing lt gt rs i can draw my acc wen it lt gt rs
ham,Dude while were makin those weirdy brownies my sister made awesome cookies. I took pics.,dude while were makin those weirdy brownies my sister made awesome cookies i took pics
spam,URGENT! We are trying to contact you. Last weekends draw shows that you have won a £900 prize GUARANTEED. Call 09061701851. Claim code K61. Valid 12hours only,urgent we trying contact you last weekends draw shows that you have won number prize guaranteed call number claim code k valid hours only
ham,Pls dont restrict her from eating anythin she likes for the next two days.,pls dont restrict her from eating anythin she likes next two days
ham,Mm you ask him to come its enough :-),mm you ask him come its enough
ham,At the funeral home with Audrey and dad,funeral home audrey dad
ham,"Aight, can you text me the address?",aight can you text me address
ham,Excellent! Wish we were together right now!,excellent wish we were together right now
ham,Yep then is fine 7.30 or 8.30 for ice age.,yep then fine number number number number ice age
ham,Pls i wont belive god.not only jesus.,pls i wont belive god not only jesus
ham,Can. Dunno wat to get 4 her...,can dunno wat get number her
ham,"Not yet chikku..k, then wat abt tht guy did he stopped irritating or msging to u..",not yet chikku k then wat abt tht guy did he stopped irritating msging u
ham,How long does it take to get it.,how long does it take get it
ham,This is my number by vivek..,this my number by vivek
spam,74355 XMAS iscoming & ur awarded either £500 CD gift vouchers & free entry 2 r £100 weekly draw txt MUSIC to 87066 TnC,number xmas iscoming ur awarded either number cd gift vouchers free entry number r number weekly draw txt music number tnc
ham,"sorry brah, just finished the last of my exams, what up",sorry brah just finished last my exams what up
ham,"I got arrested for possession at, I shit you not,  &lt;TIME&gt;  pm",i got arrested possession i shit you not lt time gt pm
ham,You are right though. I can't give you the space you want and need. This is really starting to become an issue. I was going to suggest setting a definite move out--if i'm still there-- after greece. But maybe you are ready and should do it now.,you right though i can t give you space you want need this really starting become issue i was going suggest setting definite move out if i m still there after greece but maybe you ready should do it now
ham,Just normal only here :),just normal only here
ham,"Please protect yourself from e-threats. SIB never asks for sensitive information like Passwords,ATM/SMS PIN thru email. Never share your password with anybody.",please protect yourself from e threats sib never asks sensitive information like passwords atm sms pin thru email never share your password anybody
ham,I miss you so much I'm so desparate I have recorded the message you left for me the other day and listen to it just to hear the sound of your voice. I love you,i miss you so much i m so desparate i have recorded message you left me other day listen it just hear sound your voice i love you
ham,Hi. I'm always online on yahoo and would like to chat with you someday,hi i m always online yahoo would like chat you someday
ham,"Goodmorning,my grandfather expired..so am on leave today.",goodmorning my grandfather expired so am leave today
spam,Congratulations U can claim 2 VIP row A Tickets 2 C Blu in concert in November or Blu gift guaranteed Call 09061104276 to claim TS&Cs www.smsco.net cost£3.75max ,congratulations u can claim number vip row tickets number c blu concert november blu gift guaranteed call number claim ts cs url cost number max
ham,Where are you ? What are you doing ? Are yuou working on getting the pc to your mom's ? Did you find a spot that it would work ? I need you,where you what you doing yuou working getting pc your mom s did you find spot that it would work i need you
ham,"Sure, I'll see if I can come by in a bit",sure i ll see if i can come by bit
ham,I agree. So i can stop thinkin about ipad. Can you please ask macho the same question.,i agree so i can stop thinkin about ipad can you please ask macho same question
ham,Let's pool our money together and buy a bunch of lotto tickets. If we win I get &lt;#&gt; % u get &lt;#&gt; %. Deal?,let s pool our money together buy bunch lotto tickets if we win i get lt gt u get lt gt deal
ham,Ok.,ok
ham,I had askd u a question some hours before. Its answer,i had askd u question some hours before its answer
ham,Watching tv lor. Nice one then i like lor.,watching tv lor nice one then i like lor
ham,I'm thinking that chennai forgot to come for auction..,i m thinking that chennai forgot come auction
ham,Then ü come n pick me at 530 ar?,then come n pick me number ar
ham,Early bird! Any purchases yet?,early bird any purchases yet
ham,Went to pay rent. So i had to go to the bank to authorise the payment.,went pay rent so i had go bank authorise payment
ham,"Erm … ill pick you up at about 6.45pm. That'll give enough time to get there, park and that.",erm ill pick you up about number pm that ll give enough time get there park that
ham,HEY MATE! HOWS U HONEY?DID U AVE GOOD HOLIDAY? GIMMI DE GOSS!x,hey mate hows u honey did u ave good holiday gimmi de goss x
ham,Howz pain.it will come down today.do as i said ystrday.ice and medicine.,howz pain it will come down today do as i said ystrday ice medicine
ham,"chile, please! It's only a  &lt;DECIMAL&gt;  hour drive for me. I come down all the time and will be subletting feb-april for audition season.",chile please it s only lt decimal gt hour drive me i come down all time will be subletting feb april audition season
ham,Yes ammae....life takes lot of turns you can only sit and try to hold the steering...,yes ammae life takes lot turns you can only sit try hold steering
ham,"Yeah that's what I thought, lemme know if anything's goin on later",yeah that s what i thought lemme know if anything s goin later
ham,Mmmm.... I cant wait to lick it!,mmmm i cant wait lick it
ham,Pls go there today  &lt;#&gt; . I dont want any excuses,pls go there today lt gt i dont want any excuses
spam,"Fantasy Football is back on your TV. Go to Sky Gamestar on Sky Active and play £250k Dream Team. Scoring starts on Saturday, so register now!SKY OPT OUT to 88088",fantasy football back your tv go sky gamestar sky active play k dream team scoring starts saturday so register now sky opt out number
ham,Can you plz tell me the ans. BSLVYL sent via fullonsms.com,can you plz tell me ans bslvyl sent via fullonsms com
ham,U in town alone?,u town alone
ham,I to am looking forward to all the sex cuddling.. Only two more sleeps ,i am looking forward all sex cuddling only two more sleeps
ham,We have all rounder:)so not required:),we have all rounder so not required
ham,"No, its true..k,Do u knw dis no. &lt;#&gt; ?",no its true k do u knw dis no lt gt
ham,"Dont worry, 1 day very big lambu ji vl come..til then enjoy batchlor party:-)",dont worry number day very big lambu ji vl come til then enjoy batchlor party
ham,oh ya... Got hip hop open. Haha i was thinking can go for jazz then zoom to cine... Actually tonight i'm free leh... And there's a kb lesson tonight,oh ya got hip hop open haha i was thinking can go jazz then zoom cine actually tonight i m free leh there s kb lesson tonight
spam,Free msg: Single? Find a partner in your area! 1000s of real people are waiting to chat now!Send CHAT to 62220Cncl send STOPCS 08717890890£1.50 per msg,free msg single find partner your area s real people waiting chat now send chat cncl send stopcs number number number per msg
ham,I'm ok. Will do my part tomorrow,i m ok will do my part tomorrow
ham,"No! But we found a diff farm shop to buy some cheese. On way back now, can i call in?",no but we found diff farm shop buy some cheese way back now can i call
ham,R u still working now?,r u still working now
spam,"Win the newest Harry Potter and the Order of the Phoenix (Book 5) reply HARRY, answer 5 questions - chance to be the first among readers!",win newest harry potter order phoenix book number reply harry answer number questions chance be first among readers
ham,Yep. I do like the pink furniture tho.,yep i do like pink furniture tho
spam,Free Msg: Ringtone!From: http://tms. widelive.com/index. wml?id=1b6a5ecef91ff9*37819&first=true18:0430-JUL-05,free msg ringtone from url widelive com index wml id b ecef ff number first true number jul number
ham,"Customer place, i wil cal u sir.",customer place i wil cal u sir
spam,"Oh my god! I've found your number again! I'm so glad, text me back xafter this msgs cst std ntwk chg £1.50",oh my god i ve found your number again i m so glad text me back xafter this msgs cst std ntwk chg number number
ham,A pure hearted person can have a wonderful smile that makes even his/her enemies to feel guilty for being an enemy.. So catch the world with your smile..:) GOODMORNING &amp; HAVE A SMILEY SUNDAY..:),pure hearted person can have wonderful smile that makes even his her enemies feel guilty being enemy so catch world your smile goodmorning amp have smiley sunday
ham,"THATS ALRITE GIRL, U KNOW GAIL IS NEVA WRONG!!TAKE CARE SWEET AND DONT WORRY.C U L8TR HUN!LOVE Yaxxx",that s alrite girl u know gail neva wrong take care sweet don t worry c u l tr hun love yaxxx
ham,"Theoretically yeah, he could be able to come",theoretically yeah he could be able come
ham,"Alright we're hooked up, where you guys at",alright we re hooked up where you guys
ham,"not that I know of, most people up here are still out of town",not that i know most people up here still out town
ham,No let me do the math. Your not good at it.,no let me do math your not good it
ham,Oh ok wait 4 me there... My lect havent finish,oh ok wait number me there my lect havent finish
ham,Yeah my usual guy's out of town but there're definitely people around I know,yeah my usual guy s out town but there re definitely people around i know
ham,I am joining today formally.Pls keep praying.will talk later.,i am joining today formally pls keep praying will talk later
ham,"Happy or sad , one thing about past is- ""Its no more"" GOOD MORNING :-):-).",happy sad one thing about past its no more good morning
ham,No. Did you multimedia message them or e-mail?,no did you multimedia message them e mail
ham,Okie but i scared u say i fat... Then u dun wan me already...,okie but i scared u say i fat then u dun wan me already
ham,did u get that message,did u get that message
ham,"Sorry sir, i will call you tomorrow.  senthil.hsbc",sorry sir i will call you tomorrow senthil hsbc
ham,What you need. You have a person to give na.,what you need you have person give na
ham,She left it very vague. She just said she would inform the person in accounting about the delayed rent and that i should discuss with the housing agency about my renting another place. But checking online now and all places around usc are  &lt;#&gt;  and up,she left it very vague she just said she would inform person accounting about delayed rent that i should discuss housing agency about my renting another place but checking online now all places around usc lt gt up
ham,Hi juan. Im coming home on fri hey. Of course i expect a welcome party and lots of presents. Ill phone u when i get back. Loads of love nicky x x x x x x x x x,hi juan im coming home fri hey course i expect welcome party lots presents ill phone u when i get back loads love nicky x x x x x x x x x
ham,Can you plz tell me the ans. BSLVYL sent via fullonsms.com,can you plz tell me ans bslvyl sent via fullonsms com
ham,"Short But Cute: ""Be a good person, but dont try to prove it.."" .Gud noon....",short but cute be good person but dont try prove it gud noon
ham,"Gumby's has a special where a  &lt;#&gt; "" cheese pizza is $2 so I know what we're doin tonight",gumby s has special where lt gt cheese pizza number so i know what we re doin tonight
spam,A link to your picture has been sent. You can also use http://alto18.co.uk/wave/wave.asp?o=44345,link your picture has been sent you can also use url
ham,Like a personal sized or what,like personal sized what
ham,"Same, I'm at my great aunts anniversary party in tarpon springs",same i m my great aunts anniversary party tarpon springs
ham,Cab is available.they pick up and drop at door steps.,cab available they pick up drop door steps
ham,ok....take care.umma to you too...,ok take care umma you too
ham,Unlimited texts. Limited minutes.,unlimited texts limited minutes
spam,"Double Mins & 1000 txts on Orange tariffs. Latest Motorola, SonyEricsson & Nokia with Bluetooth FREE! Call MobileUpd8 on 08000839402 or call2optout/HF8",double mins number txts orange tariffs latest motorola sonyericsson nokia bluetooth free call mobileupd number call optout hf
ham,No problem. We will be spending a lot of quality time together...,no problem we will be spending lot quality time together
spam,URGENT This is our 2nd attempt to contact U. Your £900 prize from YESTERDAY is still awaiting collection. To claim CALL NOW 09061702893. ACL03530150PM,urgent this our nd attempt contact u your number prize from yesterday still awaiting collection claim call now number acl pm
ham,Have you heard from this week?,have you heard from this week
spam,Dear Dave this is your final notice to collect your 4* Tenerife Holiday or #5000 CASH award! Call 09061743806 from landline. TCs SAE Box326 CW25WX 150ppm,dear dave this your final notice collect your number tenerife holiday number cash award call number from landline tcs sae box cw wx ppm
ham,Yes. Last  practice,yes last practice
spam,tells u 2 call 09066358152 to claim £5000 prize. U have 2 enter all ur mobile & personal details @ the prompts. Careful!,tells u number call number claim number prize u have number enter all ur mobile personal details prompts careful
ham,No. Thank you. You've been wonderful,no thank you you ve been wonderful
ham,Otherwise had part time job na-tuition..,otherwise had part time job na tuition
ham,Ü mean it's confirmed... I tot they juz say oni... Ok then... ,mean it s confirmed i tot they juz say oni ok then
ham,Okie,okie
ham,That depends. How would you like to be treated? :),that depends how would you like be treated
ham,"Right on brah, see you later",right brah see you later
ham,Waiting in e car 4 my mum lor. U leh? Reach home already?,waiting e car number my mum lor u leh reach home already
spam,Your 2004 account for 07XXXXXXXXX shows 786 unredeemed points. To claim call 08719181259 Identifier code: XXXXX Expires 26.03.05,your number account xxxxxxxxx shows number unredeemed points claim call number identifier code xxxxx expires number number number
spam,Do you want a new video handset? 750 anytime any network mins? Half Price Line Rental? Camcorder? Reply or call 08000930705 for delivery tomorrow,do you want new video handset number anytime any network mins half price line rental camcorder reply call number delivery tomorrow
ham,Went fast asleep dear.take care.,went fast asleep dear take care
ham,No that just means you have a fat head,no that just means you have fat head
ham,Sounds like a plan! Cardiff is still here and still cold! I'm sitting on the radiator!,sounds like plan cardiff still here still cold i m sitting radiator
ham,Serious? What like proper tongued her,serious what like proper tongued her
ham,She.s good. She was wondering if you wont say hi but she.s smiling now. So how are you coping with the long distance,she s good she was wondering if you wont say hi but she s smiling now so how you coping long distance
ham,How i noe... She's in da car now... Later then c lar... I'm wearing shorts...,how i noe she s da car now later then c lar i m wearing shorts
spam,You have an important customer service announcement. Call FREEPHONE 0800 542 0825 now!,you have important customer service announcement call freephone number number number now
ham,Yeah whatever lol,yeah whatever lol
ham,Today is ACCEPT DAY..U Accept me as? Brother Sister Lover Dear1 Best1 Clos1 Lvblefrnd Jstfrnd Cutefrnd Lifpartnr Belovd Swtheart Bstfrnd No rply means enemy,today accept day u accept me as brother sister lover dear best clos lvblefrnd jstfrnd cutefrnd lifpartnr belovd swtheart bstfrnd no rply means enemy
ham,Ard 530 lor. I ok then message ü lor.,ard number lor i ok then message lor
ham,Ok. C u then.,ok c u then
ham,Eh ur laptop got no stock lei... He say mon muz come again to take a look c got a not...,eh ur laptop got no stock lei he say mon muz come again take look c got not
ham,No need to ke qi... Ü too bored izzit y suddenly thk of this...,no need ke qi too bored izzit y suddenly thk this
ham,I wish! I don't think its gonna snow that much. But it will be more than those flurries we usually get that melt before they hit the ground. Eek! We haven't had snow since &lt;#&gt; before I was even born!,i wish i don t think its gonna snow that much but it will be more than those flurries we usually get that melt before they hit ground eek we haven t had snow since lt gt before i was even born
spam,FREE>Ringtone! Reply REAL or POLY eg REAL1 1. PushButton 2. DontCha 3. BabyGoodbye 4. GoldDigger 5. WeBeBurnin 1st tone FREE and 6 more when u join for £3/wk,free ringtone reply real poly eg real number pushbutton number dontcha number babygoodbye number golddigger number webeburnin st tone free number more when u join number wk
ham,"Do 1 thing! Change that sentence into: ""Because i want 2 concentrate in my educational career im leaving here..""",do number thing change that sentence into because i want number concentrate my educational career im leaving here
ham,"Oh really? perform, write a paper, go to a movie AND be home by midnight, huh?",oh really perform write paper go movie be home by midnight huh
ham,Okay lor... Will they still let us go a not ah? Coz they will not know until later. We drop our cards into the box right?,okay lor will they still let us go not ah coz they will not know until later we drop our cards into box right
ham,How? Izzit still raining?,how izzit still raining
ham,As if i wasn't having enough trouble sleeping.,as if i wasn t having enough trouble sleeping
ham,I havent add ü yet right.. ,i havent add yet right
ham,Lol ... I really need to remember to eat when I'm drinking but I do appreciate you keeping me company that night babe *smiles*,lol i really need remember eat when i m drinking but i do appreciate you keeping me company that night babe smiles
ham,Babe ? I lost you ... Will you try rebooting ?,babe i lost you will you try rebooting
ham,Yes. Nigh you cant aha.,yes nigh you cant aha
ham,I thk ü gotta go home by urself. Cos i'll b going out shopping 4 my frens present. ,i thk gotta go home by urself cos i ll b going out shopping number my frens present
ham,Nooooooo I'm gonna be bored to death all day. Cable and internet outage.,nooooooo i m gonna be bored death all day cable internet outage
ham,Sos! Any amount i can get pls.,sos any amount i can get pls
ham,"Playin space poker, u?",playin space poker u
ham,How come guoyang go n tell her? Then u told her?,how come guoyang go n tell her then u told her
ham,You need to get up. Now.,you need get up now
ham,They r giving a second chance to rahul dengra.,they r giving second chance rahul dengra
ham,"Yeah, in fact he just asked if we needed anything like an hour ago. When and how much?",yeah fact he just asked if we needed anything like hour ago when how much
ham,WHEN THE FIRST STRIKE IS A RED ONE. THE BIRD + ANTELOPE BEGIN TOPLAY IN THE FIELDOF SELFINDEPENDENCE BELIEVE THIS + THE FLOWER OF CONTENTION WILL GROW.RANDOM!,when first strike red one bird antelope begin toplay fieldof selfindependence believe this flower contention will grow random
ham,Y ü wan to go there? C doctor?,y wan go there c doctor
ham,Does daddy have a bb now.,does daddy have bb now
spam,"Free Msg: get Gnarls Barkleys ""Crazy"" ringtone TOTALLY FREE just reply GO to this message right now!",free msg get gnarls barkleys crazy ringtone totally free just reply go this message right now
ham,She's borderline but yeah whatever.,she s borderline but yeah whatever
ham,I got a call from a landline number. . . I am asked to come to anna nagar . . . I will go in the afternoon,i got call from landline number i am asked come anna nagar i will go afternoon
ham,"Until 545 lor... Ya, can go 4 dinner together...",until number lor ya can go number dinner together
ham,I will be gentle princess! We will make sweet gentle love...,i will be gentle princess we will make sweet gentle love
ham,How u doin baby girl ?? hope u are okay every time I call ure phone is off! I miss u get in touch,how u doin baby girl hope u okay every time i call ure phone off i miss u get touch
ham,"Sorry, went to bed early, nightnight",sorry went bed early nightnight
ham,I like to think there's always the possibility of being in a pub later.,i like think there s always possibility being pub later
ham,HMM yeah if your not too grooved out! And im looking forward to my pound special :),hmm yeah if your not too grooved out im looking forward my pound special
ham,I got to video tape pple type in message lor. U so free wan 2 help me? Hee... Cos i noe u wan 2 watch infernal affairs so ask u along. Asking shuhui oso.,i got video tape pple type message lor u so free wan number help me hee cos i noe u wan number watch infernal affairs so ask u along asking shuhui oso
ham,Hi dude hw r u da realy mising u today,hi dude hw r u da realy mising u today
ham,Me hungry buy some food good lei... But mum n yun dun wan juz buy a little bit... ,me hungry buy some food good lei but mum n yun dun wan juz buy little bit
spam,Refused a loan? Secured or Unsecured? Can't get credit? Call free now 0800 195 6669 or text back 'help' & we will!,refused loan secured unsecured can t get credit call free now number number number text back help we will
ham,I probably won't eat at all today. I think I'm gonna pop. How was your weekend? Did u miss me?,i probably won t eat all today i think i m gonna pop how was your weekend did u miss me
ham,I knew it... U slept v late yest? Wake up so late...,i knew it u slept v late yest wake up so late
ham,Haha... dont be angry with yourself... Take it as a practice for the real thing. =) ,haha dont be angry yourself take it as practice real thing
ham,Where is that one day training:-),where that one day training
ham,So i could kiss and feel you next to me...,so i could kiss feel you next me
ham,Have a nice day my dear.,have nice day my dear
ham,I sent lanre fakeye's Eckankar details to the mail box,i sent lanre fakeye s eckankar details mail box
ham,Your dad is back in ph?,your dad back ph
spam,"You have been specially selected to receive a ""3000 award! Call 08712402050 BEFORE the lines close. Cost 10ppm. 16+. T&Cs apply. AG Promo",you have been specially selected receive number award call number before lines close cost ppm number t cs apply ag promo
ham,If you ask her or she say any please message.,if you ask her she say any please message
ham,"If e timing can, then i go w u lor...",if e timing can then i go w u lor
ham,Love you aathi..love u lot..,love you aathi love u lot
ham,I was just callin to say hi. Take care bruv!,i was just callin say hi take care bruv
spam,YOU HAVE WON! As a valued Vodafone customer our computer has picked YOU to win a £150 prize. To collect is easy. Just call 09061743386,you have won as valued vodafone customer our computer has picked you win number prize collect easy just call number
ham,Did u turn on the heater? The heater was on and set to &lt;#&gt; degrees.,did u turn heater heater was set lt gt degrees
ham,Thanks for your message. I really appreciate your sacrifice. I'm not sure of the process of direct pay but will find out on my way back from the test tomorrow. I'm in class now. Do have a wonderful day.,thanks your message i really appreciate your sacrifice i m not sure process direct pay but will find out my way back from test tomorrow i m class now do have wonderful day
ham,"That's the trouble with classes that go well - you're due a dodgey one … Expecting mine tomo! See you for recovery, same time, same place ",that s trouble classes that go well you re due dodgey one expecting mine tomo see you recovery same time same place
spam,Free video camera phones with Half Price line rental for 12 mths and 500 cross ntwk mins 100 txts. Call MobileUpd8 08001950382 or Call2OptOut/674&,free video camera phones half price line rental number mths number cross ntwk mins number txts call mobileupd number call optout number
ham,WOT U UP 2 J?,wot u up number j
ham,"Night night, see you tomorrow",night night see you tomorrow
ham,Roger that. We‘re probably going to rem in about 20,roger that we re probably going rem about number
ham,do u think that any girl will propose u today by seing ur bloody funky shit fucking face...............asssssholeeee................,do u think that any girl will propose u today by seing ur bloody funky shit fucking face asssssholeeee
ham,I wish u were here. I feel so alone,i wish u were here i feel so alone
spam,Great NEW Offer - DOUBLE Mins & DOUBLE Txt on best Orange tariffs AND get latest camera phones 4 FREE! Call MobileUpd8 free on 08000839402 NOW! or 2stoptxt T&Cs,great new offer double mins double txt best orange tariffs get latest camera phones number free call mobileupd free number now stoptxt t cs
ham,Reason is if the team budget is available at last they buy the unsold players for at base rate..,reason if team budget available last they buy unsold players base rate
ham,CERI U REBEL! SWEET DREAMZ ME LITTLE BUDDY!! C YA 2MORO! WHO NEEDS BLOKES,ceri u rebel sweet dreamz me little buddy c ya moro who needs blokes
spam,ringtoneking 84484,ringtoneking number
ham,Huh i cant thk of more oredi how many pages do we have?,huh i cant thk more oredi how many pages do we have
ham,His frens go then he in lor. Not alone wif my mum n sis lor.,his frens go then he lor not alone wif my mum n sis lor
ham,Nationwide auto centre (or something like that) on Newport road. I liked them there,nationwide auto centre something like that newport road i liked them there
ham,"Hey, I missed you tm of last night as my phone was on the charge ... *smiles* ... I am meeting a friend shortly",hey i missed you tm last night as my phone was charge smiles i am meeting friend shortly
ham,"Whatever, juliana. Do whatever you want.",whatever juliana do whatever you want
ham,"Friendship is not a game to play, It is not a word to say, It doesn\'t start on March and ends on May, It is tomorrow, yesterday, today and e",friendship not game play it not word say it doesn t start march ends may it tomorrow yesterday today e
spam,Ringtone Club: Gr8 new polys direct to your mobile every week !,ringtone club gr new polys direct your mobile every week
ham,"Hello. Sort of out in town already. That . So dont rush home, I am eating nachos. Will let you know eta.",hello sort out town already that so dont rush home i am eating nachos will let you know eta
ham,Ok lor. Anyway i thk we cant get tickets now cos like quite late already. U wan 2 go look 4 ur frens a not? Darren is wif them now...,ok lor anyway i thk we cant get tickets now cos like quite late already u wan number go look number ur frens not darren wif them now
spam,(Bank of Granite issues Strong-Buy) EXPLOSIVE PICK FOR OUR MEMBERS *****UP OVER 300% *********** Nasdaq Symbol CDGT That is a $5.00 per..,bank granite issues strong buy explosive pick our members up over number nasdaq symbol cdgt that number number per
ham,I am on the way to ur home,i am way ur home
ham,"Dizzamn, aight I'll ask my suitemates when I get back",dizzamn aight i ll ask my suitemates when i get back
ham,"Nimbomsons. Yep phone knows that one. Obviously, cos thats a real word",nimbomsons yep phone knows that one obviously cos thats real word
ham,I love to cuddle! I want to hold you in my strong arms right now...,i love cuddle i want hold you my strong arms right now
ham,R u in this continent?,r u this continent
ham,We'll you pay over like  &lt;#&gt; yrs so its not too difficult,we ll you pay over like lt gt yrs so its not too difficult
spam,Bored housewives! Chat n date now! 0871750.77.11! BT-national rate 10p/min only from landlines!,bored housewives chat n date now number number number bt national rate p min only from landlines
spam,We tried to call you re your reply to our sms for a video mobile 750 mins UNLIMITED TEXT free camcorder Reply or call now 08000930705 Del Thurs,we tried call you re your reply our sms video mobile number mins unlimited text free camcorder reply call now number del thurs
ham,K...k...when will you give treat?,k k when will you give treat
spam,"This is the 2nd time we have tried to contact u. U have won the £400 prize. 2 claim is easy, just call 087104711148 NOW! Only 10p per minute. BT-national-rate",this nd time we have tried contact u u have won number prize number claim easy just call number now only p per minute bt national rate
ham,He's just gonna worry for nothing. And he won't give you money its no use.,he s just gonna worry nothing he won t give you money its no use
ham,Did you get any gift? This year i didnt get anything. So bad,did you get any gift this year i didnt get anything so bad
ham,somewhere out there beneath the pale moon light someone think in of u some where out there where dreams come true... goodnite &amp; sweet dreams,somewhere out there beneath pale moon light someone think u some where out there where dreams come true goodnite amp sweet dreams
ham,Well there's a pattern emerging of my friends telling me to drive up and come smoke with them and then telling me that I'm a weed fiend/make them smoke too much/impede their doing other things so you see how I'm hesitant,well there s pattern emerging my friends telling me drive up come smoke them then telling me that i m weed fiend make them smoke too much impede their doing other things so you see how i m hesitant
ham,", ow u dey.i paid 60,400thousad.i told  u would call . ",ow u dey i paid number thousad i told u would call
ham,IM FINE BABES AINT BEEN UP 2 MUCH THO! SAW SCARY MOVIE YEST ITS QUITE FUNNY! WANT 2MRW AFTERNOON? AT TOWN OR MALL OR SUMTHIN?xx,im fine babes aint been up number much tho saw scary movie yest its quite funny want mrw afternoon town mall sumthin xx
ham,I'm reaching home in 5 min.,i m reaching home number min
ham,"Forgot you were working today! Wanna chat, but things are ok so drop me a text when you're free / bored etc and i'll ring. Hope all is well, nose essay and all xx",forgot you were working today wanna chat but things ok so drop me text when you re free bored etc i ll ring hope all well nose essay all xx
ham,Ha... Then we must walk to everywhere... Cannot take tram. My cousin said can walk to vic market from our hotel ,ha then we must walk everywhere cannot take tram my cousin said can walk vic market from our hotel
spam,"Wan2 win a Meet+Greet with Westlife 4 U or a m8? They are currently on what tour? 1)Unbreakable, 2)Untamed, 3)Unkempt. Text 1,2 or 3 to 83049. Cost 50p +std text",wan win meet greet westlife number u m they currently what tour number unbreakable number untamed number unkempt text number number number number cost p std text
spam,Please call our customer service representative on FREEPHONE 0808 145 4742 between 9am-11pm as you have WON a guaranteed £1000 cash or £5000 prize!,please call our customer service representative freephone number number number between am pm as you have won guaranteed number cash number prize
ham,Discussed with your mother ah?,discussed your mother ah
ham,Ok.,ok
ham,"Sorry, I can't text &amp; drive coherently, see you in twenty",sorry i can t text amp drive coherently see you twenty
spam,You will be receiving this week's Triple Echo ringtone shortly. Enjoy it!,you will be receiving this week s triple echo ringtone shortly enjoy it
ham,In which place i can get rooms cheap:-),which place i can get rooms cheap
ham,Eek that's a lot of time especially since American Pie is like 8 minutes long. I can't stop singing it.,eek that s lot time especially since american pie like number minutes long i can t stop singing it
ham,GRAN ONLYFOUND OUT AFEW DAYS AGO.CUSOON HONI,gran onlyfound out afew days ago cusoon honi
spam,"U've been selected to stay in 1 of 250 top British hotels - FOR NOTHING! Holiday valued at £350! Dial 08712300220 to claim - National Rate Call. Bx526, SW73SS",u ve been selected stay number number top british hotels nothing holiday valued number dial number claim national rate call bx sw ss
ham,University of southern california.,university southern california
ham,We have to pick rayan macleran there.,we have pick rayan macleran there
ham,U gd lor go shopping i got stuff to do. U wan 2 watch infernal affairs a not? Come lar...,u gd lor go shopping i got stuff do u wan number watch infernal affairs not come lar
ham,Well. Balls. Time to make calls,well balls time make calls
ham,Wat time ü wan today?,wat time wan today
ham, &lt;#&gt;  in mca. But not conform.,lt gt mca but not conform
ham,Oh ok.. Wat's ur email?,oh ok wat s ur email
ham,"Yes, princess. Are you going to make me moan?",yes princess you going make me moan
ham,Lol its ok I didn't remember til last nite,lol its ok i didn t remember til last nite
ham,"[…] anyway, many good evenings to u! s",anyway many good evenings u s
ham,"Cool, I'll text you in a few",cool i ll text you few
ham,"Sorry vikky, i'm Watching olave mandara movie kano in trishul theatre wit my frnds..",sorry vikky i m watching olave mandara movie kano trishul theatre wit my frnds
ham,I'm very happy for you babe ! Woo hoo party on dude!,i m very happy you babe woo hoo party dude
ham,I am taking you for italian food. How about a pretty dress with no panties? :),i am taking you italian food how about pretty dress no panties
ham,Wot u up 2? Thout u were gonna call me!! Txt bak luv K,wot u up number thout u were gonna call me txt bak luv k
spam,YOU ARE CHOSEN TO RECEIVE A £350 AWARD! Pls call claim number 09066364311 to collect your award which you are selected to receive as a valued mobile customer.,you chosen receive number award pls call claim number number collect your award which you selected receive as valued mobile customer
ham,How are you holding up?,how you holding up
ham,Dont flatter yourself... Tell that man of mine two pints of carlin in ten minutes please.... ,dont flatter yourself tell that man mine two pints carlin ten minutes please
ham,Hope you are not scared!,hope you not scared
ham,I cant pick the phone right now. Pls send a message,i cant pick phone right now pls send message
ham,I'm at home n ready...,i m home n ready
spam,Please call our customer service representative on FREEPHONE 0808 145 4742 between 9am-11pm as you have WON a guaranteed £1000 cash or £5000 prize!,please call our customer service representative freephone number number number between am pm as you have won guaranteed number cash number prize
ham,What time do u get out?,what time do u get out
ham,I am literally in bed and have been up for like  &lt;#&gt;  hours,i am literally bed have been up like lt gt hours
ham,"Yes, my reg is  Ciao!",yes my reg ciao
ham,If You mean the website. Yes.,if you mean website yes
spam,Win a £1000 cash prize or a prize worth £5000,win number cash prize prize worth number
spam,"Thanks for your ringtone order, reference number X49.Your mobile will be charged 4.50. Should your tone not arrive please call customer services 09065989182",thanks your ringtone order reference number x your mobile will be charged number number should your tone not arrive please call customer services number
ham,Lol or I could just starve and lose a pound by the end of the day.,lol i could just starve lose pound by end day
ham,Yeah that's the impression I got,yeah that s impression i got
ham,Ok ok take care. I can understand.,ok ok take care i can understand
ham,"Motivate Behind every darkness, there is a shining light waiting for you to find it... Behind every best friend, there is always trust and love... BSLVYL",motivate behind every darkness there shining light waiting you find it behind every best friend there always trust love bslvyl
ham,"Ya ok, then had dinner?",ya ok then had dinner
ham,I was slept that time.you there?,i was slept that time you there
ham,dont make ne plans for nxt wknd coz she wants us to come down then ok,dont make ne plans nxt wknd coz she wants us come down then ok
ham,When is school starting. Where will you stay. What's the weather like. And the food. Do you have a social support system like friends in the school. All these things are important.,when school starting where will you stay what s weather like food do you have social support system like friends school all these things important
ham,"Ha ha nan yalrigu heltini..Iyo kothi chikku, u shared many things wit me..so far i didn't told any body and even uttered a word abt u.. If ur trusting me so much how can i tell these to others.. Plz nxt time dont use those words to me..ok, chikku:-);-)B-)",ha ha nan yalrigu heltini iyo kothi chikku u shared many things wit me so far i didn t told any body even uttered word abt u if ur trusting me so much how can i tell these others plz nxt time dont use those words me ok chikku b
ham,Noice. Text me when you're here,noice text me when you re here
ham,Hi di is yijue we're meeting at 7 pm at esaplanade tonight.,hi di yijue we re meeting number pm esaplanade tonight
spam,Moby Pub Quiz.Win a £100 High Street prize if u know who the new Duchess of Cornwall will be? Txt her first name to 82277.unsub STOP £1.50 008704050406 SP,moby pub quiz win number high street prize if u know who new duchess cornwall will be txt her first name number unsub stop number number number sp
spam,"This weeks SavaMob member offers are now accessible. Just call 08709501522 for details! SavaMob, POBOX 139, LA3 2WU. Only £1.50/week. SavaMob - offers mobile!",this weeks savamob member offers now accessible just call number details savamob pobox number la wu only number number week savamob offers mobile
ham,"Aight I've been set free, think you could text me blake's address? It occurs to me I'm not quite as sure what I'm doing as I thought I was",aight i ve been set free think you could text me blake s address it occurs me i m not quite as sure what i m doing as i thought i was
ham,Hi dear we saw dear. We both are happy. Where you my battery is low,hi dear we saw dear we both happy where you my battery low
ham,How are you. Its been ages. How's abj,how you its been ages how s abj
ham,Prof: you have passed in all the papers in this sem congrats . . . . Student: Enna kalaachutaarama..!! Prof:???? Gud mrng!,prof you have passed all papers this sem congrats student enna kalaachutaarama prof gud mrng
ham,Dont kick coco when he's down,dont kick coco when he s down
ham,Fyi I'm gonna call you sporadically starting at like  &lt;#&gt;  bc we are not not doin this shit,fyi i m gonna call you sporadically starting like lt gt bc we not not doin this shit
spam,"You are being contacted by our Dating Service by someone you know! To find out who it is, call from your mobile or landline 09064017305 PoBox75LDNS7 ",you being contacted by our dating service by someone you know find out who it call from your mobile landline number pobox ldns
spam,TBS/PERSOLVO. been chasing us since Sept for£38 definitely not paying now thanks to your information. We will ignore them. Kath. Manchester.,tbs persolvo been chasing us since sept number definitely not paying now thanks your information we will ignore them kath manchester
ham,Hope youre not having too much fun without me!! see u tomorrow love jess x,hope you re not having too much fun without me see u tomorrow love jess x
ham,Ok i wont call or disturb any one. I know all are avoiding me. I am a burden for all,ok i wont call disturb any one i know all avoiding me i am burden all
ham,I've reached home n i bathe liao... U can call me now...,i ve reached home n i bathe liao u can call me now
spam,Loans for any purpose even if you have Bad Credit! Tenants Welcome. Call NoWorriesLoans.com on 08717111821,loans any purpose even if you have bad credit tenants welcome call noworriesloans com number
ham,Was the actual exam harder than NBME,was actual exam harder than nbme
ham,A lot of this sickness thing going round. Take it easy. Hope u feel better soon. Lol,lot this sickness thing going round take it easy hope u feel better soon lol
ham,"God picked up a flower and dippeditinaDEW, lovingly touched itwhichturnedinto u, and the he gifted tomeandsaid,THIS FRIEND IS 4U",god picked up flower dippeditinadew lovingly touched itwhichturnedinto u he gifted tomeandsaid this friend u
spam,87077: Kick off a new season with 2wks FREE goals & news to ur mobile! Txt ur club name to 87077 eg VILLA to 87077,number kick off new season wks free goals news ur mobile txt ur club name number eg villa number
ham,Hey sathya till now we dint meet not even a single time then how can i saw the situation sathya.,hey sathya till now we dint meet not even single time then how can i saw situation sathya
ham,Gam gone after outstanding innings.,gam gone after outstanding innings
ham,O i played smash bros  &lt;#&gt;  religiously.,o i played smash bros lt gt religiously
ham,"Sir, good morning. Hope you had a good weekend. I called to let you know that i was able to raise  &lt;#&gt;  from my dad. He however said he would make the rest available by mid feb. This amount is still quite short and i was hoping you would help. Do have a good day. Abiola",sir good morning hope you had good weekend i called let you know that i was able raise lt gt from my dad he however said he would make rest available by mid feb this amount still quite short i was hoping you would help do have good day abiola
ham,Hurry home. Soup is DONE!,hurry home soup done
ham,No no. I will check all rooms befor activities,no no i will check all rooms befor activities
ham,"Good afternoon, my love. It was good to see your words on YM and get your tm. Very smart move, my slave ... *smiles* ... I drink my coffee and await you.",good afternoon my love it was good see your words ym get your tm very smart move my slave smiles i drink my coffee await you
ham,Quite ok but a bit ex... U better go eat smth now else i'll feel guilty...,quite ok but bit ex u better go eat smth now else i ll feel guilty
spam,"Orange brings you ringtones from all time Chart Heroes, with a free hit each week! Go to Ringtones & Pics on wap. To stop receiving these tips reply STOP.",orange brings you ringtones from all time chart heroes free hit each week go ringtones pics wap stop receiving these tips reply stop
ham,Lemme know when you're here,lemme know when you re here
spam,PRIVATE! Your 2003 Account Statement for 07973788240 shows 800 un-redeemed S. I. M. points. Call 08715203649 Identifier Code: 40533 Expires 31/10/04,private your number account statement number shows number un redeemed s i m points call number identifier code number expires number number number
ham,He needs to stop going to bed and make with the fucking dealing,he needs stop going bed make fucking dealing
ham,"How are you, my Love ? Are you with your brother ? Time to talk english with him ? *grins* Say : Hey Muhommad, Penny says hello from across the sea",how you my love you your brother time talk english him grins say hey muhommad penny says hello from across sea
spam,We tried to call you re your reply to our sms for a video mobile 750 mins UNLIMITED TEXT + free camcorder Reply of call 08000930705 Now,we tried call you re your reply our sms video mobile number mins unlimited text free camcorder reply call number now
ham,"Hey doc pls I want to get nice t shirt for my hubby nice fiting ones my budget is  &lt;#&gt; k help pls I will load d card abi hw,keep me posted luv. 2 mj",hey doc pls i want get nice t shirt my hubby nice fiting ones my budget lt gt k help pls i will load d card abi hw keep me posted luv number mj
ham,I remain unconvinced that this isn't an elaborate test of my willpower,i remain unconvinced that this isn t elaborate test my willpower
ham,"Life is nothing wen v get everything. But ""life is everything wen v miss something "". Real value of people wil be realized only in their absence.... gud mrng",life nothing wen v get everything but life everything wen v miss something real value people wil be realized only their absence gud mrng
ham,how are you? I miss you!,how you i miss you
ham,I ain't answerin no phone at what is actually a pretty reasonable hour but I'm sleepy,i ain t answerin no phone what actually pretty reasonable hour but i m sleepy
ham,"Hey , is * rite u put »10 evey mnth is that all?",hey rite u put number evey mnth that all
ham,i am going to bed now prin,i am going bed now prin
ham,I think just yourself …Thanks and see you tomo,i think just yourself thanks see you tomo
ham,If u dun drive then how i go 2 sch.,if u dun drive then how i go number sch
ham,I not at home now lei...,i not home now lei
spam,GSOH? Good with SPAM the ladies?U could b a male gigolo? 2 join the uk's fastest growing mens club reply ONCALL. mjzgroup. 08714342399.2stop reply STOP. msg@£1.50rcvd,gsoh good spam ladies u could b male gigolo number join uk s fastest growing mens club reply oncall mjzgroup number stop reply stop msg number rcvd
ham,Ok then i will come to ur home after half an hour,ok then i will come ur home after half hour
spam,U have a secret admirer who is looking 2 make contact with U-find out who they R*reveal who thinks UR so special-call on 09058094599,u have secret admirer who looking number make contact u find out who they r reveal who thinks ur so special call number
ham,Do u hav any frnd by name ashwini in ur college?,do u hav any frnd by name ashwini ur college
ham,Jus finish my lunch on my way home lor... I tot u dun wan 2 stay in sch today...,jus finish my lunch my way home lor i tot u dun wan number stay sch today
ham,K then 2marrow are you coming to class.,k then marrow you coming class
spam,"HOT LIVE FANTASIES call now 08707500020 Just 20p per min NTT Ltd, PO Box 1327 Croydon CR9 5WB 0870 is a national rate call",hot live fantasies call now number just p per min ntt ltd po box number croydon cr wb number national rate call
ham,Pls send me your address sir.,pls send me your address sir
ham,I want to lick your pussy now...,i want lick your pussy now
ham,"Yo, you gonna still be in stock tomorrow/today? I'm trying to get a dubsack",yo you gonna still be stock tomorrow today i m trying get dubsack
spam,URGENT! Your Mobile number has been awarded a <UKP>2000 prize GUARANTEED. Call 09061790125 from landline. Claim 3030. Valid 12hrs only 150ppm,urgent your mobile number has been awarded ukp number prize guaranteed call number from landline claim number valid hrs only ppm
ham,"I'll see, but prolly yeah",i ll see but prolly yeah
ham,Thought we could go out for dinner. I'll treat you! Seem ok?,thought we could go out dinner i ll treat you seem ok
ham,Where are you ? What do you do ? How can you stand to be away from me ? Doesn't your heart ache without me ? Don't you wonder of me ? Don't you crave me ?,where you what do you do how can you stand be away from me doesn t your heart ache without me don t you wonder me don t you crave me
ham,Sorry. You never hear unless you book it. One was kinda a joke--thet were really looking for skinny white girls. The other was one line--you can only do so much on camera with that. Something like that they're casting on the look.,sorry you never hear unless you book it one was kinda joke thet were really looking skinny white girls other was one line you can only do so much camera that something like that they re casting look
ham,What you doing?how are you?,what you doing how you
ham,"Sure thing big man. i have hockey elections at 6, shouldn‘t go on longer than an hour though",sure thing big man i have hockey elections number shouldn t go longer than hour though
ham,Watch lor. I saw a few swatch one i thk quite ok. Ard 116 but i need 2nd opinion leh...,watch lor i saw few swatch one i thk quite ok ard number but i need nd opinion leh
ham,Hiya do u like the hlday pics looked horrible in them so took mo out! Hows the camp Amrca thing? Speak soon Serena:),hiya do u like hlday pics looked horrible them so took mo out hows camp amrca thing speak soon serena
ham,"Babe! How goes that day ? What are you up to ? I miss you already, my Love ... * loving kiss* ... I hope everything goes well.",babe how goes that day what you up i miss you already my love loving kiss i hope everything goes well
ham,Yunny... I'm goin to be late,yunny i m goin be late
ham,Doc prescribed me morphine cause the other pain meds aren't enough. Waiting for my mom to bring it. That med should kick in fast so I'm gonna try to be on later,doc prescribed me morphine cause other pain meds aren t enough waiting my mom bring it that med should kick fast so i m gonna try be later
ham,"Cool, want me to go to kappa or should I meet you outside mu",cool want me go kappa should i meet you outside mu
ham,"Hey sexy buns ! Have I told you ? I adore you, loverboy. I hope you remember to thank your sister in law for those meatballs *grins* ... i love you, babe",hey sexy buns have i told you i adore you loverboy i hope you remember thank your sister law those meatballs grins i love you babe
ham,May b approve panalam...but it should have more posts..,may b approve panalam but it should have more posts
spam,"SPJanuary Male Sale! Hot Gay chat now cheaper, call 08709222922. National rate from 1.5p/min cheap to 7.8p/min peak! To stop texts call 08712460324 (10p/min)",spjanuary male sale hot gay chat now cheaper call number national rate from number p min cheap number p min peak stop texts call number p min
ham,"Sorry, I'll call later",sorry i ll call later
ham,I dont thnk its a wrong calling between us,i dont thnk its wrong calling between us
ham,Me i'm not workin. Once i get job...,me i m not workin once i get job
ham,And by when you're done I mean now,by when you re done i mean now
ham,"Its Ur luck to Love someone. Its Ur fortune to Love the one who Loves U. But, its a miracle to Love a person who can't Love anyone except U... Gud nyt...",its ur luck love someone its ur fortune love one who loves u but its miracle love person who can t love anyone except u gud nyt
ham,Hi baby ive just got back from work and i was wanting to see u allday! I hope i didnt piss u off on the phone today. If u are up give me a call xxx,hi baby ive just got back from work i was wanting see u allday i hope i didnt piss u off phone today if u up give me call xxx
spam,FreeMsg Today's the day if you are ready! I'm horny & live in your town. I love sex fun & games! Netcollex Ltd 08700621170150p per msg reply Stop to end,freemsg today s day if you ready i m horny live your town i love sex fun games netcollex ltd p per msg reply stop end
ham,Is it your yahoo boys that bring in the perf? Or legal.,it your yahoo boys that bring perf legal
ham,No need to say anything to me. I know i am an outsider,no need say anything me i know i am outsider
ham,have you ever had one foot before?,have you ever had one foot before
ham,Just got to  &lt;#&gt;,just got lt gt
ham,"Good! No, don‘t need any receipts—well done! (…) Yes, please tell . What‘s her number, i could ring her",good no don t need any receipts well done yes please tell what s her number i could ring her
ham,"Ever green quote ever told by Jerry in cartoon ""A Person Who Irritates u Always Is the one Who Loves u Vry Much But Fails to Express It...!..!! :-) :-) gud nyt",ever green quote ever told by jerry cartoon person who irritates u always one who loves u vry much but fails express it gud nyt
ham,Leave it wif me lar... Ü wan to carry meh so heavy... Is da num 98321561 familiar to ü?,leave it wif me lar wan carry meh so heavy da num number familiar
ham,Beautiful truth : Expression of the face could Be seen by everyone... But the depression of heart Could be understood only By the Loved ones.. Gud Ni8;-),beautiful truth expression face could be seen by everyone but depression heart could be understood only by loved ones gud ni
ham,Infact happy new year. How are you where are you when are we seeing,infact happy new year how you where you when we seeing
spam,"In The Simpsons Movie released in July 2007 name the band that died at the start of the film? A-Green Day, B-Blue Day, C-Red Day. (Send A, B or C)",simpsons movie released july number name band that died start film green day b blue day c red day send b c
ham,That's a shame! Maybe cld meet for few hrs tomo?,that s shame maybe cld meet few hrs tomo
ham,Lol I would but despite these cramps I like being a girl.,lol i would but despite these cramps i like being girl
ham,I cant wait for cornwall. Hope tonight isnt too bad as well but its rock night shite. Anyway im going for a kip now have a good night. Speak to you soon.,i can t wait cornwall hope tonight isn t too bad as well but it s rock night shite anyway i m going kip now have good night speak you soon
ham,Pls help me tell sura that i'm expecting a battery from hont. And that if should pls send me a message about how to download movies. Thanks,pls help me tell sura that i m expecting battery from hont that if should pls send me message about how download movies thanks
spam,Please call Amanda with regard to renewing or upgrading your current T-Mobile handset free of charge. Offer ends today. Tel 0845 021 3680 subject to T's and C's,please call amanda regard renewing upgrading your current t mobile handset free charge offer ends today tel number number number subject t s c s
ham,"Haven't found a way to get another app for your phone, eh ? Will you go to the net cafe ? Did you take that job? Geeee I need you babe. I crave to see you ...",haven t found way get another app your phone eh will you go net cafe did you take that job geeee i need you babe i crave see you
ham,I only work from mon to thurs but Sat i cant leh... Booked liao... Which other day u free?,i only work from mon thurs but sat i cant leh booked liao which other day u free
ham,Ü comin to fetch us oredi...,comin fetch us oredi
ham,What's nannys address?,what s nannys address
spam,"URGENT!! Your 4* Costa Del Sol Holiday or £5000 await collection. Call 09050090044 Now toClaim. SAE, TC s, POBox334, Stockport, SK38xh, Cost£1.50/pm, Max10mins",urgent your number costa del sol holiday number await collection call number now toclaim sae tc s pobox stockport sk xh cost number number pm max mins
ham,Haf u eaten? Wat time u wan me 2 come?,haf u eaten wat time u wan me number come
spam,Want a new Video Phone? 750 anytime any network mins? Half price line rental free text for 3 months? Reply or call 08000930705 for free delivery,want new video phone number anytime any network mins half price line rental free text number months reply call number free delivery
ham,"Yo, call me when you get the chance, a friend of mine wanted me to ask you about a big order",yo call me when you get chance friend mine wanted me ask you about big order
ham,This single single answers are we fighting? Plus i said am broke and you didnt reply,this single single answers we fighting plus i said am broke you didnt reply
ham,It certainly puts things into perspective when something like this happens,it certainly puts things into perspective when something like this happens
ham,Now got tv 2 watch meh? U no work today?,now got tv number watch meh u no work today
ham,i felt so...not any conveying reason.. Ese he... What about me?,i felt so not any conveying reason ese he what about me
spam,Had your mobile 11 months or more? U R entitled to Update to the latest colour mobiles with camera for Free! Call The Mobile Update Co FREE on 08002986030,had your mobile number months more u r entitled update latest colour mobiles camera free call mobile update co free number
ham,How's it going? Got any exciting karaoke type activities planned? I'm debating whether to play football this eve. Feeling lazy though.,how s it going got any exciting karaoke type activities planned i m debating whether play football this eve feeling lazy though
ham,I told that am coming on wednesday.,i told that am coming wednesday
ham,"Its ok, called mom instead have fun",its ok called mom instead have fun
spam,"Dear Voucher Holder, To claim this weeks offer, at your PC please go to http://www.wtlp.co.uk/text. Ts&Cs apply.",dear voucher holder claim this weeks offer your pc please go url ts cs apply
ham,Well if I'm that desperate I'll just call armand again,well if i m that desperate i ll just call armand again
ham,Are you at work right now ?,you work right now
spam,Congrats! Nokia 3650 video camera phone is your Call 09066382422 Calls cost 150ppm Ave call 3mins vary from mobiles 16+ Close 300603 post BCM4284 Ldn WC1N3XX,congrats nokia number video camera phone your call number calls cost ppm ave call mins vary from mobiles number close number post bcm ldn wc n xx
ham,Haven't heard anything and he's not answering my texts so I'm guessing he flaked. That said the jb is fantastic,haven t heard anything he s not answering my texts so i m guessing he flaked that said jb fantastic
ham,"Mmmmmm ... I love you,so much, Ahmad ... I can't wait for this year to begin as every second takes me closer to being at your side. Happy New Year, my love!!",mmmmmm i love you so much ahmad i can t wait this year begin as every second takes me closer being your side happy new year my love
ham,Pls what's the full name of joke's school cos fees in university of florida seem to actually be  &lt;#&gt; k. Pls holla back,pls what s full name joke s school cos fees university florida seem actually be lt gt k pls holla back
ham,"Sorry, I'll call later",sorry i ll call later
ham,Ok... But they said i've got wisdom teeth hidden inside n mayb need 2 remove.,ok but they said i ve got wisdom teeth hidden inside n mayb need number remove
ham,And pls pls drink plenty plenty water,pls pls drink plenty plenty water
ham,How are you doing. How's the queen. Are you going for the royal wedding,how you doing how s queen you going royal wedding
ham,He's in lag. That's just the sad part but we keep in touch thanks to skype,he s lag that s just sad part but we keep touch thanks skype
ham,Ok lor then we go tog lor...,ok lor then we go tog lor
ham,Two teams waiting for some players,two teams waiting some players
ham,Can ü send me a copy of da report?,can send me copy da report
ham,"swhrt how u dey,hope ur ok, tot about u 2day.love n miss.take care.",swhrt how u dey hope ur ok tot about u day love n miss take care
ham,"Ok da, i already planned. I wil pick you.",ok da i already planned i wil pick you
spam,"Urgent! Please call 0906346330. Your ABTA complimentary 4* Spanish Holiday or £10,000 cash await collection SAE T&Cs BOX 47 PO19 2EZ 150ppm 18+",urgent please call number your abta complimentary number spanish holiday number number cash await collection sae t cs box number po ez ppm number
ham,"Sorry, I'll call later in meeting",sorry i ll call later meeting
ham,I just really need shit before tomorrow and I know you won't be awake before like 6,i just really need shit before tomorrow i know you won t be awake before like number
ham,I'm good. Have you registered to vote?,i m good have you registered vote
ham,"Hmm ok, i'll stay for like an hour cos my eye is really sore!",hmm ok i ll stay like hour cos my eye really sore
ham,Dear got bus directly to calicut,dear got bus directly calicut
ham,Mm umma ask vava also to come tell him can play later together,mm umma ask vava also come tell him can play later together
ham,"Well the general price is  &lt;#&gt; /oz, let me know if/when/how much you want",well general price lt gt oz let me know if when how much you want
ham,"Sorry, I'll call later",sorry i ll call later
ham,"Each Moment in a day,has its own value-Morning brings hope,afternoon brings faith,Evening brings luv,Night brings rest,Wish u find them all today.Good Morning",each moment day has its own value morning brings hope afternoon brings faith evening brings luv night brings rest wish u find them all today good morning
ham,&lt;#&gt;  w jetton ave if you forgot,lt gt w jetton ave if you forgot
ham,Ok i'm coming home now.,ok i m coming home now
ham,Can not use foreign stamps in this country.,can not use foreign stamps this country
spam,"Double mins and txts 4 6months FREE Bluetooth on Orange. Available on Sony, Nokia Motorola phones. Call MobileUpd8 on 08000839402 or call2optout/N9DX",double mins txts number months free bluetooth orange available sony nokia motorola phones call mobileupd number call optout n dx
ham,"Sorry, it's a lot of friend-of-a-friend stuff, I'm just now about to talk to the actual guy who wants to buy",sorry it s lot friend friend stuff i m just now about talk actual guy who wants buy
spam,FREE for 1st week! No1 Nokia tone 4 ur mob every week just txt NOKIA to 8007 Get txting and tell ur mates www.getzed.co.uk POBox 36504 W45WQ norm150p/tone 16+,free st week no nokia tone number ur mob every week just txt nokia number get txting tell ur mates url pobox number w wq norm p tone number
spam,"Want to funk up ur fone with a weekly new tone reply TONES2U 2 this text. www.ringtones.co.uk, the original n best. Tones 3GBP network operator rates apply",want funk up ur fone weekly new tone reply tones u number this text url original n best tones gbp network operator rates apply
spam,"cmon babe, make me horny, *turn* me on! Txt me your fantasy now babe -) Im hot, sticky and need you now. All replies cost £1.50. 2 cancel send STOP",cmon babe make me horny turn me txt me your fantasy now babe im hot sticky need you now all replies cost number number number cancel send stop
ham,I will come tomorrow di,i will come tomorrow di
ham,Wylie update: my weed dealer carlos went to freedom and had a class with lunsford,wylie update my weed dealer carlos went freedom had class lunsford
ham,Are you happy baby ? Are you alright ? Did you take that job ? I hope your fine. I send you a kiss to make you smile from across the sea ... *kiss* *kiss*,you happy baby you alright did you take that job i hope your fine i send you kiss make you smile from across sea kiss kiss
ham,C movie is juz last minute decision mah. Juz watch 2 lar but i tot ü not interested.,c movie juz last minute decision mah juz watch number lar but i tot not interested
ham,How are you enjoying this semester? Take care brother.,how you enjoying this semester take care brother
spam,IMPORTANT INFORMATION 4 ORANGE USER 0796XXXXXX. TODAY IS UR LUCKY DAY!2 FIND OUT WHY LOG ONTO http://www.urawinner.com THERE'S A FANTASTIC PRIZEAWAITING YOU!,important information number orange user xxxxxx today ur lucky day number find out why log onto url there s fantastic prizeawaiting you
ham,"Get the door, I'm here",get door i m here
ham,"Lets use it next week, princess :)",lets use it next week princess
ham,Or i go home first lar ü wait 4 me lor.. I put down my stuff first..,i go home first lar wait number me lor i put down my stuff first
ham,I want kfc its Tuesday. Only buy 2 meals ONLY 2. No gravy. Only 2 Mark. 2!,i want kfc its tuesday only buy number meals only number no gravy only number mark number
ham,No da:)he is stupid da..always sending like this:)don believe any of those message.pandy is a mental:),no da he stupid da always sending like this don believe any those message pandy mental
ham,Oi when you gonna ring,oi when you gonna ring
spam,Missed call alert. These numbers called but left no message. 07008009200,missed call alert these numbers called but left no message number
ham,I attended but nothing is there.,i attended but nothing there
ham,Ard 530 like dat lor. We juz meet in mrt station then ü dun haf to come out.,ard number like dat lor we juz meet mrt station then dun haf come out
ham,No dear i was sleeping :-P,no dear i was sleeping p
ham,Er mw im filled tuth is aight,er mw im filled tuth aight
ham,Will be office around 4 pm. Now i am going hospital.,will be office around number pm now i am going hospital
ham,Actually i'm waiting for 2 weeks when they start putting ad.,actually i m waiting number weeks when they start putting ad
ham,Anything lor if they all go then i go lor...,anything lor if they all go then i go lor
ham,U free on sat rite? U wan 2 watch infernal affairs wif me n darren n mayb xy?,u free sat rite u wan number watch infernal affairs wif me n darren n mayb xy
ham,"Plz note: if anyone calling from a mobile Co. &amp; asks u to type # &lt;#&gt;  or # &lt;#&gt; . Do not do so. Disconnect the call,coz it iz an attempt of 'terrorist' to make use of the sim card no. Itz confirmd by nokia n motorola n has been verified by CNN IBN.",plz note if anyone calling from mobile co amp asks u type lt gt lt gt do not do so disconnect call coz it iz attempt terrorist make use sim card no itz confirmd by nokia n motorola n has been verified by cnn ibn
ham,Yo you around? A friend of mine's lookin to pick up later tonight,yo you around friend mine s lookin pick up later tonight
ham,Stupid auto correct on my phone,stupid auto correct my phone
ham,Double eviction this week - Spiral and Michael and good riddance to them!,double eviction this week spiral michael good riddance them
ham,"The world suffers a lot... Not because of the violence of bad people. But because of the silence of good people!, Gud night....",world suffers lot not because violence bad people but because silence good people gud night
ham,"Ok thats cool. Its , just off either raglan rd or edward rd. Behind the cricket ground. Gimme ring when ur closeby see you tuesday.",ok thats cool its just off either raglan rd edward rd behind cricket ground gimme ring when ur closeby see you tuesday
ham,Buy one egg for me da..please:),buy one egg me da please
ham,Have you started in skye,have you started skye
ham,Have you bookedthe hut? And also your time off? How are you by the way?,have you bookedthe hut also your time off how you by way
ham,And several to you sir.,several you sir
ham,U really pig leh sleep so much. My dad wake me up at 10 smth 2 eat lunch today.,u really pig leh sleep so much my dad wake me up number smth number eat lunch today
ham,I'm at home. Please call,i m home please call
ham,My love ... I hope your not doing anything drastic. Don't you dare sell your pc or your phone ...,my love i hope your not doing anything drastic don t you dare sell your pc your phone
ham,Now only i reached home. . . I am very tired now. . I will come tomorro,now only i reached home i am very tired now i will come tomorro
spam,FREEMSG: Our records indicate you may be entitled to 3750 pounds for the Accident you had. To claim for free reply with YES to this msg. To opt out text STOP,freemsg our records indicate you may be entitled number pounds accident you had claim free reply yes this msg opt out text stop
spam,"U can WIN £100 of Music Gift Vouchers every week starting NOW Txt the word DRAW to 87066 TsCs www.Idew.com SkillGame, 1Winaweek, age16. 150ppermessSubscription",u can win number music gift vouchers every week starting now txt word draw number tscs url skillgame winaweek age ppermesssubscription
ham,Life style garments account no please.,life style garments account no please
ham,Lol wtf random. Btw is that your lunch break,lol wtf random btw that your lunch break
ham,"Sez, hows u & de arab boy? Hope u r all good give my love 2 evry1 love ya eshxxxxxxxxxxx",sez hows u de arab boy hope u r all good give my love number evry love ya eshxxxxxxxxxxx
ham,"The LAY MAN! Just to let you know you are missed and thought off. Do have a great day. And if you can send me bimbo and ugo's numbers, ill appreciate. Safe",lay man just let you know you missed thought off do have great day if you can send me bimbo ugo s numbers ill appreciate safe
ham,Detroit. The home of snow. Enjoy it.,detroit home snow enjoy it
spam,Show ur colours! Euro 2004 2-4-1 Offer! Get an England Flag & 3Lions tone on ur phone! Click on the following service message for info!,show ur colours euro number number number number offer get england flag lions tone ur phone click following service message info
ham,Okie...,okie
ham,"Aight, I'm chillin in a friend's room so text me when you're on the way",aight i m chillin friend s room so text me when you re way
ham,Is toshiba portege m100 gd?,toshiba portege m gd
ham,Well welp is sort of a semiobscure internet thing,well welp sort semiobscure internet thing
spam,Text PASS to 69669 to collect your polyphonic ringtones. Normal gprs charges apply only. Enjoy your tones,text pass number collect your polyphonic ringtones normal gprs charges apply only enjoy your tones
spam,"accordingly. I repeat, just text the word ok on your mobile phone and send",accordingly i repeat just text word ok your mobile phone send
ham,Loosu go to hospital. De dont let it careless.,loosu go hospital de dont let it careless
ham,How much for an eighth?,how much eighth
ham,Omg Joanna is freaking me out. She's looked thru all my friends to find photos of me. And then she's asking about stuff on my MySpace which I haven't even logged on in like a year. :/,omg joanna freaking me out she s looked thru all my friends find photos me then she s asking about stuff my myspace which i haven t even logged like year
ham,"Send ur birthdate with month and year, I will tel u ur LIFE PARTNER'S name. and the method of calculation. Reply must.",send ur birthdate month year i will tel u ur life partner s name method calculation reply must
ham,Juz now havent woke up so a bit blur blur... Can? Dad went out liao... I cant cum now oso...,juz now havent woke up so bit blur blur can dad went out liao i cant cum now oso
ham,"How about clothes, jewelry, and trips?",how about clothes jewelry trips
spam,Block Breaker now comes in deluxe format with new features and great graphics from T-Mobile. Buy for just £5 by replying GET BBDELUXE and take the challenge,block breaker now comes deluxe format new features great graphics from t mobile buy just number by replying get bbdeluxe take challenge
ham,Aah! A cuddle would be lush! I'd need lots of tea and soup before any kind of fumbling!,aah cuddle would be lush i d need lots tea soup before any kind fumbling
spam,important information 4 orange user . today is your lucky day!2find out why log onto http://www.urawinner.com THERE'S A FANTASTIC SURPRISE AWAITING YOU!,important information number orange user today your lucky day find out why log onto url there s fantastic surprise awaiting you
ham,I am late. I will be there at,i am late i will be there
ham,Sad story of a Man - Last week was my b'day. My Wife did'nt wish me. My Parents forgot n so did my Kids . I went to work. Even my Colleagues did not wish.,sad story man last week was my b day my wife did nt wish me my parents forgot n so did my kids i went work even my colleagues did not wish
ham,Are you plans with your family set in stone ?,you plans your family set stone
ham,Pls dont forget to study,pls dont forget study
ham,You'll never believe this but i have actually got off at taunton. Wow,you ll never believe this but i have actually got off taunton wow
ham,"Den only weekdays got special price... Haiz... Cant eat liao... Cut nails oso muz wait until i finish drivin wat, lunch still muz eat wat... ",den only weekdays got special price haiz cant eat liao cut nails oso muz wait until i finish drivin wat lunch still muz eat wat
ham,She just broke down a list of reasons why nobody's in town and I can't tell if she's being sarcastic or just faggy,she just broke down list reasons why nobody s town i can t tell if she s being sarcastic just faggy
ham, &lt;DECIMAL&gt; m but its not a common car here so its better to buy from china or asia. Or if i find it less expensive. I.ll holla,lt decimal gt m but its not common car here so its better buy from china asia if i find it less expensive i ll holla
ham,The greatest test of courage on earth is to bear defeat without losing heart....gn tc,greatest test courage earth bear defeat without losing heart gn tc
ham,SORRY IM STIL FUCKED AFTER LAST NITE WENT TOBED AT 430 GOT UP 4 WORK AT 630,sorry im stil fucked after last nite went tobed number got up number work number
ham,Hey so whats the plan this sat? ,hey so whats plan this sat
ham,Beauty sleep can help ur pimples too.,beauty sleep can help ur pimples too
ham,Great. Hope you are using your connections from mode men also cos you can never know why old friends can lead you to today,great hope you using your connections from mode men also cos you can never know why old friends can lead you today
spam,Natalja (25/F) is inviting you to be her friend. Reply YES-440 or NO-440 See her: www.SMS.ac/u/nat27081980 STOP? Send STOP FRND to 62468,natalja number f inviting you be her friend reply yes number no number see her url stop send stop frnd number
ham,Where to get those?,where get those
ham,"Kind of. Just missed train cos of asthma attack, nxt one in half hr so driving in. not sure where to park.",kind just missed train cos asthma attack nxt one half hr so driving not sure where park
ham,Ball is moving a lot.will spin in last :)so very difficult to bat:),ball moving lot will spin last so very difficult bat
ham,Haiyoh... Maybe your hamster was jealous of million,haiyoh maybe your hamster was jealous million
ham,Can you please send me my aunty's number,can you please send me my aunty s number
ham,I'm glad. You are following your dreams.,i m glad you following your dreams
ham,I've reached home finally...,i ve reached home finally
spam,"URGENT. Important information for 02 user. Today is your lucky day! 2 find out why , log onto http://www.urawinner.com there is a fantastic surprise awaiting you !",urgent important information number user today your lucky day number find out why log onto url there fantastic surprise awaiting you
spam,WINNER!! As a valued network customer you have been selected to receivea £900 prize reward! To claim call 09061701461. Claim code KL341. Valid 12 hours only.,winner as valued network customer you have been selected receivea number prize reward claim call number claim code kl valid number hours only
ham,"Wn u r hurt by d prsn who s close 2 u, do fight wit dem. Coz somtimes dis fight saves a relation bt being quiet leaves nothin in a relation.. Gud eveB-)",wn u r hurt by d prsn who s close number u do fight wit dem coz somtimes dis fight saves relation bt being quiet leaves nothin relation gud eveb
ham,U can call now...,u can call now
ham,"Science tells that chocolate will melt under the sunlight. Please don't walk under the sunlight. BCoz,I don't want to loss a sweet friend.",science tells that chocolate will melt under sunlight please don t walk under sunlight bcoz i don t want loss sweet friend
ham,Yes. I come to nyc for audiitions and am trying to relocate.,yes i come nyc audiitions am trying relocate
ham,I pocked you up there before,i pocked you up there before
ham,Congrats. That's great. I wanted to tell you not to tell me your score cos it might make me relax. But its motivating me so thanks for sharing,congrats that s great i wanted tell you not tell me your score cos it might make me relax but its motivating me so thanks sharing
ham,I wud never mind if u dont miss me or if u dont need me.. But u wil really hurt me wen u need me &amp; u dont tell me......... Take care:-),i wud never mind if u dont miss me if u dont need me but u wil really hurt me wen u need me amp u dont tell me take care
ham,Hey mr whats the name of that bill brison book the one about language and words ,hey mr whats name that bill brison book one about language words
ham,"Okay, good, no problem, and thanx!",okay good no problem thanx
ham,"For you information, IKEA is spelled with all caps. That is not yelling. when you thought i had left you, you were sitting on the bed among the mess when i came in. i said we were going after you got home from class. please don't try and bullshit me. It makes me want to listen to you less.",you information ikea spelled all caps that not yelling when you thought i had left you you were sitting bed among mess when i came i said we were going after you got home from class please don t try bullshit me it makes me want listen you less
ham,Call me when u're done...,call me when u re done
ham,G.W.R,g w r
ham,You best watch what you say cause I get drunk as a motherfucker,you best watch what you say cause i get drunk as motherfucker
spam,Kit Strip - you have been billed 150p. Netcollex Ltd. PO Box 1013 IG11 OJA,kit strip you have been billed p netcollex ltd po box number ig oja
spam,HMV BONUS SPECIAL 500 pounds of genuine HMV vouchers to be won. Just answer 4 easy questions. Play Now! Send HMV to 86688 More info:www.100percent-real.com,hmv bonus special number pounds genuine hmv vouchers be won just answer number easy questions play now send hmv number more info url
spam,Please CALL 08712402578 immediately as there is an urgent message waiting for you,please call number immediately as there urgent message waiting you
spam,thesmszone.com lets you send free anonymous and masked messages..im sending this message from there..do you see the potential for abuse???,thesmszone com lets you send free anonymous masked messages im sending this message from there do you see potential abuse
spam,"WELL DONE! Your 4* Costa Del Sol Holiday or £5000 await collection. Call 09050090044 Now toClaim. SAE, TCs, POBox334, Stockport, SK38xh, Cost£1.50/pm, Max10mins",well done your number costa del sol holiday number await collection call number now toclaim sae tcs pobox stockport sk xh cost number number pm max mins
ham,Hurt me... Tease me... Make me cry... But in the end of my life when i die plz keep one rose on my grave and say STUPID I MISS U.. HAVE A NICE DAY BSLVYL,hurt me tease me make me cry but end my life when i die plz keep one rose my grave say stupid i miss u have nice day bslvyl
ham,"Erm... Woodland avenue somewhere. Do you get the parish magazine, his telephone number will be in there.",erm woodland avenue somewhere do you get parish magazine his telephone number will be there
ham,Are there TA jobs available? Let me know please cos i really need to start working,there ta jobs available let me know please cos i really need start working
ham,Aiyar hard 2 type. U later free then tell me then i call n scold n tell u.,aiyar hard number type u later free then tell me then i call n scold n tell u
ham,Yup i'm free...,yup i m free
ham,"Good good, billy mates all gone. Just been jogging, again! Did enjoy concert?",good good billy mates all gone just been jogging again did enjoy concert
ham,Yo come over carlos will be here soon,yo come over carlos will be here soon
ham,Awww dat is sweet! We can think of something to do he he! Have a nice time tonight ill probably txt u later cos im lonely :( xxx.,awww dat sweet we can think something do he he have nice time tonight ill probably txt u later cos im lonely xxx
ham,I guess it is useless calling u 4 something important.,i guess it useless calling u number something important
ham,Ha ha - had popped down to the loo when you hello-ed me. Hello!,ha ha had popped down loo when you hello ed me hello
ham,He dint tell anything. He is angry on me that why you told to abi.,he dint tell anything he angry me that why you told abi
spam,Someone U know has asked our dating service 2 contact you! Cant Guess who? CALL 09058091854 NOW all will be revealed. PO BOX385 M6 6WU,someone u know has asked our dating service number contact you cant guess who call number now all will be revealed po box m wu
ham,It so happens that there r 2waxsto do wat you want. She can come and ill get her medical insurance. And she'll be able to deliver and have basic care. I'm currently shopping for the right medical insurance for her. So just give me til friday morning. Thats when i.ll see the major person that can guide me to the right insurance.,it so happens that there r waxsto do wat you want she can come ill get her medical insurance she ll be able deliver have basic care i m currently shopping right medical insurance her so just give me til friday morning thats when i ll see major person that can guide me right insurance
ham,I keep ten rs in my shelf:) buy two egg.,i keep ten rs my shelf buy two egg
ham,"I wasn't well babe, i have swollen glands at my throat ... What did you end up doing ?",i wasn t well babe i have swollen glands my throat what did you end up doing
ham,Is ur changes 2 da report big? Cos i've already made changes 2 da previous report.,ur changes number da report big cos i ve already made changes number da previous report
ham,Captain is in our room:),captain our room
ham,"I can't speak, bcaz mobile have problem. I can listen you but you cann't listen my voice. So i calls you later.",i can t speak bcaz mobile have problem i can listen you but you cann t listen my voice so i calls you later
ham,HIYA STU WOT U UP 2.IM IN SO MUCH TRUBLE AT HOME AT MOMENT EVONE HATES ME EVEN U! WOT THE HELL AV I DONE NOW? Y WONT U JUST TELL ME TEXT BCK PLEASE LUV DAN ,hiya stu wot u up number im so much truble home moment evone hates me even u wot hell av i done now y wont u just tell me text bck please luv dan
ham,S...i will take mokka players only:),s i will take mokka players only
ham,Are you still playing with gautham?,you still playing gautham
ham,Hey mr  and I are going to the sea view and having a couple of gays I mean games! Give me a bell when ya finish ,hey mr i going sea view having couple gays i mean games give me bell when ya finish
ham,"K, jason says he's gonna be around so I'll be up there around  &lt;#&gt;",k jason says he s gonna be around so i ll be up there around lt gt
ham,Sorry . I will be able to get to you. See you in the morning.,sorry i will be able get you see you morning
ham,Aight well keep me informed,aight well keep me informed
ham,I am not having her number sir,i am not having her number sir
ham,Am only searching for good dual sim mobile pa.,am only searching good dual sim mobile pa
ham,That seems unnecessarily hostile,that seems unnecessarily hostile
ham,Dude got a haircut. Now its breezy up there,dude got haircut now its breezy up there
spam,"Congrats! 2 mobile 3G Videophones R yours. call 09061744553 now! videochat wid ur mates, play java games, Dload polyH music, noline rentl. bx420. ip4. 5we. 150pm",congrats number mobile g videophones r yours call number now videochat wid ur mates play java games dload polyh music noline rentl bx ip we pm
ham,1Apple/Day=No Doctor. 1Tulsi Leaf/Day=No Cancer. 1Lemon/Day=No Fat. 1Cup Milk/day=No Bone Problms 3 Litres Watr/Day=No Diseases Snd ths 2 Whom U Care..:-),apple day no doctor tulsi leaf day no cancer lemon day no fat cup milk day no bone problms number litres watr day no diseases snd ths number whom u care
ham,i thought we were doing a king of the hill thing there.,i thought we were doing king hill thing there
ham,Nope i'll come online now..,nope i ll come online now
ham,ALSO TELL HIM I SAID HAPPY BIRTHDAY,also tell him i said happy birthday
ham,Y bishan lei... I tot ü say lavender? ,y bishan lei i tot say lavender
ham,Boo what time u get out? U were supposed to take me shopping today. :(,boo what time u get out u were supposed take me shopping today
ham,"Now u sound like manky scouse boy steve,like! I is travelling on da bus home.wot has u inmind 4 recreation dis eve?",now u sound like manky scouse boy steve like i travelling da bus home wot has u inmind number recreation dis eve
ham,"Fyi I'm taking a quick shower, be at epsilon in like  &lt;#&gt;  min",fyi i m taking quick shower be epsilon like lt gt min
ham,on a Tuesday night r u 4 real,tuesday night r u number real
ham,Yes when is the appt again?,yes when appt again
ham,Just got outta class gonna go gym.,just got outta class gonna go gym
ham,I want to sent  &lt;#&gt; mesages today. Thats y. Sorry if i hurts,i want sent lt gt mesages today thats y sorry if i hurts
ham,Ü all write or wat..,all write wat
ham,Ha! I wouldn't say that I just didn't read anything into way u seemed. I don't like 2 be judgemental....i save that for fridays in the pub!,ha i wouldn t say that i just didn t read anything into way u seemed i don t like number be judgemental i save that fridays pub
ham,Its a valentine game. . . send dis msg to all ur friends. . If 5 answers r d same then someone really loves u. . Ques- which colour suits me the best?,its valentine game send dis msg all ur friends if number answers r d same then someone really loves u ques which colour suits me best
ham,Hi:)did you asked to waheeda fathima about leave?,hi did you asked waheeda fathima about leave
ham,Enjoy urself tmr...,enjoy urself tmr
ham,You still around? I could use a half-8th,you still around i could use half th
spam,U 447801259231 have a secret admirer who is looking 2 make contact with U-find out who they R*reveal who thinks UR so special-call on 09058094597,u number have secret admirer who looking number make contact u find out who they r reveal who thinks ur so special call number
ham,You give us back my id proof and  &lt;#&gt;  rs. We wont allow you to work. We will come to your home within days,you give us back my id proof lt gt rs we wont allow you work we will come your home within days
ham,Ü bot notes oredi... Cos i juz rem i got...,bot notes oredi cos i juz rem i got
ham,Yes. Rent is very expensive so its the way we save.,yes rent very expensive so its way we save
ham,"Night has ended for another day, morning has come in a special way. May you smile like the sunny rays and leaves your worries at the blue blue bay. Gud mrng",night has ended another day morning has come special way may you smile like sunny rays leaves your worries blue blue bay gud mrng
ham,Hows the pain dear?y r u smiling?,hows pain dear y r u smiling
ham,"Fun fact: although you would think armand would eventually build up a tolerance or some shit considering how much he smokes, he gets fucked up in like 2 hits",fun fact although you would think armand would eventually build up tolerance some shit considering how much he smokes he gets fucked up like number hits
spam,important information 4 orange user 0789xxxxxxx. today is your lucky day!2find out why log onto http://www.urawinner.com THERE'S A FANTASTIC SURPRISE AWAITING YOU!,important information number orange user xxxxxxx today your lucky day find out why log onto url there s fantastic surprise awaiting you
ham,"Sorry, I can't help you on this.",sorry i can t help you this
ham,Great. So should i send you my account number.,great so should i send you my account number
ham,"HELLOGORGEOUS, HOWS U? MY FONE WAS ON CHARGE LST NITW WEN U TEXD ME. HOPEU AD A NICE WKEND AS IM SURE U DID LOOKIN 4WARD 2 C-IN U 2MRW LUV JAZ",hellogorgeous hows u my fone was charge lst nitw wen u texd me hopeu ad nice wkend as im sure u did lookin ward number c u mrw luv jaz
spam,"Our dating service has been asked 2 contact U by someone shy! CALL 09058091870 NOW all will be revealed. POBox84, M26 3UZ 150p",our dating service has been asked number contact u by someone shy call number now all will be revealed pobox m uz p
ham,Ü only send me the contents page...,only send me contents page
ham,"Night sweet, sleep well! I've just been to see The Exorcism of Emily Rose and may never sleep again! Hugs and snogs! ",night sweet sleep well i ve just been see exorcism emily rose may never sleep again hugs snogs
ham,"Don't Think About ""What u Have Got"" Think About ""How to Use It That You Have Got"" gooD ni8",don t think about what u have got think about how use it that you have got good ni
ham,"I can't right this second, gotta hit people up first",i can t right this second gotta hit people up first
ham,"Evry Emotion dsn't hav Words.Evry Wish dsn't hav Prayrs.. If u Smile,D World is wit u.Othrwise even d Drop of Tear dsn't lik 2 Stay wit u.So b happy.. Good morning, keep smiling:-)",evry emotion dsn t hav words evry wish dsn t hav prayrs if u smile d world wit u othrwise even d drop tear dsn t lik number stay wit u so b happy good morning keep smiling
ham,So what about you. What do you remember,so what about you what do you remember
ham,Ujhhhhhhh computer shipped out with address to sandiago and parantella lane. Wtf. Poop.,ujhhhhhhh computer shipped out address sandiago parantella lane wtf poop
ham,Mm yes dear look how i am hugging you both. :-P,mm yes dear look how i am hugging you both p
ham,I like dis sweater fr mango but no more my size already so irritating.,i like dis sweater fr mango but no more my size already so irritating
ham,1 I don't have her number and 2 its gonna be a massive pain in the ass and i'd rather not get involved if that's possible,number i don t have her number number its gonna be massive pain ass i d rather not get involved if that s possible
ham,Anytime lor...,anytime lor
spam,Do you want a new Video handset? 750 any time any network mins? UNLIMITED TEXT? Camcorder? Reply or Call now 08000930705 for del Sat AM,do you want new video handset number any time any network mins unlimited text camcorder reply call now number del sat am
ham,Purity of friendship between two is not about smiling after reading the forwarded message..Its about smiling just by seeing the name. Gud evng,purity friendship between two not about smiling after reading forwarded message its about smiling just by seeing name gud evng
spam,"Ur balance is now £600. Next question: Complete the landmark, Big, A. Bob, B. Barry or C. Ben ?. Text A, B or C to 83738. Good luck!",ur balance now number next question complete landmark big bob b barry c ben text b c number good luck
ham,Me fine..absolutly fine,me fine absolutly fine
ham,K and you're sure I don't have to have consent forms to do it :V,k you re sure i don t have have consent forms do it v
spam,Ur TONEXS subscription has been renewed and you have been charged £4.50. You can choose 10 more polys this month. www.clubzed.co.uk *BILLING MSG*,ur tonexs subscription has been renewed you have been charged number number you can choose number more polys this month url billing msg
spam,"If you don't, your prize will go to another customer. T&C at www.t-c.biz 18+ 150p/min Polo Ltd Suite 373 London W1J 6HL Please call back if busy",if you don t your prize will go another customer t c url number p min polo ltd suite number london w j hl please call back if busy
ham,How much is torch in 9ja.,how much torch ja
ham,"Doing nothing, then u not having dinner w us?",doing nothing then u not having dinner w us
ham,How are you. Just checking up on you,how you just checking up you
ham,Done it but internet connection v slow and can‘t send it. Will try again later or first thing tomo.,done it but internet connection v slow can t send it will try again later first thing tomo
ham,Mathews or tait or edwards or anderson,mathews tait edwards anderson
ham,yeah sure thing mate haunt got all my stuff sorted but im going sound anyway promoting hex for .by the way who is this? dont know number. Joke,yeah sure thing mate haunt got all my stuff sorted but im going sound anyway promoting hex by way who this dont know number joke
ham,No need lar i go engin? Cos my sis at arts today...,no need lar i go engin cos my sis arts today
ham,Thanks honey but still haven't heard anything I will leave it a bit longer so not 2 crowd him and will try later - great advice thanks hope cardiff is still there!,thanks honey but still haven t heard anything i will leave it bit longer so not number crowd him will try later great advice thanks hope cardiff still there
spam,Do you want a New Nokia 3510i Colour Phone Delivered Tomorrow? With 200 FREE minutes to any mobile + 100 FREE text + FREE camcorder Reply or Call 8000930705,do you want new nokia i colour phone delivered tomorrow number free minutes any mobile number free text free camcorder reply call number
ham,", im .. On the snowboarding trip. I was wondering if your planning to get everyone together befor we go..a meet and greet kind of affair? Cheers, ",im snowboarding trip i was wondering if your planning get everyone together befor we go meet greet kind affair cheers
ham,S.i'm watching it in live..,s i m watching it live
ham,"see you then, we're all christmassy here!",see you then we re all christmassy here
ham,"K I'm ready,  &lt;#&gt; ?",k i m ready lt gt
ham,"Do you know why god created gap between your fingers..? So that, One who is made for you comes &amp; fills those gaps by holding your hand with LOVE..!",do you know why god created gap between your fingers so that one who made you comes amp fills those gaps by holding your hand love
ham,The greatest test of courage on earth is to bear defeat without losing heart....gn tc,greatest test courage earth bear defeat without losing heart gn tc
ham,what are your new years plans?,what your new years plans
spam,RECPT 1/3. You have ordered a Ringtone. Your order is being processed...,recpt number number you have ordered ringtone your order being processed
ham,Baaaaaaaabe! Wake up ! I miss you ! I crave you! I need you!,baaaaaaaabe wake up i miss you i crave you i need you
ham,"Only just got this message, not ignoring you. Yes, i was. Shopping that is",only just got this message not ignoring you yes i was shopping that
ham,Dear :-/ why you mood off. I cant drive so i brother to drive,dear why you mood off i cant drive so i brother drive
ham,When did dad get back.,when did dad get back
ham,"Can you tell Shola to please go to college of medicine and visit the academic department, tell the academic secretary what the current situation is and ask if she can transfer there. She should ask someone to check Sagamu for the same thing and lautech. Its vital she completes her medical education in Nigeria. Its less expensive much less expensive. Unless she will be getting citizen rates in new zealand.",can you tell shola please go college medicine visit academic department tell academic secretary what current situation ask if she can transfer there she should ask someone check sagamu same thing lautech its vital she completes her medical education nigeria its less expensive much less expensive unless she will be getting citizen rates new zealand
ham,Yes just finished watching days of our lives. I love it.,yes just finished watching days our lives i love it
ham,Juz go google n search 4 qet...,juz go google n search number qet
ham,Many times we lose our best ones bcoz we are ,many times we lose our best ones bcoz we
ham,"Good FRIENDS CaRE for each Other.. CLoSE Friends UNDERSTaND each Other... and TRUE Friends STaY forever beyond words, beyond time. Gud ni8",good friends care each other close friends understand each other true friends stay forever beyond words beyond time gud ni
ham,Just getting back home,just getting back home
ham,"Sorry, I'll call later  &lt;#&gt; mins",sorry i ll call later lt gt mins
ham,Dun need to use dial up juz open da browser n surf...,dun need use dial up juz open da browser n surf
spam,As one of our registered subscribers u can enter the draw 4 a 100 G.B. gift voucher by replying with ENTER. To unsubscribe text STOP,as one our registered subscribers u can enter draw number number g b gift voucher by replying enter unsubscribe text stop
ham,"Awesome, plan to get here any time after like  &lt;#&gt; , I'll text you details in a wee bit",awesome plan get here any time after like lt gt i ll text you details wee bit
ham,Take care and sleep well.you need to learn to change in life.you only need to get CONVINCED on that.i will wait but no more conversations between us.GET CONVINCED by that time.Your family is over for you in many senses.respect them but not overemphasise.or u have no role in my life.,take care sleep well you need learn change life you only need get convinced that i will wait but no more conversations between us get convinced by that time your family over you many senses respect them but not overemphasise u have no role my life
spam,"For your chance to WIN a FREE Bluetooth Headset then simply reply back with ""ADP""",your chance win free bluetooth headset then simply reply back adp
ham,You also didnt get na hi hi hi hi hi,you also didnt get na hi hi hi hi hi
ham,Ya but it cant display internal subs so i gotta extract them,ya but it cant display internal subs so i gotta extract them
ham,If i said anything wrong sorry de:-),if i said anything wrong sorry de
ham,Sad story of a Man - Last week was my b'day. My Wife did'nt wish me. My Parents forgot n so did my Kids . I went to work. Even my Colleagues did not wish.,sad story man last week was my b day my wife did nt wish me my parents forgot n so did my kids i went work even my colleagues did not wish
ham,How stupid to say that i challenge god.You dont think at all on what i write instead you respond immed.,how stupid say that i challenge god you dont think all what i write instead you respond immed
ham,"Yeah I should be able to, I'll text you when I'm ready to meet up",yeah i should be able i ll text you when i m ready meet up
ham,V skint too but fancied few bevies.waz gona go meet &othrs in spoon but jst bin watchng planet earth&sofa is v comfey; If i dont make it hav gd night,v skint too but fancied few bevies waz gona go meet othrs spoon but jst bin watchng planet earth sofa v comfey if i dont make it hav gd night
ham," says that he's quitting at least5times a day so i wudn't take much notice of that. Nah, she didn't mind. Are you gonna see him again? Do you want to come to taunton tonight? U can tell me all about !",says that he s quitting least times day so i wudn t take much notice that nah she didn t mind you gonna see him again do you want come taunton tonight u can tell me all about
ham,"When you get free, call me",when you get free call me
ham,How have your little darlings been so far this week? Need a coffee run tomo?Can't believe it's that time of week already …,how have your little darlings been so far this week need coffee run tomo can t believe it s that time week already
ham,Ok i msg u b4 i leave my house.,ok i msg u b i leave my house
ham,Still at west coast... Haiz... Ü'll take forever to come back...,still west coast haiz ll take forever come back
ham,MMM ... Fuck .... Merry Christmas to me,mmm fuck merry christmas me
ham,alright. Thanks for the advice. Enjoy your night out. I'ma try to get some sleep...,alright thanks advice enjoy your night out i ma try get some sleep
ham,Update your face book status frequently :),update your face book status frequently
ham,Just now saw your message.it k da:),just now saw your message it k da
ham,Was it something u ate?,was it something u ate
ham,So what did the bank say about the money?,so what did bank say about money
ham,Aiyar dun disturb u liao... Thk u have lots 2 do aft ur cupboard come...,aiyar dun disturb u liao thk u have lots number do aft ur cupboard come
ham,Hey they r not watching movie tonight so i'll prob b home early...,hey they r not watching movie tonight so i ll prob b home early
ham,Yar lor... How u noe? U used dat route too?,yar lor how u noe u used dat route too
ham,2mro i am not coming to gym machan. Goodnight.,mro i am not coming gym machan goodnight
ham,Dont think you need yellow card for uk travel. Ask someone that has gone before. If you do its just  &lt;#&gt; bucks,dont think you need yellow card uk travel ask someone that has gone before if you do its just lt gt bucks
ham,Can u look 4 me in da lib i got stuff havent finish yet.,can u look number me da lib i got stuff havent finish yet
ham,Sounds great! Im going to sleep now. Have a good night!,sounds great im going sleep now have good night
spam,Don't b floppy... b snappy & happy! Only gay chat service with photo upload call 08718730666 (10p/min). 2 stop our texts call 08712460324,don t b floppy b snappy happy only gay chat service photo upload call number p min number stop our texts call number
ham,"House-Maid is the murderer, coz the man was murdered on  &lt;#&gt; th January.. As public holiday all govt.instituitions are closed,including post office..understand?",house maid murderer coz man was murdered lt gt th january as public holiday all govt instituitions closed including post office understand
ham,How come u got nothing to do?,how come u got nothing do
ham,Nothing will ever be easy. But don't be looking for a reason not to take a risk on life and love,nothing will ever be easy but don t be looking reason not take risk life love
ham,i want to grasp your pretty booty :),i want grasp your pretty booty
ham,I've got it down to a tea. not sure which flavour,i ve got it down tea not sure which flavour
ham,I'm going 2 orchard now laready me reaching soon. U reaching?,i m going number orchard now laready me reaching soon u reaching
ham,Dear i am not denying your words please,dear i am not denying your words please
ham,You know my old Dom I told you about yesterday ? His name is Roger? He got in touch with me last night and wants me to meet him today at 2 pm,you know my old dom i told you about yesterday his name roger he got touch me last night wants me meet him today number pm
ham,COME BACK TO TAMPA FFFFUUUUUUU,come back tampa ffffuuuuuuu
ham,"2 celebrate my bday, y else?",number celebrate my b day y else
ham,Merry christmas to u too annie!,merry christmas u too annie
ham,Please tell me you have some of that special stock you were talking about,please tell me you have some that special stock you were talking about
ham,I sent them. Do you like?,i sent them do you like
spam,"Urgent UR awarded a complimentary trip to EuroDisinc Trav, Aco&Entry41 Or £1000. To claim txt DIS to 87121 18+6*£1.50(moreFrmMob. ShrAcomOrSglSuplt)10, LS1 3AJ",urgent ur awarded complimentary trip eurodisinc trav aco entry number claim txt dis number number number number number morefrmmob shracomorsglsuplt number ls aj
ham,"Awesome, be there in a minute",awesome be there minute
ham,"And that is the problem. You walk around in ""julianaland"" oblivious to what is going on around you. I say the same things constantly and they go in one ear and out the other while you go off doing whatever you want to do. It's not that you don't know why I'm upset--it's that you don't listen when i tell you WHAT is going to upset me. Then you want to be surprised when I'm mad.",that problem you walk around julianaland oblivious what going around you i say same things constantly they go one ear out other while you go off doing whatever you want do it s not that you don t know why i m upset it s that you don t listen when i tell you what going upset me then you want be surprised when i m mad
ham,I've told you everything will stop. Just dont let her get dehydrated.,i ve told you everything will stop just dont let her get dehydrated
ham,Or I guess  &lt;#&gt;  min,i guess lt gt min
ham,I'm home. Ard wat time will u reach?,i m home ard wat time will u reach
ham,"Storming msg: Wen u lift d phne, u say ""HELLO"" Do u knw wt is d real meaning of HELLO?? . . . It's d name of a girl..! . . . Yes.. And u knw who is dat girl?? ""Margaret Hello"" She is d girlfrnd f Grahmbell who invnted telphone... . . . . Moral:One can 4get d name of a person, bt not his girlfrnd... G o o d n i g h t . . .@",storming msg wen u lift d phne u say hello do u knw wt d real meaning hello it s d name girl yes u knw who dat girl margaret hello she d girlfrnd f grahmbell who invnted telphone moral one can get d name person bt not his girlfrnd g o o d n i g h t
ham,"If you want to mapquest it or something look up ""usf dogwood drive"", that's the tiny street where the parking lot is",if you want mapquest it something look up usf dogwood drive that s tiny street where parking lot
ham,Aight should I just plan to come up later tonight?,aight should i just plan come up later tonight
ham,Die... I accidentally deleted e msg i suppose 2 put in e sim archive. Haiz... I so sad...,die i accidentally deleted e msg i suppose number put e sim archive haiz i so sad
spam,"Welcome to UK-mobile-date this msg is FREE giving you free calling to 08719839835. Future mgs billed at 150p daily. To cancel send ""go stop"" to 89123",welcome uk mobile date this msg free giving you free calling number future mgs billed p daily cancel send go stop number
ham,This is wishing you a great day. Moji told me about your offer and as always i was speechless. You offer so easily to go to great lengths on my behalf and its stunning. My exam is next friday. After that i will keep in touch more. Sorry.,this wishing you great day moji told me about your offer as always i was speechless you offer so easily go great lengths my behalf its stunning my exam next friday after that i will keep touch more sorry
ham,"Thanks again for your reply today. When is ur visa coming in. And r u still buying the gucci and bags. My sister things are not easy, uncle john also has his own bills so i really need to think about how to make my own money. Later sha.",thanks again your reply today when ur visa coming r u still buying gucci bags my sister things not easy uncle john also has his own bills so i really need think about how make my own money later sha
ham,"Sorry I flaked last night, shit's seriously goin down with my roommate, what you up to tonight?",sorry i flaked last night shit s seriously goin down my roommate what you up tonight
ham,He said i look pretty wif long hair wat. But i thk he's cutting quite short 4 me leh.,he said i look pretty wif long hair wat but i thk he s cutting quite short number me leh
ham,Ranjith cal drpd Deeraj and deepak 5min hold,ranjith cal drpd deeraj deepak min hold
ham,CHEERS FOR CALLIN BABE.SOZI CULDNT TALKBUT I WANNATELL U DETAILS LATER WENWECAN CHAT PROPERLY X,cheers callin babe sozi culdnt talkbut i wannatell u details later wenwecan chat properly x
ham,Hey u still at the gym?,hey u still gym
ham,"She said,'' do u mind if I go into the bedroom for a minute ? '' ''OK'', I sed in a sexy mood. She came out 5 minuts latr wid a cake...n My Wife,",she said do u mind if i go into bedroom minute ok i sed sexy mood she came out number minuts latr wid cake n my wife
ham,Much better now thanks lol,much better now thanks lol
ham,"Nothing, smsing u n xy lor. Sorry lor da guys neva c u in person but they sort of know u lor. So u wan 2 meet them xy ask me 2 bring u along 4 our next meeting.",nothing smsing u n xy lor sorry lor da guys neva c u person but they sort know u lor so u wan number meet them xy ask me number bring u along number our next meeting
ham,"Lemme know when I can swing by and pick up, I'm free basically any time after 1 all this semester",lemme know when i can swing by pick up i m free basically any time after number all this semester
ham,Wa... U so efficient... Gee... Thanx...,wa u so efficient gee thanx
spam,3. You have received your mobile content. Enjoy,number you have received your mobile content enjoy
ham,S but not able to sleep.,s but not able sleep
spam,Want explicit SEX in 30 secs? Ring 02073162414 now! Costs 20p/min,want explicit sex number secs ring number now costs p min
ham,We will meet soon princess! Ttyl!,we will meet soon princess ttyl
ham,I'll pick you up at about 5.15pm to go to taunton if you still want to come.,i ll pick you up about number pm go taunton if you still want come
ham,Oh :-)only 4 outside players allowed to play know,oh only number outside players allowed play know
ham,I anything lor.,i anything lor
ham,Erutupalam thandiyachu,erutupalam thandiyachu
ham,"Y cant u try new invention to fly..i'm not joking.,",y cant u try new invention fly i m not joking
ham,No..its ful of song lyrics..,no its ful song lyrics
ham,"What do u reckon as need 2 arrange transport if u can't do it, thanks",what do u reckon as need number arrange transport if u can t do it thanks
ham,True lov n care wil nevr go unrecognized. though somone often makes mistakes when valuing it. but they will definitly undrstnd once when they start missing it.,true lov n care wil nevr go unrecognized though somone often makes mistakes when valuing it but they will definitly undrstnd once when they start missing it
ham,Shopping? Eh ger i toking abt syd leh...Haha,shopping eh ger i toking abt syd leh haha
ham,What not under standing.,what not under standing
ham,have * good weekend.,have good weekend
ham,Miss call miss call khelate kintu opponenter miss call dhorte lage. Thats d rule. One with great phone receiving quality wins.,miss call miss call khelate kintu opponenter miss call dhorte lage thats d rule one great phone receiving quality wins
ham,Call me when you get the chance plz &lt;3,call me when you get chance plz lt number
ham,The new deus ex game comin early next yr,new deus ex game comin early next yr
ham,My computer just fried the only essential part we don't keep spares of because my fucking idiot roommates looovvve leaving the thing running on full  &lt;#&gt; /7,my computer just fried only essential part we don t keep spares because my fucking idiot roommates looovvve leaving thing running full lt gt number
ham,"My friend, she's studying at warwick, we've planned to go shopping and to concert tmw, but it may be canceled, havn't seen  for ages, yeah we should get together sometime!",my friend she s studying warwick we ve planned go shopping concert tmw but it may be canceled havn t seen ages yeah we should get together sometime
ham,Probably a couple hours tops,probably couple hours tops
ham,"LOL .. *grins* .. I'm not babe, but thanks for thinking of me!",lol grins i m not babe but thanks thinking me
ham,Man this bus is so so so slow. I think you're gonna get there before me,man this bus so so so slow i think you re gonna get there before me
ham,Hope this text meets you smiling. If not then let this text give you a reason to smile. Have a beautiful day.,hope this text meets you smiling if not then let this text give you reason smile have beautiful day
ham,"In case you wake up wondering where I am, I forgot I have to take care of something for grandma today, should be done before the parade",case you wake up wondering where i am i forgot i have take care something grandma today should be done before parade
ham,Ok,ok
spam,"Latest Nokia Mobile or iPOD MP3 Player +£400 proze GUARANTEED! Reply with: WIN to 83355 now! Norcorp Ltd.£1,50/Mtmsgrcvd18+",latest nokia mobile ipod mp player number proze guaranteed reply win number now norcorp ltd number number mtmsgrcvd
spam,"SMS SERVICES. for your inclusive text credits, pls goto www.comuk.net login= 3qxj9 unsubscribe with STOP, no extra charge. help 08702840625.COMUK. 220-CM2 9AE",sms services your inclusive text credits pls goto url login qxj unsubscribe stop no extra charge help number comuk number cm ae
ham,Nvm take ur time.,nvm take ur time
ham,So wat's da decision?,so wat s da decision
ham,Wot is u up 2 then bitch?,wot u up number then bitch
ham,Stupid.its not possible,stupid its not possible
ham,She told to hr that he want posting in chennai:)because i'm working here:),she told hr that he want posting chennai because i m working here
spam,Mobile Club: Choose any of the top quality items for your mobile. 7cfca1a,mobile club choose any top quality items your mobile cfca
ham,When are you guys leaving?,when you guys leaving
ham,He neva grumble but i sad lor... Hee... Buy tmr lor aft lunch. But we still meetin 4 lunch tmr a not. Neva hear fr them lei. Ü got a lot of work ar?,he neva grumble but i sad lor hee buy tmr lor aft lunch but we still meetin number lunch tmr not neva hear fr them lei got lot work ar
ham,Not able to do anything.,not able do anything
ham,Ü takin linear algebra today?,takin linear algebra today
ham,This weekend is fine (an excuse not to do too much decorating),this weekend fine excuse not do too much decorating
ham,"Sorry I missed you babe. I was up late and slept in. I hope you enjoy your driving lesson, boytoy. I miss you too ... *teasing kiss*",sorry i missed you babe i was up late slept i hope you enjoy your driving lesson boytoy i miss you too teasing kiss
ham,Now project pa. After that only i can come.,now project pa after that only i can come
spam,Money i have won wining number 946 wot do i do next,money i have won wining number number wot do i do next
ham,"Sure, whenever you show the fuck up &gt;:(",sure whenever you show fuck up gt
ham,That was random saw my old roomate on campus. He graduated,that was random saw my old roomate campus he graduated
spam,"Congrats! 2 mobile 3G Videophones R yours. call 09061744553 now! videochat wid ur mates, play java games, Dload polyH music, noline rentl. bx420. ip4. 5we. 150pm",congrats number mobile g videophones r yours call number now videochat wid ur mates play java games dload polyh music noline rentl bx ip we pm
ham,"Men always needs a beautiful, intelligent, caring, loving, adjustable, cooperative wife. But the law allows only one wife....",men always needs beautiful intelligent caring loving adjustable cooperative wife but law allows only one wife
ham,That sucks. So what do you got planned for your yo valentine? I am your yo valentine aren't I?,that sucks so what do you got planned your yo valentine i am your yo valentine aren t i
ham,"Just got part Nottingham - 3 hrs 63miles. Good thing i love my man so much, but only doing 40mph. Hey ho",just got part nottingham number hrs miles good thing i love my man so much but only doing mph hey ho
ham,What to think no one saying clearly. Ok leave no need to ask her. I will go if she come or not,what think no one saying clearly ok leave no need ask her i will go if she come not
ham,Hi good mornin.. Thanku wish u d same..,hi good mornin thanku wish u d same
ham,DO U WANT 2 MEET UP 2MORRO,do u want number meet up morro
ham,Actually I decided I was too hungry so I haven't left yet :V,actually i decided i was too hungry so i haven t left yet v
ham,I've sent ü my part..,i ve sent my part
ham,Cos i was out shopping wif darren jus now n i called him 2 ask wat present he wan lor. Then he started guessing who i was wif n he finally guessed darren lor.,cos i was out shopping wif darren jus now n i called him number ask wat present he wan lor then he started guessing who i was wif n he finally guessed darren lor
spam,"I want some cock! My hubby's away, I need a real man 2 satisfy me. Txt WIFE to 89938 for no strings action. (Txt STOP 2 end, txt rec £1.50ea. OTBox 731 LA1 7WS. )",i want some cock my hubby s away i need real man number satisfy me txt wife number no strings action txt stop number end txt rec number ea otbox number la ws
ham,Understand. his loss is my gain :) so do you work? School?,understand his loss my gain so do you work school
ham,HOW ARE U? I HAVE MISSED U! I HAVENT BEEN UP 2 MUCH A BIT BORED WITH THE HOLIDAY WANT 2 GO BAK 2 COLLEGE! SAD ISNT IT?xx,how u i have missed u i havent been up number much bit bored holiday want number go bak number college sad isnt it xx
ham,"Hiya, probably coming home * weekend after next",hiya probably coming home weekend after next
ham,Don't forget though that I love you .... And I walk beside you. Watching over you and keeping your heart warm.,don t forget though that i love you i walk beside you watching over you keeping your heart warm
ham,I wish things were different. I wonder when i will be able to show you how much i value you. Pls continue the brisk walks no drugs without askin me please and find things to laugh about. I love you dearly.,i wish things were different i wonder when i will be able show you how much i value you pls continue brisk walks no drugs without askin me please find things laugh about i love you dearly
ham,Ok both our days. So what are you making for dinner tonite? Am I invited?,ok both our days so what you making dinner tonite am i invited
spam,Gr8 new service - live sex video chat on your mob - see the sexiest dirtiest girls live on ur phone - 4 details text horny to 89070 to cancel send STOP to 89070,gr new service live sex video chat your mob see sexiest dirtiest girls live ur phone number details text horny number cancel send stop number
ham,I have no money 4 steve mate! !,i have no money number steve mate
ham,IM LATE TELLMISS IM ON MY WAY,im late tellmiss im my way
ham,Never blame a day in ur life. Good days give u happiness. Bad days give u experience. Both are essential in life! All are Gods blessings! good morning.:,never blame day ur life good days give u happiness bad days give u experience both essential life all gods blessings good morning
ham,Normally i use to drink more water daily:),normally i use drink more water daily
ham,Dare i ask... Any luck with sorting out the car?,dare i ask any luck sorting out car
ham,"Party's at my place at usf, no charge (but if you can contribute in any way it is greatly appreciated) and yeah, we got room for one more",party s my place usf no charge but if you can contribute any way it greatly appreciated yeah we got room one more
ham,"Urgh, coach hot, smells of chip fat! Thanks again, especially for the duvet (not a predictive text word).",urgh coach hot smells chip fat thanks again especially duvet not predictive text word
ham,Hiya. How was last night? I've been naughty and bought myself clothes and very little ... Ready for more shopping tho! What kind of time do you wanna meet?,hiya how was last night i ve been naughty bought myself clothes very little ready more shopping tho what kind time do you wanna meet
spam,FreeMsg Hi baby wow just got a new cam moby. Wanna C a hot pic? or Fancy a chat?Im w8in 4uTxt / rply CHAT to 82242 Hlp 08712317606 Msg150p 2rcv,freemsg hi baby wow just got new cam moby wanna c hot pic fancy chat im w utxt rply chat number hlp number msg p rcv
ham,I've been trying to reach him without success,i ve been trying reach him without success
ham,when you and derek done with class?,when you derek done class
ham,Never y lei... I v lazy... Got wat? Dat day ü send me da url cant work one...,never y lei i v lazy got wat dat day send me da url cant work one
ham,Never try alone to take the weight of a tear that comes out of ur heart and falls through ur eyes... Always remember a STUPID FRIEND is here to share... BSLVYL,never try alone take weight tear that comes out ur heart falls through ur eyes always remember stupid friend here share bslvyl
ham,Hey mate. Spoke to the mag people. We‘re on.  the is deliver by the end of the month. Deliver on the 24th sept. Talk later. ,hey mate spoke mag people we re deliver by end month deliver th sept talk later
ham,Hope you are having a good week. Just checking in,hope you having good week just checking
ham,"Haha, my friend tyler literally just asked if you could get him a dubsack",haha my friend tyler literally just asked if you could get him dubsack
ham,Hey! do u fancy meetin me at 4 at cha  hav a lil beverage on me. if not txt or ring me and we can meet up l8r. quite tired got in at 3 v.pist ;) love Pete x x x,hey do u fancy meetin me number cha hav lil beverage me if not txt ring me we can meet up l r quite tired got number v pist love pete x x x
ham,Great. Have a safe trip. Dont panic surrender all.,great have safe trip dont panic surrender all
ham,"SYMPTOMS when U are in love: ""1.U like listening songs 2.U get stopped where u see the name of your beloved 3.U won't get angry when your",symptoms when u love number u like listening songs number u get stopped where u see name your beloved number u won t get angry when your
ham,Sun ah... Thk mayb can if dun have anythin on... Thk have to book e lesson... E pilates is at orchard mrt u noe hor...  ,sun ah thk mayb can if dun have anythin thk have book e lesson e pilates orchard mrt u noe hor
ham,Try to do something dear. You read something for exams,try do something dear you read something exams
ham,"7 wonders in My WORLD 7th You 6th Ur style 5th Ur smile 4th Ur Personality 3rd Ur Nature 2nd Ur SMS and 1st ""Ur Lovely Friendship""... good morning dear",number wonders my world th you th ur style th ur smile th ur personality rd ur nature nd ur sms st ur lovely friendship good morning dear
ham,Gettin rdy to ship comp,gettin rdy ship comp
ham,I am in hospital da. . I will return home in evening,i am hospital da i will return home evening
ham,PISS IS TALKING IS SOMEONE THAT REALISE U THAT POINT THIS AT IS IT.(NOW READ IT BACKWARDS),piss talking someone that realise u that point this it now read it backwards
ham,Think + da. You wil do.,think da you wil do
ham,I'm awake oh. What's up.,i m awake oh what s up
ham,Good afternoon my boytoy. How goes that walking here and there day ? Did you get that police abstract? Are you still out and about? I wake and miss you babe,good afternoon my boytoy how goes that walking here there day did you get that police abstract you still out about i wake miss you babe
ham,How much u trying to get?,how much u trying get
ham,"Come around  &lt;DECIMAL&gt; pm vikky..i'm otside nw, il come by tht time",come around lt decimal gt pm vikky i m otside nw il come by tht time
ham,Tell me again what your address is,tell me again what your address
ham,"Honeybee Said: *I'm d Sweetest in d World* God Laughed &amp; Said: *Wait,U Havnt Met d Person Reading This Msg* MORAL: Even GOD Can Crack Jokes! GM+GN+GE+GN:)",honeybee said i m d sweetest d world god laughed amp said wait u havnt met d person reading this msg moral even god can crack jokes gm gn ge gn
ham,Should i buy him a blackberry bold 2 or torch. Should i buy him new or used. Let me know. Plus are you saying i should buy the  &lt;#&gt; g wifi ipad. And what are you saying about the about the  &lt;#&gt; g?,should i buy him blackberry bold number torch should i buy him new used let me know plus you saying i should buy lt gt g wifi ipad what you saying about about lt gt g
ham,But you were together so you should be thinkin about him,but you were together so you should be thinkin about him
ham,hiya hows it going in sunny africa? hope u r avin a good time. give that big old silver back a big kiss from me.,hiya hows it going sunny africa hope u r avin good time give that big old silver back big kiss from me
ham,At WHAT TIME should i come tomorrow,what time should i come tomorrow
spam,Wanna have a laugh? Try CHIT-CHAT on your mobile now! Logon by txting the word: CHAT and send it to No: 8883 CM PO Box 4217 London W1A 6ZF 16+ 118p/msg rcvd,wanna have laugh try chit chat your mobile now logon by txting word chat send it no number cm po box number london w zf number p msg rcvd
ham,"CHA QUITEAMUZING THATSCOOL BABE,PROBPOP IN & CU SATTHEN HUNNY 4BREKKIE! LOVE JEN XXX. PSXTRA LRG PORTIONS 4 ME PLEASE ",cha quiteamuzing that scool babe probpop cu satthen hunny brekkie love jen xxx psxtra lrg portions number me please
ham,Omg how did u know what I ate?,omg how did u know what i ate
spam,URGENT! This is the 2nd attempt to contact U!U have WON £1000CALL 09071512432 b4 300603t&csBCM4235WC1N3XX.callcost150ppmmobilesvary. max£7. 50,urgent this nd attempt contact u u have won call number b t csbcm wc n xx callcost ppmmobilesvary max number number
ham,:( but your not here....,but your not here
ham,Not directly behind... Abt 4 rows behind ü...,not directly behind abt number rows behind
spam,Congratulations ur awarded 500 of CD vouchers or 125gift guaranteed & Free entry 2 100 wkly draw txt MUSIC to 87066,congratulations ur awarded number cd vouchers gift guaranteed free entry number number wkly draw txt music number
spam,"Had your contract mobile 11 Mnths? Latest Motorola, Nokia etc. all FREE! Double Mins & Text on Orange tariffs. TEXT YES for callback, no to remove from records",had your contract mobile number mnths latest motorola nokia etc all free double mins text orange tariffs text yes callback no remove from records
spam,"Urgent! call 09066350750 from your landline. Your complimentary 4* Ibiza Holiday or 10,000 cash await collection SAE T&Cs PO BOX 434 SK3 8WP 150 ppm 18+",urgent call number from your landline your complimentary number ibiza holiday number number cash await collection sae t cs po box number sk wp number ppm number
ham,No plans yet. What are you doing ?,no plans yet what you doing
ham,Hi ....My engagement has been fixd on  &lt;#&gt; th of next month. I know its really shocking bt....hmm njan vilikkam....t ws al of a sudn;-(.,hi my engagement has been fixd lt gt th next month i know its really shocking bt hmm njan vilikkam t ws al sudn
ham,Not course. Only maths one day one chapter with in one month we can finish.,not course only maths one day one chapter one month we can finish
ham,Wow didn't think it was that common. I take it all back ur not a freak! Unless u chop it off:-),wow didn t think it was that common i take it all back ur not freak unless u chop it off
spam,"For ur chance to win a £250 wkly shopping spree TXT: SHOP to 80878. T's&C's www.txt-2-shop.com custcare 08715705022, 1x150p/wk",ur chance win number wkly shopping spree txt shop number t s c s url custcare number x p wk
ham,Noooooooo please. Last thing I need is stress. For once in your life be fair.,noooooooo please last thing i need stress once your life be fair
spam,U have a Secret Admirer who is looking 2 make contact with U-find out who they R*reveal who thinks UR so special-call on 09065171142-stopsms-08718727870150ppm,u have secret admirer who looking number make contact u find out who they r reveal who thinks ur so special call number stopsms ppm
spam,"Mila, age23, blonde, new in UK. I look sex with UK guys. if u like fun with me. Text MTALK to 69866.18 . 30pp/txt 1st 5free. £1.50 increments. Help08718728876",mila age blonde new uk i look sex uk guys if u like fun me text mtalk number number pp txt st free number number increments help
ham,"I'll see if I can swing by in a bit, got some things to take care of here firsg",i ll see if i can swing by bit got some things take care here firsg
ham,I wanted to wish you a Happy New Year and I wanted to talk to you about some legal advice to do with when Gary and I split but in person. I'll make a trip to Ptbo for that. I hope everything is good with you babe and I love ya :),i wanted wish you happy new year i wanted talk you about some legal advice do when gary i split but person i ll make trip ptbo that i hope everything good you babe i love ya
ham,Have you not finished work yet or something?,have you not finished work yet something
ham,Tomorrow i am not going to theatre. . . So i can come wherever u call me. . . Tell me where and when to come tomorrow,tomorrow i am not going theatre so i can come wherever u call me tell me where when come tomorrow
spam,Well done ENGLAND! Get the official poly ringtone or colour flag on yer mobile! text TONE or FLAG to 84199 NOW! Opt-out txt ENG STOP. Box39822 W111WX £1.50,well done england get official poly ringtone colour flag yer mobile text tone flag number now opt out txt eng stop box w wx number number
ham,Right it wasnt you who phoned it was someone with a number like yours!,right it wasnt you who phoned it was someone number like yours
ham,It's ok i wun b angry. Msg u aft i come home tonight.,it s ok i wun b angry msg u aft i come home tonight
ham,I had a good time too. Its nice to do something a bit different with my weekends for a change. See ya soon,i had good time too its nice do something bit different my weekends change see ya soon
ham,Yo sorry was in the shower sup,yo sorry was shower sup
ham,"Carlos is down but I have to pick it up from him, so I'll swing by usf in a little bit",carlos down but i have pick it up from him so i ll swing by usf little bit
ham,Full heat pa:-) i have applyed oil pa.,full heat pa i have applyed oil pa
ham,I'm stuck in da middle of da row on da right hand side of da lt... ,i m stuck da middle da row da right hand side da lt
ham,Have you laid your airtel line to rest?,have you laid your airtel line rest
ham,Hi did u decide wot 2 get 4 his bday if not ill prob jus get him a voucher frm virgin or sumfing ,hi did u decide wot number get number his bday if not ill prob jus get him voucher frm virgin sumfing
spam,FreeMsg: Txt: CALL to No: 86888 & claim your reward of 3 hours talk time to use from your phone now! Subscribe6GBP/mnth inc 3hrs 16 stop?txtStop,freemsg txt call no number claim your reward number hours talk time use from your phone now subscribe gbp mnth inc hrs number stop txtstop
ham,"Hey j! r u feeling any better, hopeSo hunny. i amnow feelin ill & ithink i may have tonsolitusaswell! damn iam layin in bedreal bored. lotsof luv me xxxx",hey j r u feeling any better hopeso hunny i amnow feelin ill ithink i may have tonsolitusaswell damn iam layin bedreal bored lotsof luv me xxxx
ham,And I don't plan on staying the night but I prolly won't be back til late,i don t plan staying night but i prolly won t be back til late
ham,THANX 4 PUTTIN DA FONE DOWN ON ME!!,thanx number puttin da fone down me
ham,"I need an 8th but I'm off campus atm, could I pick up in an hour or two?",i need th but i m off campus atm could i pick up hour two
ham,"Oh... Haha... Den we shld had went today too... Gee, nvm la... Kaiez, i dun mind goin jazz oso... Scared hiphop open cant catch up... ",oh haha den we shld had went today too gee nvm la kaiez i dun mind goin jazz oso scared hiphop open cant catch up
ham,Been running but only managed 5 minutes and then needed oxygen! Might have to resort to the roller option!,been running but only managed number minutes then needed oxygen might have resort roller option
ham,We live in the next  &lt;#&gt; mins,we live next lt gt mins
ham,Y de asking like this.,y de asking like this
ham,Just glad to be talking to you.,just glad be talking you
ham,Wat time ü finish?,wat time finish
ham,Sorry da. I gone mad so many pending works what to do.,sorry da i gone mad so many pending works what do
ham,How much you got for cleaning,how much you got cleaning
ham,hows my favourite person today? r u workin hard? couldn't sleep again last nite nearly rang u at 4.30,hows my favourite person today r u workin hard couldn t sleep again last nite nearly rang u number number
spam,Sunshine Quiz! Win a super Sony DVD recorder if you canname the capital of Australia? Text MQUIZ to 82277. B,sunshine quiz win super sony dvd recorder if you canname capital australia text mquiz number b
ham,Ü called dad oredi...,called dad oredi
ham,Good. do you think you could send me some pix? I would love to see your top and bottom...,good do you think you could send me some pix i would love see your top bottom
ham,Nvm... I'm going to wear my sport shoes anyway... I'm going to be late leh.,nvm i m going wear my sport shoes anyway i m going be late leh
ham,"Sorry, I'll call later In meeting.",sorry i ll call later meeting
ham,THIS IS A LONG FUCKIN SHOWR,this long fuckin showr
ham,"Received, understood n acted upon!",received understood n acted upon
ham,They finally came to fix the ceiling.,they finally came fix ceiling
ham,"U need my presnts always bcz U cant mis love. ""jeevithathile irulinae neekunna prakasamanu sneham"" prakasam ennal prabha 'That mns prabha is'LOVE' Got it. Dont mis me....",u need my presnts always bcz u cant mis love jeevithathile irulinae neekunna prakasamanu sneham prakasam ennal prabha that mns prabha love got it dont mis me
ham,Jus finish blowing my hair. U finish dinner already?,jus finish blowing my hair u finish dinner already
ham,I'm on the bus. Love you,i m bus love you
ham,Lol ... I knew that .... I saw him in the dollar store,lol i knew that i saw him dollar store
spam,Please call our customer service representative on 0800 169 6031 between 10am-9pm as you have WON a guaranteed £1000 cash or £5000 prize!,please call our customer service representative number number number between am pm as you have won guaranteed number cash number prize
spam,Todays Voda numbers ending with 7634 are selected to receive a £350 reward. If you have a match please call 08712300220 quoting claim code 7684 standard rates apply.,todays voda numbers ending number selected receive number reward if you have match please call number quoting claim code number standard rates apply
ham,Only saturday and sunday holiday so its very difficult:),only saturday sunday holiday so its very difficult
ham,Everybody had fun this evening. Miss you.,everybody had fun this evening miss you
ham,"Got hella gas money, want to go on a grand nature adventure with galileo in a little bit?",got hella gas money want go grand nature adventure galileo little bit
ham,"I'm in a meeting, call me later at",i m meeting call me later
ham,Oh wow thats gay. Will firmware update help,oh wow thats gay will firmware update help
ham,These won't do. Have to move on to morphine,these won t do have move morphine
ham,How come i din c ü... Yup i cut my hair...,how come i din c yup i cut my hair
ham,K k pa Had your lunch aha.,k k pa had your lunch aha
ham,Oh ho. Is this the first time u use these type of words,oh ho this first time u use these type words
ham,Captain vijaykanth is doing comedy in captain tv..he is drunken :),captain vijaykanth doing comedy captain tv he drunken
ham,Of course. I guess god's just got me on hold right now.,course i guess god s just got me hold right now
ham,Do you hide anythiing or keeping distance from me,do you hide anythiing keeping distance from me
ham,Havent.,havent
spam,You are being ripped off! Get your mobile content from www.clubmoby.com call 08717509990 poly/true/Pix/Ringtones/Games six downloads for only 3,you being ripped off get your mobile content from url call number poly true pix ringtones games six downloads only number
ham,Sorry i din lock my keypad.,sorry i din lock my keypad
ham,Did u got that persons story,did u got that persons story
ham,Are you planning to come chennai?,you planning come chennai
spam,We tried to contact you re your reply to our offer of a Video Phone 750 anytime any network mins Half Price Line Rental Camcorder Reply or call 08000930705,we tried contact you re your reply our offer video phone number anytime any network mins half price line rental camcorder reply call number
ham,God created gap btwn ur fingers so dat sum1 vry special will fill those gaps by holding ur hands.. Now plz dont ask y he created so much gap between legs !!!,god created gap btwn ur fingers so dat sum vry special will fill those gaps by holding ur hands now plz dont ask y he created so much gap between legs
ham,We are okay. Going to sleep now. Later,we okay going sleep now later
ham,"Please protect yourself from e-threats. SIB never asks for sensitive information like Passwords,ATM/SMS PIN thru email. Never share your password with anybody.",please protect yourself from e threats sib never asks sensitive information like passwords atm sms pin thru email never share your password anybody
ham,"Finally it has happened..! Aftr decades..! BEER is now cheaper than PETROL! The goverment expects us to ""DRINK"". . . But don't ""DRIVE """,finally it has happened aftr decades beer now cheaper than petrol goverment expects us drink but don t drive
spam,A £400 XMAS REWARD IS WAITING FOR YOU! Our computer has randomly picked you from our loyal mobile customers to receive a £400 reward. Just call 09066380611 ,number xmas reward waiting you our computer has randomly picked you from our loyal mobile customers receive number reward just call number
ham,Where r e meeting tmr?,where r e meeting tmr
ham,Lol yes. But it will add some spice to your day.,lol yes but it will add some spice your day
ham,Hope you are having a great day.,hope you having great day
ham,Our Prasanth ettans mother passed away last night. Just pray for her and family.,our prasanth ettans mother passed away last night just pray her family
ham,"K, I'll work something out",k i ll work something out
spam,PRIVATE! Your 2003 Account Statement for shows 800 un-redeemed S. I. M. points. Call 08718738002 Identifier Code: 48922 Expires 21/11/04,private your number account statement shows number un redeemed s i m points call number identifier code number expires number number number
ham,This message is from a great Doctor in India:-): 1) Do not drink APPY FIZZ. It contains Cancer causing age,this message from great doctor india number do not drink appy fizz it contains cancer causing age
ham,I cant pick the phone right now. Pls send a message,i cant pick phone right now pls send message
ham,You call him and tell now infront of them. Call him now.,you call him tell now infront them call him now
ham,Ok no prob...,ok no prob
ham,Ladies first and genus second k .,ladies first genus second k
ham,No. Yes please. Been swimming?,no yes please been swimming
ham,Mum not going robinson already.,mum not going robinson already
ham,Ok set let u noe e details later...,ok set let u noe e details later
ham,Not..tel software name..,not tel software name
ham,I send the print  outs da.,i send print outs da
ham,IM REALY SOZ IMAT MY MUMS 2NITE WHAT ABOUT 2MORO ,im realy soz imat my mums nite what about moro
ham,"When I was born, GOD said, ""Oh No! Another IDIOT"". When you were born, GOD said, ""OH No! COMPETITION"". Who knew, one day these two will become FREINDS FOREVER!",when i was born god said oh no another idiot when you were born god said oh no competition who knew one day these two will become freinds forever
ham,"I didnt get ur full msg..sometext is missing, send it again",i didnt get ur full msg sometext missing send it again
ham,"Probably not, I'm almost out of gas and I get some cash tomorrow",probably not i m almost out gas i get some cash tomorrow
spam,"Customer service announcement. We recently tried to make a delivery to you but were unable to do so, please call 07099833605 to re-schedule. Ref:9280114",customer service announcement we recently tried make delivery you but were unable do so please call number re schedule ref number
ham,I forgot 2 ask ü all smth.. There's a card on da present lei... How? Ü all want 2 write smth or sign on it?,i forgot number ask all smth there s card da present lei how all want number write smth sign it
ham,I'm leaving my house now.,i m leaving my house now
spam,"Hi babe its Chloe, how r u? I was smashed on saturday night, it was great! How was your weekend? U been missing me? SP visionsms.com Text stop to stop 150p/text",hi babe its chloe how r u i was smashed saturday night it was great how was your weekend u been missing me sp visionsms com text stop stop p text
ham,Ü ready then call me...,ready then call me
ham,Wewa is 130. Iriver 255. All 128 mb.,wewa number iriver number all number mb
ham,It is a good thing I'm now getting the connection to bw,it good thing i m now getting connection bw
ham,Sry da..jst nw only i came to home..,sry da jst nw only i came home
ham,"That's cool he'll be here all night, lemme know when you're around",that s cool he ll be here all night lemme know when you re around
ham,Are you staying in town ?,you staying town
ham,"Haha yeah, 2 oz is kind of a shitload",haha yeah number oz kind shitload
ham,Ok u can take me shopping when u get paid =D,ok u can take me shopping when u get paid d
ham,"My life Means a lot to me, Not because I love my life, But because I love the people in my life, The world calls them friends, I call them my World:-).. Ge:-)..",my life means lot me not because i love my life but because i love people my life world calls them friends i call them my world ge
ham,"Alright we'll bring it to you, see you in like  &lt;#&gt;  mins",alright we ll bring it you see you like lt gt mins
ham,But pls dont play in others life.,but pls dont play others life
ham,Eatin my lunch...,eatin my lunch
ham,Hmmm.but you should give it on one day..,hmmm but you should give it one day
ham,"Didn't try, g and I decided not to head out",didn t try g i decided not head out
ham,Ok no prob,ok no prob
ham,Surly ill give it to you:-) while coming to review.,surly ill give it you while coming review
ham,"By march ending, i should be ready. But will call you for sure. The problem is that my capital never complete. How far with you. How's work and the ladies",by march ending i should be ready but will call you sure problem that my capital never complete how far you how s work ladies
ham,Tessy..pls do me a favor. Pls convey my birthday wishes to Nimya..pls dnt forget it. Today is her birthday Shijas,tessy pls do me favor pls convey my birthday wishes nimya pls dnt forget it today her birthday shijas
ham,Pls give her the food preferably pap very slowly with loads of sugar. You can take up to an hour to give it. And then some water. Very very slowly.,pls give her food preferably pap very slowly loads sugar you can take up hour give it then some water very very slowly
spam,"URGENT! Your Mobile No 07808726822 was awarded a £2,000 Bonus Caller Prize on 02/09/03! This is our 2nd attempt to contact YOU! Call 0871-872-9758 BOX95QU",urgent your mobile no number was awarded number number bonus caller prize number number number this our nd attempt contact you call number number number box qu
ham,A guy who gets used but is too dumb to realize it.,guy who gets used but too dumb realize it
ham,"Okey dokey, i‘ll be over in a bit just sorting some stuff out.",okey dokey i ll be over bit just sorting some stuff out
ham,Don no da:)whats you plan?,don no da whats you plan
ham,Yes fine ,yes fine
spam,"WIN: We have a winner! Mr. T. Foley won an iPod! More exciting prizes soon, so keep an eye on ur mobile or visit www.win-82050.co.uk",win we have winner mr t foley won ipod more exciting prizes soon so keep eye ur mobile visit url
ham,I liked the new mobile,i liked new mobile
ham,Anytime...,anytime
ham,Mmmmmmm *snuggles into you* ...*deep contented sigh* ... *whispers* ... I fucking love you so much I can barely stand it ...,mmmmmmm snuggles into you deep contented sigh whispers i fucking love you so much i can barely stand it
ham,Yar but they say got some error.,yar but they say got some error
ham,Hey anyway i have to :-),hey anyway i have
ham,Wow so healthy. Old airport rd lor. Cant thk of anything else. But i'll b bathing my dog later.,wow so healthy old airport rd lor cant thk anything else but i ll b bathing my dog later
ham,Wif my family booking tour package.,wif my family booking tour package
ham,"Did you say bold, then torch later. Or one torch and 2bold?",did you say bold then torch later one torch bold
ham,"Haha awesome, I might need to take you up on that, what you doin tonight?",haha awesome i might need take you up that what you doin tonight
ham,Ya i knw u vl giv..its ok thanks kano..anyway enjoy wit ur family wit 1st salary..:-);-),ya i knw u vl giv its ok thanks kano anyway enjoy wit ur family wit st salary
ham,Huh so slow i tot u reach long ago liao... U 2 more days only i 4 more leh...,huh so slow i tot u reach long ago liao u number more days only i number more leh
ham,Thats cool princess! I will cover your face in hot sticky cum :),thats cool princess i will cover your face hot sticky cum
ham,Big brother‘s really scraped the barrel with this shower of social misfits,big brother s really scraped barrel this shower social misfits
ham,Oops i thk i dun haf enuff... I go check then tell ü..,oops i thk i dun haf enuff i go check then tell
ham,S:)8 min to go for lunch:),s number min go lunch
ham,"Hey. What happened? U switch off ur cell d whole day. This isnt good. Now if u do care, give me a call tomorrow.",hey what happened u switch off ur cell d whole day this isnt good now if u do care give me call tomorrow
ham,"K will do, addie &amp; I are doing some art so I'll be here when you get home",k will do addie amp i doing some art so i ll be here when you get home
ham,My uncles in Atlanta. Wish you guys a great semester.,my uncles atlanta wish you guys great semester
ham,"Aiyo... Her lesson so early... I'm still sleepin, haha... Okie, u go home liao den confirm w me lor...",aiyo her lesson so early i m still sleepin haha okie u go home liao den confirm w me lor
ham,Forgot to tell ü smth.. Can ü like number the sections so that it's clearer..,forgot tell smth can like number sections so that it s clearer
ham,"Yup. Anything lor, if u dun wan it's ok...",yup anything lor if u dun wan it s ok
ham,"I'm home, my love ... If your still awake ... *loving kiss*",i m home my love if your still awake loving kiss
ham,HELLO PEACH! MY CAKE TASTS LUSH!,hello peach my cake tasts lush
spam,"FREE GAME. Get Rayman Golf 4 FREE from the O2 Games Arcade. 1st get UR games settings. Reply POST, then save & activ8. Press 0 key for Arcade. Termsapply",free game get rayman golf number free from o games arcade st get ur games settings reply post then save activ press number key arcade termsapply
ham,"There'll be a minor shindig at my place later tonight, you interested?",there ll be minor shindig my place later tonight you interested
ham,Jason says it's cool if we pick some up from his place in like an hour,jason says it s cool if we pick some up from his place like hour
spam,"Had your mobile 10 mths? Update to the latest Camera/Video phones for FREE. KEEP UR SAME NUMBER, Get extra free mins/texts. Text YES for a call",had your mobile number mths update latest camera video phones free keep ur same number get extra free mins texts text yes call
ham,I (Career Tel) have added u as a contact on INDYAROCKS.COM to send FREE SMS. To remove from phonebook - sms NO to  &lt;#&gt;,i career tel have added u as contact indyarocks com send free sms remove from phonebook sms no lt gt
ham,I've reached already.,i ve reached already
ham,I dont know ask to my brother. Nothing problem some thing that. Just i told .,i dont know ask my brother nothing problem some thing that just i told
ham,K:)eng rocking in ashes:),k eng rocking ashes
ham,Wat time r ü going to xin's hostel?,wat time r going xin s hostel
ham,Good Morning my Dear Shijutta........... Have a great &amp; successful day.,good morning my dear shijutta have great amp successful day
spam,Buy Space Invaders 4 a chance 2 win orig Arcade Game console. Press 0 for Games Arcade (std WAP charge) See o2.co.uk/games 4 Terms + settings. No purchase,buy space invaders number chance number win orig arcade game console press number games arcade std wap charge see o co uk games number terms settings no purchase
ham,Oh k:)after that placement there ah?,oh k after that placement there ah
ham,"Not for possession, especially not first offense",not possession especially not first offense
ham,"Nt only for driving even for many reasons she is called BBD..thts it chikku, then hw abt dvg cold..heard tht vinobanagar violence hw is the condition..and hw ru ? Any problem?",nt only driving even many reasons she called bbd thts it chikku then hw abt dvg cold heard tht vinobanagar violence hw condition hw ru any problem
ham,I bought the test yesterday. Its something that lets you know the exact day u ovulate.when will get 2u in about 2 to 3wks. But pls pls dont fret. I know u r worried. Pls relax. Also is there anything in ur past history u need to tell me?,i bought test yesterday its something that lets you know exact day u ovulate when will get u about number wks but pls pls dont fret i know u r worried pls relax also there anything ur past history u need tell me
ham,We have pizza if u want,we have pizza if u want
ham,"I keep seeing weird shit and bein all ""woah"" then realising it's actually reasonable and I'm all ""oh""",i keep seeing weird shit bein all woah then realising it s actually reasonable i m all oh
ham,Many more happy returns of the day. I wish you happy birthday.,many more happy returns day i wish you happy birthday
ham,Ya very nice. . .be ready on thursday,ya very nice be ready thursday
ham,I am in hospital da. . I will return home in evening,i am hospital da i will return home evening
ham,Thinking of u ;) x,thinking u x
spam,Camera - You are awarded a SiPix Digital Camera! call 09061221066 fromm landline. Delivery within 28 days.,camera you awarded sipix digital camera call number fromm landline delivery within number days
ham,Orh i tot u say she now still dun believe.,orh i tot u say she now still dun believe
ham,"When you just put in the + sign, choose my number and the pin will show. Right?",when you just put sign choose my number pin will show right
ham,The beauty of life is in next second.. which hides thousands of secrets. I wish every second will be wonderful in ur life...!! gud n8,beauty life next second which hides thousands secrets i wish every second will be wonderful ur life gud n
ham,Thanx u darlin!im cool thanx. A few bday drinks 2 nite. 2morrow off! Take care c u soon.xxx,thanx u darlin im cool thanx few bday drinks number nite morrow off take care c u soon xxx
ham,"If you're still up, maybe leave the credit card so I can get gas when I get back like he told me to",if you re still up maybe leave credit card so i can get gas when i get back like he told me
spam,Your weekly Cool-Mob tones are ready to download !This weeks new Tones include: 1) Crazy Frog-AXEL F>>> 2) Akon-Lonely>>> 3) Black Eyed-Dont P >>>More info in n,your weekly cool mob tones ready download this weeks new tones include number crazy frog axel f number akon lonely number black eyed dont p more info n
ham,Well boy am I glad G wasted all night at applebees for nothing,well boy am i glad g wasted all night applebees nothing
spam,Cashbin.co.uk (Get lots of cash this weekend!) www.cashbin.co.uk Dear Welcome to the weekend We have got our biggest and best EVER cash give away!! These..,cashbin co uk get lots cash this weekend url dear welcome weekend we have got our biggest best ever cash give away these
ham,Ok lor... Or u wan me go look 4 u?,ok lor u wan me go look number u
ham,U wan 2 haf lunch i'm in da canteen now.,u wan number haf lunch i m da canteen now
ham,Don't make life too stressfull.. Always find time to Laugh.. It may not add years to your Life! But surely adds more life to ur years!! Gud ni8..swt dreams..,don t make life too stressfull always find time laugh it may not add years your life but surely adds more life ur years gud ni swt dreams
ham,"hey, looks like I was wrong and one of the kappa guys numbers is still on my phone, if you want I can text him and see if he's around",hey looks like i was wrong one kappa guys numbers still my phone if you want i can text him see if he s around
spam,URGENT! Your Mobile number has been awarded with a £2000 prize GUARANTEED. Call 09061790121 from land line. Claim 3030. Valid 12hrs only 150ppm,urgent your mobile number has been awarded number prize guaranteed call number from land line claim number valid hrs only ppm
spam,Thanks 4 your continued support Your question this week will enter u in2 our draw 4 £100 cash. Name the NEW US President? txt ans to 80082,thanks number your continued support your question this week will enter u our draw number number cash name new us president txt ans number
ham,I'm home. Doc gave me pain meds says everything is fine.,i m home doc gave me pain meds says everything fine
ham,It's é only $140 ard...É rest all ard $180 at least...Which is é price 4 é 2 bedrm ($900),it s only number ard rest all ard number least which price number number bedrm number
ham,Me too! Have a lovely night xxx,me too have lovely night xxx
ham,Prepare to be pleasured :),prepare be pleasured
ham,Hi.:)technical support.providing assistance to us customer through call and email:),hi technical support providing assistance us customer through call email
ham,if you text on your way to cup stop that should work. And that should be BUS,if you text your way cup stop that should work that should be bus
ham,Whens your radio show?,whens your radio show
spam,Your unique user ID is 1172. For removal send STOP to 87239 customer services 08708034412,your unique user id number removal send stop number customer services number
ham,I'm not sure if its still available though,i m not sure if its still available though
ham,watever reLation u built up in dis world only thing which remains atlast iz lonlines with lotz n lot memories! feeling..,watever relation u built up dis world only thing which remains atlast iz lonlines lotz n lot memories feeling
ham,CHEERS LOU! YEAH WAS A GOODNITE SHAME U NEVA CAME! C YA GAILxx,cheers lou yeah was goodnite shame u neva came c ya gailxx
ham,Hi..i got the money da:),hi i got money da
ham,"Hi, Mobile no.  &lt;#&gt;  has added you in their contact list on www.fullonsms.com It s a great place to send free sms to people For more visit fullonsms.com",hi mobile no lt gt has added you their contact list url it s great place send free sms people more visit fullonsms com
ham,Ok then u tell me wat time u coming later lor.,ok then u tell me wat time u coming later lor
ham,U repeat e instructions again. Wat's e road name of ur house?,u repeat e instructions again wat s e road name ur house
ham,"So many people seems to be special at first sight, But only very few will remain special to you till your last sight.. Maintain them till life ends.. Sh!jas",so many people seems be special first sight but only very few will remain special you till your last sight maintain them till life ends sh jas
ham,Quite lor. But dun tell him wait he get complacent...,quite lor but dun tell him wait he get complacent
ham,Sorry completely forgot * will pop em round this week if your still here?,sorry completely forgot will pop em round this week if your still here
ham,U R THE MOST BEAUTIFUL GIRL IVE EVER SEEN. U R MY BABY COME AND C ME IN THE COMMON ROOM,u r most beautiful girl ive ever seen u r my baby come c me common room
ham,O we cant see if we can join denis and mina? Or does denis want alone time,o we cant see if we can join denis mina does denis want alone time
ham,Sen told that he is going to join his uncle finance in cbe,sen told that he going join his uncle finance cbe
ham,Yup... Hey then one day on fri we can ask miwa and jiayin take leave go karaoke ,yup hey then one day fri we can ask miwa jiayin take leave go karaoke
ham,"Call me, i am senthil from hsbc.",call me i am senthil from hsbc
ham,"Especially since i talk about boston all up in my personal statement, lol! I woulda changed that if i had realized it said nyc! It says boston now.",especially since i talk about boston all up my personal statement lol i woulda changed that if i had realized it said nyc it says boston now
ham,Indeed and by the way it was either or - not both !,indeed by way it was either not both
spam,"Urgent -call 09066649731from Landline. Your complimentary 4* Ibiza Holiday or £10,000 cash await collection SAE T&Cs PO BOX 434 SK3 8WP 150ppm 18+",urgent call from landline your complimentary number ibiza holiday number number cash await collection sae t cs po box number sk wp ppm number
ham,Holy living christ what is taking you so long,holy living christ what taking you so long
ham,Ü thk of wat to eat tonight.,thk wat eat tonight
ham,"Thanx. Yup we coming back on sun. Finish dinner going back 2 hotel now. Time flies, we're tog 4 exactly a mth today. Hope we'll haf many more mths to come...",thanx yup we coming back sun finish dinner going back number hotel now time flies we re tog number exactly mth today hope we ll haf many more mths come
ham,We're on the opposite side from where we dropped you off,we re opposite side from where we dropped you off
ham,Yup. Izzit still raining heavily cos i'm in e mrt i can't c outside.,yup izzit still raining heavily cos i m e mrt i can t c outside
ham,Send me your resume:-),send me your resume
ham,Gd luck 4 ur exams :-),gd luck number ur exams
ham,Or u ask they all if next sat can a not. If all of them can make it then i'm ok lor.,u ask they all if next sat can not if all them can make it then i m ok lor
ham,Sorry that was my uncle. I.ll keep in touch,sorry that was my uncle i ll keep touch
ham,Saw Guys and Dolls last night with Patrick Swayze it was great,saw guys dolls last night patrick swayze it was great
spam,URGENT This is our 2nd attempt to contact U. Your £900 prize from YESTERDAY is still awaiting collection. To claim CALL NOW 09061702893,urgent this our nd attempt contact u your number prize from yesterday still awaiting collection claim call now number
spam,Santa calling! Would your little ones like a call from Santa Xmas Eve? Call 09077818151 to book you time. Calls1.50ppm last 3mins 30s T&C www.santacalling.com,santa calling would your little ones like call from santa xmas eve call number book you time calls ppm last mins s t c url
ham,Just come home. I don't want u to be miserable,just come home i don t want u be miserable
ham,I dont know why she.s not getting your messages,i dont know why she s not getting your messages
ham,"its cool but tyler had to take off so we're gonna buy for him and drop it off at his place later tonight. Our total order is a quarter, you got enough?",its cool but tyler had take off so we re gonna buy him drop it off his place later tonight our total order quarter you got enough
ham,"The guy at the car shop who was flirting with me got my phone number from the paperwork and called and texted me. I'm nervous because of course now he may have my address. Should i call his boss and tell him, knowing this may get him fired?",guy car shop who was flirting me got my phone number from paperwork called texted me i m nervous because course now he may have my address should i call his boss tell him knowing this may get him fired
ham,Reverse is cheating. That is not mathematics.,reverse cheating that not mathematics
ham,How do you plan to manage that,how do you plan manage that
ham,"Er, hello, things didn‘t quite go to plan – is limping slowly home followed by aa and with exhaust hanging off",er hello things didn t quite go plan limping slowly home followed by aa exhaust hanging off
ham,Sorry for the delay. Yes masters,sorry delay yes masters
ham,Call me when u finish then i come n pick u.,call me when u finish then i come n pick u
spam,PRIVATE! Your 2004 Account Statement for 078498****7 shows 786 unredeemed Bonus Points. To claim call 08719180219 Identifier Code: 45239 Expires 06.05.05,private your number account statement number number shows number unredeemed bonus points claim call number identifier code number expires number number number
ham,What's up my own oga. Left my phone at home and just saw ur messages. Hope you are good. Have a great weekend.,what s up my own oga left my phone home just saw ur messages hope you good have great weekend
ham,"Don't worry though, I understand how important it is that I be put in my place with a poorly thought out punishment in the face of the worst thing that has ever happened to me. Brb gonna go kill myself",don t worry though i understand how important it that i be put my place poorly thought out punishment face worst thing that has ever happened me brb gonna go kill myself
ham,"Honey, can you pls find out how much they sell Predicte in Nigeria. And how many times can it be used. Its very important to have a reply before monday",honey can you pls find out how much they sell predicte nigeria how many times can it be used its very important have reply before monday
ham,E admin building there? I might b slightly earlier... I'll call u when i'm reaching...,e admin building there i might b slightly earlier i ll call u when i m reaching
ham,"fyi I'm at usf now, swing by the room whenever",fyi i m usf now swing by room whenever
ham,i can call in  &lt;#&gt;  min if thats ok,i can call lt gt min if thats ok
ham,Ummmmmaah Many many happy returns of d day my dear sweet heart.. HAPPY BIRTHDAY dear,ummmmmaah many many happy returns d day my dear sweet heart happy birthday dear
ham,Ü no home work to do meh... ,no home work do meh
ham,Anything is valuable in only 2 situations: First- Before getting it... Second- After loosing it...,anything valuable only number situations first before getting it second after loosing it
ham,Me too. Mark is taking forever to pick up my prescription and the pain is coming back.,me too mark taking forever pick up my prescription pain coming back
ham,How's ur paper?,how s ur paper
ham,Got smaller capacity one? Quite ex...,got smaller capacity one quite ex
spam,Check Out Choose Your Babe Videos @ sms.shsex.netUN fgkslpoPW fgkslpo,check out choose your babe videos sms shsex netun fgkslpopw fgkslpo
ham,Im good! I have been thinking about you...,im good i have been thinking about you
spam,u r a winner U ave been specially selected 2 receive £1000 cash or a 4* holiday (flights inc) speak to a live operator 2 claim 0871277810710p/min (18 ),u r winner u ave been specially selected number receive number cash number holiday flights inc speak live operator number claim p min number
ham,:-) :-),
ham,Not thought bout it... || Drink in tap & spile at seven. || Is that pub on gas st off broad st by canal. || Ok?,not thought bout it drink tap spile seven that pub gas st off broad st by canal ok
ham,I am going to sleep. I am tired of travel.,i am going sleep i am tired travel
ham,"Haha, just what I was thinkin",haha just what i was thinkin
ham,Yup but it's not giving me problems now so mayb i'll jus leave it...,yup but it s not giving me problems now so mayb i ll jus leave it
ham,Lol no. Just trying to make your day a little more interesting,lol no just trying make your day little more interesting
ham,"How long before you get reply, just defer admission til next semester",how long before you get reply just defer admission til next semester
ham,"The word ""Checkmate"" in chess comes from the Persian phrase ""Shah Maat"" which means; ""the king is dead.."" Goodmorning.. Have a good day..:)",word checkmate chess comes from persian phrase shah maat which means king dead goodmorning have good day
ham,Po de :-):):-):-):-). No need job aha.,po de no need job aha
ham,Rats. Hey did u ever vote for the next themes?,rats hey did u ever vote next themes
spam,"New Mobiles from 2004, MUST GO! Txt: NOKIA to No: 89545 & collect yours today! From ONLY £1. www.4-tc.biz 2optout 087187262701.50gbp/mtmsg18 TXTAUCTION.",new mobiles from number must go txt nokia no number collect yours today from only number url optout number gbp mtmsg txtauction
ham,I hope your pee burns tonite.,i hope your pee burns tonite
ham,"OH RITE. WELL IM WITH MY BEST MATE PETE, WHO I WENT OUT WITH 4 A WEEK+ NOW WERE 2GEVA AGAIN. ITS BEEN LONGER THAN A WEEK.",oh rite well im my best mate pete who i went out number week now were geva again its been longer than week
ham,Yay can't wait to party together!,yay can t wait party together
ham,....photoshop makes my computer shut down.,photoshop makes my computer shut down
ham,All boys made fun of me today. Ok i have no problem. I just sent one message just for fun,all boys made fun me today ok i have no problem i just sent one message just fun
ham,That's one of the issues but california is okay. No snow so its manageable,that s one issues but california okay no snow so its manageable
spam,PRIVATE! Your 2003 Account Statement for shows 800 un-redeemed S. I. M. points. Call 08715203652 Identifier Code: 42810 Expires 29/10/0,private your number account statement shows number un redeemed s i m points call number identifier code number expires number number number
ham,"Hmmm.... Mayb can try e shoppin area one, but forgot e name of hotel...",hmmm mayb can try e shoppin area one but forgot e name hotel
ham,"Awesome, that gonna be soon or later tonight?",awesome that gonna be soon later tonight
ham,I need details about that online job.,i need details about that online job
spam,YOU HAVE WON! As a valued Vodafone customer our computer has picked YOU to win a £150 prize. To collect is easy. Just call 09061743386 ,you have won as valued vodafone customer our computer has picked you win number prize collect easy just call number
ham,Missing you too.pray inshah allah,missing you too pray inshah allah
ham,Pls help me tell Ashley that i cant find her number oh,pls help me tell ashley that i cant find her number oh
ham,I am in escape theatre now. . Going to watch KAVALAN in a few minutes,i am escape theatre now going watch kavalan few minutes
ham,S.this will increase the chance of winning.,s this will increase chance winning
ham,either way works for me. I am  &lt;#&gt;  years old. Hope that doesnt bother you.,either way works me i am lt gt years old hope that doesnt bother you
ham,Maybe you should find something else to do instead???,maybe you should find something else do instead
ham,Gain the rights of a wife.dont demand it.i am trying as husband too.Lets see,gain rights wife dont demand it i am trying as husband too lets see
ham,I liked your new house,i liked your new house
ham,I'm fine. Hope you are also,i m fine hope you also
ham,"Also north carolina and texas atm, you would just go to the gre site and pay for the test results to be sent.",also north carolina texas atm you would just go gre site pay test results be sent
ham,Same to u...,same u
ham,yes baby! I need to stretch open your pussy!,yes baby i need stretch open your pussy
ham,Thanks  and ! Or bomb and date as my phone wanted to say! ,thanks bomb date as my phone wanted say
ham,Ok...,ok
ham,"Hey, a guy I know is breathing down my neck to get him some bud, anyway you'd be able to get a half track to usf tonight?",hey guy i know breathing down my neck get him some bud anyway you d be able get half track usf tonight
ham,"Response is one of d powerful weapon 2 occupy a place in others 'HEART'... So, always give response 2 who cares 4 U""... Gud night..swt dreams..take care",response one d powerful weapon number occupy place others heart so always give response number who cares number u gud night swt dreams take care
ham,Nokia phone is lovly..,nokia phone lovly
spam,**FREE MESSAGE**Thanks for using the Auction Subscription Service. 18 . 150p/MSGRCVD 2 Skip an Auction txt OUT. 2 Unsubscribe txt STOP CustomerCare 08718726270,free message thanks using auction subscription service number p msgrcvd number skip auction txt out number unsubscribe txt stop customercare number
spam,Bored housewives! Chat n date now! 0871750.77.11! BT-national rate 10p/min only from landlines!,bored housewives chat n date now number number number bt national rate p min only from landlines
ham,Sorry da..today i wont come to play..i have driving clas..,sorry da today i wont come play i have driving clas
ham,I'm really sorry I lit your hair on fire,i m really sorry i lit your hair fire
ham,"Oh! Shit, I thought that was your trip! Loooooool ... That just makes SO much more sense now ... *grins* and the sofa reference was ... The ""sleep on a couch"" link you sent me ... Wasn't that how you went on your trip ? Oh ... And didn't your babe go with you for that celebration with your rents?",oh shit i thought that was your trip loooooool that just makes so much more sense now grins sofa reference was sleep couch link you sent me wasn t that how you went your trip oh didn t your babe go you that celebration your rents
ham,Okey dokey swashbuckling stuff what oh.,okey dokey swashbuckling stuff what oh
ham,"Watching cartoon, listening music &amp; at eve had to go temple &amp; church.. What about u?",watching cartoon listening music amp eve had go temple amp church what about u
ham,1. Tension face 2. Smiling face 3. Waste face 4. Innocent face 5.Terror face 6.Cruel face 7.Romantic face 8.Lovable face 9.decent face  &lt;#&gt; .joker face.,number tension face number smiling face number waste face number innocent face number terror face number cruel face number romantic face number lovable face number decent face lt gt joker face
ham,Dip's cell dead. So i m coming with him. U better respond else we shall come back.,dip s cell dead so i m coming him u better respond else we shall come back
ham,Well. You know what i mean. Texting,well you know what i mean texting
ham,Hi dis is yijue i would be happy to work wif ü all for gek1510...,hi dis yijue i would be happy work wif all gek
ham,Lol! Oops sorry! Have fun. ,lol oops sorry have fun
ham,Wat happened to the cruise thing,wat happened cruise thing
ham,"I know dat feelin had it with Pete! Wuld get with em , nuther place nuther time mayb?",i know dat feelin had it pete wuld get em nuther place nuther time mayb
spam,lyricalladie(21/F) is inviting you to be her friend. Reply YES-910 or NO-910. See her: www.SMS.ac/u/hmmross STOP? Send STOP FRND to 62468,lyricalladie number f inviting you be her friend reply yes number no number see her url stop send stop frnd number
ham,The world's most happiest frnds never have the same characters... Dey just have the best understanding of their differences...,world s most happiest frnds never have same characters dey just have best understanding their differences
spam,No 1 POLYPHONIC tone 4 ur mob every week! Just txt PT2 to 87575. 1st Tone FREE ! so get txtin now and tell ur friends. 150p/tone. 16 reply HL 4info,no number polyphonic tone number ur mob every week just txt pt number st tone free so get txtin now tell ur friends p tone number reply hl info
ham,Yeah just open chat and click friend lists. Then make the list. Easy as pie,yeah just open chat click friend lists then make list easy as pie
ham,alright tyler's got a minor crisis and has to be home sooner than he thought so be here asap,alright tyler s got minor crisis has be home sooner than he thought so be here asap
ham,When/where do I pick you up,when where do i pick you up
ham,As usual u can call me ard 10 smth.,as usual u can call me ard number smth
ham,"New Theory: Argument wins d SITUATION, but loses the PERSON. So dont argue with ur friends just.. . . . kick them &amp; say, I'm always correct.!",new theory argument wins d situation but loses person so dont argue ur friends just kick them amp say i m always correct
ham,For many things its an antibiotic and it can be used for chest abdomen and gynae infections even bone infections.,many things its antibiotic it can be used chest abdomen gynae infections even bone infections
ham,Poor girl can't go one day lmao,poor girl can t go one day lmao
ham,Or just do that 6times,just do that times
spam,Todays Vodafone numbers ending with 4882 are selected to a receive a £350 award. If your number matches call 09064019014 to receive your £350 award.,todays vodafone numbers ending number selected receive number award if your number matches call number receive your number award
ham,You have to pls make a note of all she.s exposed to. Also find out from her school if anyone else was vomiting. Is there a dog or cat in the house? Let me know later.,you have pls make note all she s exposed also find out from her school if anyone else was vomiting there dog cat house let me know later
ham,"Japanese Proverb: If one Can do it, U too Can do it, If none Can do it,U must do it Indian version: If one Can do it, LET HIM DO it.. If none Can do it,LEAVE it!! And finally Kerala version: If one can do it, Stop him doing it.. If none can do it, Make a strike against it ...",japanese proverb if one can do it u too can do it if none can do it u must do it indian version if one can do it let him do it if none can do it leave it finally kerala version if one can do it stop him doing it if none can do it make strike against it
ham,Sounds like there could be a lot of time spent in that chastity device boy ... *grins* ... Or take your beatings like a good dog. Going to lounge in a nice long bath now ?,sounds like there could be lot time spent that chastity device boy grins take your beatings like good dog going lounge nice long bath now
ham,Its worse if if uses half way then stops. Its better for him to complete it.,its worse if if uses half way then stops its better him complete it
ham,Miserable. They don't tell u that the side effects of birth control are massive gut wrenching cramps for the first 2 months. I didn't sleep at all last night.,miserable they don t tell u that side effects birth control massive gut wrenching cramps first number months i didn t sleep all last night
ham,Send me the new number,send me new number
ham,Convey my regards to him,convey my regards him
spam,Want the latest Video handset? 750 anytime any network mins? Half price line rental? Reply or call 08000930705 for delivery tomorrow,want latest video handset number anytime any network mins half price line rental reply call number delivery tomorrow
ham,2 and half years i missed your friendship:-),number half years i missed your friendship
ham,I cant pick the phone right now. Pls send a message,i cant pick phone right now pls send message
ham,Oh for fuck's sake she's in like tallahassee,oh fuck s sake she s like tallahassee
ham,"Haha, that was the first person I was gonna ask",haha that was first person i was gonna ask
spam,"ou are guaranteed the latest Nokia Phone, a 40GB iPod MP3 player or a £500 prize! Txt word: COLLECT to No: 83355! IBHltd LdnW15H 150p/Mtmsgrcvd18",ou guaranteed latest nokia phone gb ipod mp player number prize txt word collect no number ibhltd ldnw h p mtmsgrcvd
ham,Taka lor. Wat time u wan 2 come n look 4 us?,taka lor wat time u wan number come n look number us
spam,* FREE* POLYPHONIC RINGTONE Text SUPER to 87131 to get your FREE POLY TONE of the week now! 16 SN PoBox202 NR31 7ZS subscription 450pw,free polyphonic ringtone text super number get your free poly tone week now number sn pobox nr zs subscription pw
ham,I;m reaching in another 2 stops.,i m reaching another number stops
ham,"no, i *didn't* mean to post it. I wrote it, and like so many other times i've ritten stuff to you, i let it sit there. it WAS what i was feeling at the time. I was angry. Before i left, i hit send, then stop. It wasn't there. I checked on my phone when i got to my car. It wasn't there. You said you didn't sleep, you were bored. So why wouldn't THAT be the time to clean, fold laundry, etc.? At least make the bed?",no i didn t mean post it i wrote it like so many other times i ve ritten stuff you i let it sit there it was what i was feeling time i was angry before i left i hit send then stop it wasn t there i checked my phone when i got my car it wasn t there you said you didn t sleep you were bored so why wouldn t that be time clean fold laundry etc least make bed
spam,Warner Village 83118 C Colin Farrell in SWAT this wkend @Warner Village & get 1 free med. Popcorn!Just show msg+ticket@kiosk.Valid 4-7/12. C t&c @kiosk. Reply SONY 4 mre film offers,warner village number c colin farrell swat this wkend warner village get number free med popcorn just show msg ticket kiosk valid number number number c t c kiosk reply sony number mre film offers
ham,Will you come online today night,will you come online today night
ham,Then anything special?,then anything special
ham,"I'm in solihull, | do you want anything?",i m solihull do you want anything
ham,Will do. Have a good day,will do have good day
ham,WE REGRET TO INFORM U THAT THE NHS HAS MADE A MISTAKE.U WERE NEVER ACTUALLY BORN.PLEASE REPORT 2 YOR LOCAL HOSPITAL 2B TERMINATED.WE R SORRY 4 THE INCONVENIENCE,we regret inform u that nhs has made mistake u were never actually born please report number yor local hospital b terminated we r sorry number inconvenience
ham,Love that holiday Monday feeling even if I have to go to the dentists in an hour,love that holiday monday feeling even if i have go dentists hour
ham,I am on the way to tirupur.,i am way tirupur
spam,"Goal! Arsenal 4 (Henry, 7 v Liverpool 2 Henry scores with a simple shot from 6 yards from a pass by Bergkamp to give Arsenal a 2 goal margin after 78 mins.",goal arsenal number henry number v liverpool number henry scores simple shot from number yards from pass by bergkamp give arsenal number goal margin after number mins
ham,You've already got a flaky parent. It'snot supposed to be the child's job to support the parent...not until they're The Ride age anyway. I'm supposed to be there to support you. And now i've hurt you. unintentional. But hurt nonetheless.,you ve already got flaky parent it snot supposed be child s job support parent not until they re ride age anyway i m supposed be there support you now i ve hurt you unintentional but hurt nonetheless
ham,We took hooch for a walk toaday and i fell over! Splat! Grazed my knees and everything! Should have stayed at home! See you tomorrow! ,we took hooch walk toaday i fell over splat grazed my knees everything should have stayed home see you tomorrow
ham,"Just dropped em off, omw back now",just dropped em off omw back now
spam,"This is the 2nd time we have tried 2 contact u. U have won the 750 Pound prize. 2 claim is easy, call 08712101358 NOW! Only 10p per min. BT-national-rate",this nd time we have tried number contact u u have won number pound prize number claim easy call number now only p per min bt national rate
ham,Sitting in mu waiting for everyone to get out of my suite so I can take a shower,sitting mu waiting everyone get out my suite so i can take shower
ham,Re your call; You didn't see my facebook huh?,re your call you didn t see my facebook huh
ham,"G says you never answer your texts, confirm/deny",g says you never answer your texts confirm deny
ham,"Its so common hearin How r u? Wat r u doing? How was ur day? So let me ask u something different. Did u smile today? If not, do it now.... Gud evng.",its so common hearin how r u wat r u doing how was ur day so let me ask u something different did u smile today if not do it now gud evng
ham,Hi Dear Call me its urgnt. I don't know whats your problem. You don't want to work or if you have any other problem at least tell me. Wating for your reply.,hi dear call me its urgnt i don t know whats your problem you don t want work if you have any other problem least tell me wating your reply
ham,Oh yah... We never cancel leh... Haha ,oh yah we never cancel leh haha
ham,We can go 4 e normal pilates after our intro...  ,we can go number e normal pilates after our intro
ham,Ok... Let u noe when i leave my house.,ok let u noe when i leave my house
ham,"Oh yes, why is it like torture watching england?",oh yes why it like torture watching england
ham,Wanna do some art?! :D,wanna do some art d
ham,Just hopeing that wasn‘t too pissed up to remember and has gone off to his sisters or something!,just hopeing that wasn t too pissed up remember has gone off his sisters something
spam,"Got what it takes 2 take part in the WRC Rally in Oz? U can with Lucozade Energy! Text RALLY LE to 61200 (25p), see packs or lucozade.co.uk/wrc & itcould be u!",got what it takes number take part wrc rally oz u can lucozade energy text rally le number p see packs lucozade co uk wrc itcould be u
spam,"Hi, the SEXYCHAT girls are waiting for you to text them. Text now for a great night chatting. send STOP to stop this service",hi sexychat girls waiting you text them text now great night chatting send stop stop this service
ham,"Good morning, my boytoy! How's those yummy lips ? Where's my sexy buns now ? What do you do ? Do you think of me ? Do you crave me ? Do you need me ?",good morning my boytoy how s those yummy lips where s my sexy buns now what do you do do you think me do you crave me do you need me
ham,Match started.india  &lt;#&gt;  for 2,match started india lt gt number
ham,Once free call me sir.,once free call me sir
ham,Hey do you want anything to buy:),hey do you want anything buy
ham,"Hey babe, how's it going ? Did you ever figure out where your going for New Years ?",hey babe how s it going did you ever figure out where your going new years
ham,K..k.:)congratulation ..,k k congratulation
ham,G wants to know where the fuck you are,g wants know where fuck you
ham,No it was cancelled yeah baby! Well that sounds important so i understand my darlin give me a ring later on this fone love Kate x,no it was cancelled yeah baby well that sounds important so i understand my darlin give me ring later this fone love kate x
ham,Tomarrow i want to got to court. At  &lt;DECIMAL&gt; . So you come to bus stand at 9.,tomarrow i want got court lt decimal gt so you come bus stand number
ham,Ü go home liao? Ask dad to pick me up at 6...,go home liao ask dad pick me up number
ham,Omg you can make a wedding chapel in frontierville? Why do they get all the good stuff?,omg you can make wedding chapel frontierville why do they get all good stuff
ham,"I'm eatin now lor, but goin back to work soon... E mountain deer show huh... I watch b4 liao, very nice...",i m eatin now lor but goin back work soon e mountain deer show huh i watch b liao very nice
ham,Check mail.i have mailed varma and kept copy to you regarding membership.take care.insha allah.,check mail i have mailed varma kept copy you regarding membership take care insha allah
ham,Wrong phone! This phone! I answer this one but assume the other is people i don't well,wrong phone this phone i answer this one but assume other people i don t well
ham,"Anyway I don't think I can secure anything up here, lemme know if you want me to drive down south and chill",anyway i don t think i can secure anything up here lemme know if you want me drive down south chill
ham,I'm already back home so no probably not,i m already back home so no probably not
spam,Great News! Call FREEFONE 08006344447 to claim your guaranteed £1000 CASH or £2000 gift. Speak to a live operator NOW!,great news call freefone number claim your guaranteed number cash number gift speak live operator now
spam,"Hi this is Amy, we will be sending you a free phone number in a couple of days, which will give you an access to all the adult parties...",hi this amy we will be sending you free phone number couple days which will give you access all adult parties
ham,I am in bus on the way to calicut,i am bus way calicut
ham,Hi its me you are probably having too much fun to get this message but i thought id txt u cos im bored! and james has been farting at me all night,hi its me you probably having too much fun get this message but i thought id txt u cos im bored james has been farting me all night
ham,hi baby im sat on the bloody bus at the mo and i wont be home until about 7:30 wanna do somethin later? call me later ortxt back jess xx,hi baby im sat bloody bus mo i wont be home until about number number wanna do somethin later call me later ortxt back jess xx
spam,"Welcome to Select, an O2 service with added benefits. You can now call our specially trained advisors FREE from your mobile by dialling 402.",welcome select o service added benefits you can now call our specially trained advisors free from your mobile by dialling number
ham,I lost 4 pounds since my doc visit last week woot woot! Now I'm gonna celebrate by stuffing my face!,i lost number pounds since my doc visit last week woot woot now i m gonna celebrate by stuffing my face
ham,U coming back 4 dinner rite? Dad ask me so i re confirm wif u...,u coming back number dinner rite dad ask me so i re confirm wif u
ham,Doing my masters. When will you buy a bb cos i have for sale and how's bf,doing my masters when will you buy bb cos i have sale how s bf
ham,"Ahhhh...just woken up!had a bad dream about u tho,so i dont like u right now :) i didnt know anything about comedy night but i guess im up for it.",ahhhh just woken up had bad dream about u tho so i dont like u right now i didnt know anything about comedy night but i guess im up it
ham,I'm vivek:)i got call from your number.,i m vivek i got call from your number
ham,Why didn't u call on your lunch?,why didn t u call your lunch
ham,"What i mean was i left too early to check, cos i'm working a 9-6.",what i mean was i left too early check cos i m working number number
ham,I want  &lt;#&gt;  rs da:)do you have it?,i want lt gt rs da do you have it
ham,"A bit of Ur smile is my hppnss, a drop of Ur tear is my sorrow, a part of Ur heart is my life, a heart like mine wil care for U, forevr as my GOODFRIEND",bit ur smile my hppnss drop ur tear my sorrow part ur heart my life heart like mine wil care u forevr as my goodfriend
ham,Yup ok...,yup ok
ham,I want to see your pretty pussy...,i want see your pretty pussy
spam,Dear Voucher holder Have your next meal on us. Use the following link on your pc 2 enjoy a 2 4 1 dining experiencehttp://www.vouch4me.com/etlp/dining.asp,dear voucher holder have your next meal us use following link your pc number enjoy number number number dining experience url
ham,"A few people are at the game, I'm at the mall with iouri and kaila",few people game i m mall iouri kaila
spam,URGENT! We are trying to contact U. Todays draw shows that you have won a £2000 prize GUARANTEED. Call 09058094507 from land line. Claim 3030. Valid 12hrs only,urgent we trying contact u todays draw shows that you have won number prize guaranteed call number from land line claim number valid hrs only
spam,You can donate £2.50 to UNICEF's Asian Tsunami disaster support fund by texting DONATE to 864233. £2.50 will be added to your next bill,you can donate number number unicef s asian tsunami disaster support fund by texting donate number number number will be added your next bill
ham,Future is not what we planned for tomorrow.....! it is the result of what we do today...! Do the best in present... enjoy the future.,future not what we planned tomorrow it result what we do today do best present enjoy future
ham,I will cme i want to go to hos 2morow. After that i wil cme. This what i got from her dear what to do. She didnt say any time,i will cme i want go hos morow after that i wil cme this what i got from her dear what do she didnt say any time
ham,We are supposed to meet to discuss abt our trip... Thought xuhui told you? In the afternoon. Thought we can go for lesson after that,we supposed meet discuss abt our trip thought xuhui told you afternoon thought we can go lesson after that
ham,Hey come online! Use msn... We are all there,hey come online use msn we all there
ham,I'm fine. Hope you are good. Do take care.,i m fine hope you good do take care
ham,Oops I was in the shower when u called. Hey a parking garage collapsed at university hospital. See I'm not crazy. Stuff like that DOES happen.,oops i was shower when u called hey parking garage collapsed university hospital see i m not crazy stuff like that does happen
ham,Aiyo u so poor thing... Then u dun wan 2 eat? U bathe already?,aiyo u so poor thing then u dun wan number eat u bathe already
ham,Yar... I tot u knew dis would happen long ago already.,yar i tot u knew dis would happen long ago already
ham,You are gorgeous! keep those pix cumming :) thank you!,you gorgeous keep those pix cumming thank you
ham,"A boy was late 2 home. His father: ""POWER OF FRNDSHIP""",boy was late number home his father power frndship
ham,JADE ITS PAUL. Y DIDNT U TXT ME? DO U REMEMBER ME FROM BARMED? I WANT 2 TALK 2 U! TXT ME,jade its paul y didn t u txt me do u remember me from barmed i want number talk number u txt me
ham,Spending new years with my brother and his family. Lets plan to meet next week. Are you ready to be spoiled? :),spending new years my brother his family lets plan meet next week you ready be spoiled
ham,So what u doing today?,so what u doing today
ham,I said its okay. Sorry,i said its okay sorry
ham,Slept? I thinkThis time ( &lt;#&gt;  pm) is not dangerous,slept i thinkthis time lt gt pm not dangerous
ham,Networking job is there.,networking job there
spam,goldviking (29/M) is inviting you to be his friend. Reply YES-762 or NO-762 See him: www.SMS.ac/u/goldviking STOP? Send STOP FRND to 62468,goldviking number m inviting you be his friend reply yes number no number see him url stop send stop frnd number
ham,Dont let studying stress you out. L8r.,dont let studying stress you out l r
ham,That's y u haf 2 keep me busy...,that s y u haf number keep me busy
ham,No rushing. I'm not working. I'm in school so if we rush we go hungry.,no rushing i m not working i m school so if we rush we go hungry
ham,Which channel:-):-):):-).,which channel
ham,So your telling me I coulda been your real Valentine and I wasn't? U never pick me for NOTHING!!,so your telling me i coulda been your real valentine i wasn t u never pick me nothing
spam,Phony £350 award - Todays Voda numbers ending XXXX are selected to receive a £350 award. If you have a match please call 08712300220 quoting claim code 3100 standard rates app,phony number award todays voda numbers ending xxxx selected receive number award if you have match please call number quoting claim code number standard rates app
ham,"We made it! Eta at taunton is 12:30 as planned, hope that‘s still okday?! Good to see you! :-xx",we made it eta taunton number number as planned hope that s still okday good see you xx
ham,I'm hungry buy smth home...,i m hungry buy smth home
ham,"HEY KATE, HOPE UR OK... WILL GIVE U A BUZ WEDLUNCH. GO OUTSOMEWHERE 4 ADRINK IN TOWN..CUD GO 2WATERSHD 4 A BIT? PPL FROMWRK WILL BTHERE. LOVE PETEXXX.",hey kate hope ur ok will give u buz wedlunch go outsomewhere number adrink town cud go watershd number bit ppl fromwrk will bthere love petexxx
ham,My drive can only be read. I need to write,my drive can only be read i need write
ham,"Just looked it up and addie goes back Monday, sucks to be her",just looked it up addie goes back monday sucks be her
ham,Happy new year. Hope you are having a good semester,happy new year hope you having good semester
ham,Esplanade lor. Where else...,esplanade lor where else
ham,Can you talk with me..,can you talk me
ham,"Hmph. Go head, big baller.",hmph go head big baller
ham,Well its not like you actually called someone a punto. That woulda been worse.,well its not like you actually called someone punto that woulda been worse
ham,"Nope. Since ayo travelled, he has forgotten his guy",nope since ayo travelled he has forgotten his guy
ham,You still around? Looking to pick up later,you still around looking pick up later
spam,CDs 4u: Congratulations ur awarded £500 of CD gift vouchers or £125 gift guaranteed & Freeentry 2 £100 wkly draw xt MUSIC to 87066 TnCs www.ldew.com1win150ppmx3age16 ,cds u congratulations ur awarded number cd gift vouchers number gift guaranteed freeentry number number wkly draw xt music number tncs url
ham,There's someone here that has a year  &lt;#&gt;  toyota camry like mr olayiwola's own. Mileage is  &lt;#&gt; k.its clean but i need to know how much will it sell for. If i can raise the dough for it how soon after landing will it sell. Holla back.,there s someone here that has year lt gt toyota camry like mr olayiwola s own mileage lt gt k its clean but i need know how much will it sell if i can raise dough it how soon after landing will it sell holla back
ham,Guess which pub im in? Im as happy as a pig in clover or whatever the saying is! ,guess which pub im im as happy as pig clover whatever saying
ham,ILL B DOWN SOON,ill b down soon
ham,Oh k. . I will come tomorrow,oh k i will come tomorrow
ham,Go fool dont cheat others ok,go fool dont cheat others ok
ham,"My mobile number.pls sms ur mail id.convey regards to achan,amma.Rakhesh.Qatar",my mobile number pls sms ur mail id convey regards achan amma rakhesh qatar
ham,"By the way, 'rencontre' is to meet again. Mountains dont....",by way rencontre meet again mountains dont
spam,You have WON a guaranteed £1000 cash or a £2000 prize. To claim yr prize call our customer service representative on 08714712412 between 10am-7pm Cost 10p,you have won guaranteed number cash number prize claim yr prize call our customer service representative number between am pm cost p
ham,U attend ur driving lesson how many times a wk n which day?,u attend ur driving lesson how many times wk n which day
ham,"Uncle G, just checking up on you. Do have a rewarding month",uncle g just checking up you do have rewarding month
ham,Hello boytoy ! Geeee ... I'm missing you today. I like to send you a tm and remind you I'm thinking of you ... And you are loved ... *loving kiss*,hello boytoy geeee i m missing you today i like send you tm remind you i m thinking you you loved loving kiss
ham,I think the other two still need to get cash but we can def be ready by 9,i think other two still need get cash but we can def be ready by number
ham,Hey gals...U all wanna meet 4 dinner at nìte? ,hey gals u all wanna meet number dinner n te
spam,Dear 0776xxxxxxx U've been invited to XCHAT. This is our final attempt to contact u! Txt CHAT to 86688 150p/MsgrcvdHG/Suite342/2Lands/Row/W1J6HL LDN 18yrs,dear xxxxxxx u ve been invited xchat this our final attempt contact u txt chat number p msgrcvdhg suite lands row w j hl ldn yrs
ham,Babe ! What are you doing ? Where are you ? Who are you talking to ? Do you think of me ? Are you being a good boy? Are you missing me? Do you love me ?,babe what you doing where you who you talking do you think me you being good boy you missing me do you love me
ham,Great! How is the office today?,great how office today
ham,"It's cool, we can last a little while. Getting more any time soon?",it s cool we can last little while getting more any time soon
ham,:-( sad puppy noise,sad puppy noise
ham,Yes its possible but dint try. Pls dont tell to any one k,yes its possible but dint try pls dont tell any one k
ham,Anyway holla at me whenever you're around because I need an excuse to go creep on people in sarasota,anyway holla me whenever you re around because i need excuse go creep people sarasota
ham,Where you. What happen,where you what happen
ham,I was gonna ask you lol but i think its at 7,i was gonna ask you lol but i think its number
spam,Ur cash-balance is currently 500 pounds - to maximize ur cash-in now send GO to 86688 only 150p/meg. CC: 08718720201 HG/Suite342/2lands Row/W1j6HL,ur cash balance currently number pounds maximize ur cash now send go number only p meg cc number hg suite lands row w j hl
spam,PRIVATE! Your 2003 Account Statement for shows 800 un-redeemed S.I.M. points. Call 08715203685 Identifier Code:4xx26 Expires 13/10/04,private your number account statement shows number un redeemed s i m points call number identifier code xx expires number number number
ham,Go chase after her and run her over while she's crossing the street,go chase after her run her over while she s crossing street
spam,I'd like to tell you my deepest darkest fantasies. Call me 09094646631 just 60p/min. To stop texts call 08712460324 (nat rate),i d like tell you my deepest darkest fantasies call me number just p min stop texts call number nat rate
ham,Is there coming friday is leave for pongal?do you get any news from your work place.,there coming friday leave pongal do you get any news from your work place
ham,Hey... Very inconvenient for your sis a not huh?,hey very inconvenient your sis not huh
ham,Ok i vl..do u know i got adsense approved..,ok i vl do u know i got adsense approved
ham,"* Was really good to see you the other day dudette, been missing you!",was really good see you other day dudette been missing you
ham,I want to go to perumbavoor,i want go perumbavoor
ham,How many times i told in the stage all use to laugh. You not listen aha.,how many times i told stage all use laugh you not listen aha
spam,You won't believe it but it's true. It's Incredible Txts! Reply G now to learn truly amazing things that will blow your mind. From O2FWD only 18p/txt,you won t believe it but it s true it s incredible txts reply g now learn truly amazing things that will blow your mind from o fwd only p txt
ham,(You didn't hear it from me),you didn t hear it from me
ham,Thanks for being there for me just to talk to on saturday. You are very dear to me. I cherish having you as a brother and role model.,thanks being there me just talk saturday you very dear me i cherish having you as brother role model
ham,Pls clarify back if an open return ticket that i have can be preponed for me to go back to kerala.,pls clarify back if open return ticket that i have can be preponed me go back kerala
spam,Natalie (20/F) is inviting you to be her friend. Reply YES-165 or NO-165 See her: www.SMS.ac/u/natalie2k9 STOP? Send STOP FRND to 62468,natalie number f inviting you be her friend reply yes number no number see her url stop send stop frnd number
ham,She ran off with a younger man. we will make pretty babies together :),she ran off younger man we will make pretty babies together
spam,Jamster! To get your free wallpaper text HEART to 88888 now! T&C apply. 16 only. Need Help? Call 08701213186.,jamster get your free wallpaper text heart number now t c apply number only need help call number
ham,O ic lol. Should play 9 doors sometime yo,o ic lol should play number doors sometime yo
ham,"Dunno, my dad said he coming home 2 bring us out 4 lunch. Yup i go w u lor. I call u when i reach school lor...",dunno my dad said he coming home number bring us out number lunch yup i go w u lor i call u when i reach school lor
ham,"We have sent JD for Customer Service cum Accounts Executive to ur mail id, For details contact us",we have sent jd customer service cum accounts executive ur mail id details contact us
ham,Desires- u going to doctor 4 liver. And get a bit stylish. Get ur hair managed. Thats it.,desires u going doctor number liver get bit stylish get ur hair managed thats it
ham,Hmmm.still we dont have opener?,hmmm still we dont have opener
ham,Yeah so basically any time next week you can get away from your mom &amp; get up before 3,yeah so basically any time next week you can get away from your mom amp get up before number
ham,"Edison has rightly said, ""A fool can ask more questions than a wise man can answer"" Now you know why all of us are speechless during ViVa.. GM,GN,GE,GNT:-)",edison has rightly said fool can ask more questions than wise man can answer now you know why all us speechless during viva gm gn ge gnt
ham,I will vote for wherever my heart guides me,i will vote wherever my heart guides me
ham,With my sis lor... We juz watched italian job.,my sis lor we juz watched italian job
ham,"Tick, tick, tick .... Where are you ? I could die of loneliness you know ! *pouts* *stomps feet* I need you ...",tick tick tick where you i could die loneliness you know pouts stomps feet i need you
ham,Lmao you know me so well...,lmao you know me so well
spam,Double Mins & Double Txt & 1/2 price Linerental on Latest Orange Bluetooth mobiles. Call MobileUpd8 for the very latest offers. 08000839402 or call2optout/LF56,double mins double txt number number price linerental latest orange bluetooth mobiles call mobileupd very latest offers number call optout lf
ham,Am on a train back from northampton so i'm afraid not! I'm staying skyving off today ho ho! Will be around wednesday though. Do you fancy the comedy club this week by the way?,am train back from northampton so i m afraid not i m staying skyving off today ho ho will be around wednesday though do you fancy comedy club this week by way
ham,Goodnight da thangam I really miss u dear.,goodnight da thangam i really miss u dear
ham,Hey next sun 1030 there's a basic yoga course... at bugis... We can go for that... Pilates intro next sat.... Tell me what time you r free,hey next sun number there s basic yoga course bugis we can go that pilates intro next sat tell me what time you r free
ham,"Geeeee ... Your internet is really bad today, eh ?",geeeee your internet really bad today eh
spam,Free video camera phones with Half Price line rental for 12 mths and 500 cross ntwk mins 100 txts. Call MobileUpd8 08001950382 or Call2OptOut/674,free video camera phones half price line rental number mths number cross ntwk mins number txts call mobileupd number call optout number
ham,I think i am disturbing her da,i think i am disturbing her da
ham,"Sorry, I'll call you  later. I am in meeting sir.",sorry i ll call you later i am meeting sir
ham,Havent stuck at orchard in my dad's car. Going 4 dinner now. U leh? So r they free tonight?,havent stuck orchard my dad s car going number dinner now u leh so r they free tonight
ham,Ok i also wan 2 watch e 9 pm show...,ok i also wan number watch e number pm show
ham,I dunno lei... Like dun haf...,i dunno lei like dun haf
ham,But your brother transfered only  &lt;#&gt;  +  &lt;#&gt; . Pa.,but your brother transfered only lt gt lt gt pa
ham,I calls you later. Afternoon onwords mtnl service get problem in south mumbai. I can hear you but you cann't listen me.,i calls you later afternoon onwords mtnl service get problem south mumbai i can hear you but you cann t listen me
spam,83039 62735=£450 UK Break AccommodationVouchers terms & conditions apply. 2 claim you mustprovide your claim number which is 15541 ,number number number uk break accommodationvouchers terms conditions apply number claim you mustprovide your claim number which number
ham,Talk to g and x about that,talk g x about that
ham,Hai dear friends... This is my new &amp; present number..:) By Rajitha Raj (Ranju),hai dear friends this my new amp present number by rajitha raj ranju
spam,5p 4 alfie Moon's Children in need song on ur mob. Tell ur m8s. Txt Tone charity to 8007 for Nokias or Poly charity for polys: zed 08701417012 profit 2 charity.,p number alfie moon s children need song ur mob tell ur m s txt tone charity number nokias poly charity polys zed number profit number charity
ham,As in different styles?,as different styles
spam,WIN a £200 Shopping spree every WEEK Starting NOW. 2 play text STORE to 88039. SkilGme. TsCs08714740323 1Winawk! age16 £1.50perweeksub.,win number shopping spree every week starting now number play text store number skilgme tscs winawk age number perweeksub
ham,Gud ni8 dear..slp well..take care..swt dreams..Muah..,gud ni dear slp well take care swt dreams muah
ham,I want to sent  &lt;#&gt; mesages today. Thats y. Sorry if i hurts,i want sent lt gt mesages today thats y sorry if i hurts
spam,"This is the 2nd attempt to contract U, you have won this weeks top prize of either £1000 cash or £200 prize. Just call 09066361921",this nd attempt contract u you have won this weeks top prize either number cash number prize just call number
ham,"Well, i'm glad you didn't find it totally disagreeable ... Lol",well i m glad you didn t find it totally disagreeable lol
ham,"Guy, no flash me now. If you go call me, call me. How madam. Take care oh.",guy no flash me now if you go call me call me how madam take care oh
spam,Do you want a New Nokia 3510i colour phone DeliveredTomorrow? With 300 free minutes to any mobile + 100 free texts + Free Camcorder reply or call 08000930705.,do you want new nokia i colour phone deliveredtomorrow number free minutes any mobile number free texts free camcorder reply call number
ham,Mark works tomorrow. He gets out at 5. His work is by your house so he can meet u afterwards.,mark works tomorrow he gets out number his work by your house so he can meet u afterwards
ham,"Keep ur problems in ur heart, b'coz nobody will fight for u. Only u &amp; u have to fight for ur self &amp; win the battle. -VIVEKANAND- G 9t.. SD..
ham	Yeah, give me a call if you've got a minute
ham	HI BABE UAWAKE?FEELLIKW SHIT.JUSTFOUND OUT VIA ALETTER THATMUM GOTMARRIED 4thNOV.BEHIND OURBACKS  FUCKINNICE!SELFISH,DEVIOUSBITCH.ANYWAY,IL CALL U""",keep ur problems ur heart b coz nobody will fight u only u amp u have fight ur self amp win battle vivekanand g t sd ham yeah give me call if you ve got minute ham hi babe uawake feellikw shit justfound out via aletter thatmum gotmarried thnov behind ourbacks fuckinnice selfish deviousbitch anyway i l call u
ham,Amazing : If you rearrange these letters it gives the same meaning... Dormitory = Dirty room Astronomer = Moon starer The eyes = They see Election results = Lies lets recount Mother-in-law = Woman Hitler Eleven plus two =Twelve plus one Its Amazing... !:-),amazing if you rearrange these letters it gives same meaning dormitory dirty room astronomer moon starer eyes they see election results lies lets recount mother law woman hitler eleven plus two twelve plus one its amazing
ham,Aiya we discuss later lar... Pick ü up at 4 is it?,aiya we discuss later lar pick up number it
ham,Hey happy birthday...,hey happy birthday
ham,Sorry i missed your call. Can you please call back.,sorry i missed your call can you please call back
ham,Omg if its not one thing its another. My cat has worms :/ when does this bad day end?,omg if its not one thing its another my cat has worms when does this bad day end
ham,"Good morning, im suffering from fever and dysentry ..will not be able to come to office today.",good morning im suffering from fever dysentry will not be able come office today
ham,I wont do anything de.,i wont do anything de
ham,What type of stuff do you sing?,what type stuff do you sing
ham,"St andre, virgil's cream",st andre virgil s cream
ham,No no. I will check all rooms befor activities,no no i will check all rooms befor activities
ham,"My fri ah... Okie lor,goin 4 my drivin den go shoppin after tt...",my fri ah okie lor goin number my drivin den go shoppin after tt
ham,Gokila is talking with you aha:),gokila talking you aha
ham,"Hi Shanil,Rakhesh here.thanks,i have exchanged the uncut diamond stuff.leaving back. Excellent service by Dino and Prem.",hi shanil rakhesh here thanks i have exchanged uncut diamond stuff leaving back excellent service by dino prem
ham,K.k.this month kotees birthday know?,k k this month kotees birthday know
ham,But i'm really really broke oh. No amount is too small even  &lt;#&gt; ,but i m really really broke oh no amount too small even lt gt
ham,Sorry about that this is my mates phone and i didnt write it love Kate,sorry about that this my mates phone i didnt write it love kate
spam,"TheMob>Hit the link to get a premium Pink Panther game, the new no. 1 from Sugababes, a crazy Zebra animation or a badass Hoody wallpaper-all 4 FREE!",themob hit link get premium pink panther game new no number from sugababes crazy zebra animation badass hoody wallpaper all number free
ham,"Ah, well that confuses things, doesnt it? I thought was friends with now. Maybe i did the wrong thing but i already sort of invited -tho he may not come cos of money.",ah well that confuses things doesnt it i thought was friends now maybe i did wrong thing but i already sort invited tho he may not come cos money
ham,"Aight, call me once you're close",aight call me once you re close
ham,Nope thats fine. I might have a nap tho! ,nope thats fine i might have nap tho
spam,This msg is for your mobile content order It has been resent as previous attempt failed due to network error Queries to customersqueries@netvision.uk.com,this msg your mobile content order it has been resent as previous attempt failed due network error queries customersqueries netvision uk com
ham,In other news after hassling me to get him weed for a week andres has no money. HAUGHAIGHGTUJHYGUJ,other news after hassling me get him weed week andres has no money haughaighgtujhyguj
ham,"A Boy loved a gal. He propsd bt she didnt mind. He gv lv lttrs, Bt her frnds threw thm. Again d boy decided 2 aproach d gal , dt time a truck was speeding towards d gal. Wn it was about 2 hit d girl,d boy ran like hell n saved her. She asked 'hw cn u run so fast?' D boy replied ""Boost is d secret of my energy"" n instantly d girl shouted ""our energy"" n Thy lived happily 2gthr drinking boost evrydy Moral of d story:- I hv free msgs:D;): gud ni8",boy loved gal he propsd bt she didnt mind he gv lv lttrs bt her frnds threw thm again d boy decided number aproach d gal dt time truck was speeding towards d gal wn it was about number hit d girl d boy ran like hell n saved her she asked hw cn u run so fast d boy replied boost d secret my energy n instantly d girl shouted our energy n thy lived happily gthr drinking boost evrydy moral d story i hv free msgs d gud ni
ham,I wnt to buy a BMW car urgently..its vry urgent.but hv a shortage of  &lt;#&gt; Lacs.there is no source to arng dis amt. &lt;#&gt; lacs..thats my prob,i wnt buy bmw car urgently its vry urgent but hv shortage lt gt lacs there no source arng dis amt lt gt lacs thats my prob
ham,Ding me on ya break fassyole! Blacko from londn,ding me ya break fassyole blacko from londn
ham,I REALLY NEED 2 KISS U I MISS U MY BABY FROM UR BABY 4EVA,i really need number kiss u i miss u my baby from ur baby eva
ham,"The sign of maturity is not when we start saying big things.. But actually it is, when we start understanding small things... *HAVE A NICE EVENING* BSLVYL",sign maturity not when we start saying big things but actually it when we start understanding small things have nice evening bslvyl
ham,Oh you got many responsibilities.,oh you got many responsibilities
spam,You have 1 new message. Please call 08715205273,you have number new message please call number
ham,I've reached sch already...,i ve reached sch already
spam,December only! Had your mobile 11mths+? You are entitled to update to the latest colour camera mobile for Free! Call The Mobile Update VCo FREE on 08002986906 ,december only had your mobile mths you entitled update latest colour camera mobile free call mobile update vco free number
ham,U definitely need a module from e humanities dis sem izzit? U wan 2 take other modules 1st?,u definitely need module from e humanities dis sem izzit u wan number take other modules st
ham,Argh why the fuck is nobody in town ;_;,argh why fuck nobody town
spam,"Get 3 Lions England tone, reply lionm 4 mono or lionp 4 poly. 4 more go 2 www.ringtones.co.uk, the original n best. Tones 3GBP network operator rates apply.",get number lions england tone reply lionm number mono lionp number poly number more go number url original n best tones gbp network operator rates apply
ham,Thanks. Fills me with complete calm and reassurance! ,thanks fills me complete calm reassurance
ham,Aslamalaikkum....insha allah tohar beeen muht albi mufti mahfuuz...meaning same here....,aslamalaikkum insha allah tohar beeen muht albi mufti mahfuuz meaning same here
ham,Are you driving or training?,you driving training
ham,Lol for real. She told my dad I have cancer,lol real she told my dad i have cancer
spam,PRIVATE! Your 2003 Account Statement for 078,private your number account statement number
ham,"Oops I did have it,  &lt;#&gt; ?",oops i did have it lt gt
ham,NOT ENUFCREDEIT TOCALL.SHALL ILEAVE UNI AT 6 +GET A BUS TO YOR HOUSE?,not enufcredeit tocall shall ileave uni number get bus yor house
ham,"Hi Chikku, send some nice msgs",hi chikku send some nice msgs
ham,"He is impossible to argue with and he always treats me like his sub, like he never released me ... Which he did and I will remind him of that if necessary",he impossible argue he always treats me like his sub like he never released me which he did i will remind him that if necessary
ham,"After my work ah... Den 6 plus lor... U workin oso rite... Den go orchard lor, no other place to go liao...",after my work ah den number plus lor u workin oso rite den go orchard lor no other place go liao
ham,"To the wonderful Okors, have a great month. We cherish you guys and wish you well each day. MojiBiola",wonderful okors have great month we cherish you guys wish you well each day mojibiola
ham,Cuz ibored. And don wanna study,cuz ibored don wanna study
ham,Wot about on wed nite I am 3 then but only til 9!,wot about wed nite i am number then but only til number
ham,"Rose for red,red for blood,blood for heart,heart for u. But u for me.... Send tis to all ur friends.. Including me.. If u like me.. If u get back, 1-u r poor in relation! 2-u need some 1 to support 3-u r frnd 2 many 4-some1 luvs u 5+- some1 is praying god to marry u.:-) try it....",rose red red blood blood heart heart u but u me send tis all ur friends including me if u like me if u get back number u r poor relation number u need some number support number u r frnd number many number some luvs u number some praying god marry u try it
ham,Any way where are you and what doing.,any way where you what doing
ham,That sucks. I'll go over so u can do my hair. You'll do it free right?,that sucks i ll go over so u can do my hair you ll do it free right
ham,it's still not working. And this time i also tried adding zeros. That was the savings. The checking is  &lt;#&gt; ,it s still not working this time i also tried adding zeros that was savings checking lt gt
ham,"Hmm... Dunno leh, mayb a bag 4 goigng out dat is not too small. Or jus anything except perfume, smth dat i can keep.",hmm dunno leh mayb bag number goigng out dat not too small jus anything except perfume smth dat i can keep
ham,Sday only joined.so training we started today:),sday only joined so training we started today
ham,Sorry * was at the grocers.,sorry was grocers
ham,There are some nice pubs near here or there is Frankie n Bennys near the warner cinema?,there some nice pubs near here there frankie n bennys near warner cinema
spam,"YOU VE WON! Your 4* Costa Del Sol Holiday or £5000 await collection. Call 09050090044 Now toClaim. SAE, TC s, POBox334, Stockport, SK38xh, Cost£1.50/pm, Max10mins",you ve won your number costa del sol holiday number await collection call number now toclaim sae tc s pobox stockport sk xh cost number number pm max mins
ham,Yup... I havent been there before... You want to go for the yoga? I can call up to book ,yup i havent been there before you want go yoga i can call up book
ham,Oh shut it. Omg yesterday I had a dream that I had 2 kids both boys. I was so pissed. Not only about the kids but them being boys. I even told mark in my dream that he was changing diapers cause I'm not getting owed in the face.,oh shut it omg yesterday i had dream that i had number kids both boys i was so pissed not only about kids but them being boys i even told mark my dream that he was changing diapers cause i m not getting owed face
ham,Yeah I imagine he would be really gentle. Unlike the other docs who treat their patients like turkeys.,yeah i imagine he would be really gentle unlike other docs who treat their patients like turkeys
spam,FREE for 1st week! No1 Nokia tone 4 ur mobile every week just txt NOKIA to 8077 Get txting and tell ur mates. www.getzed.co.uk POBox 36504 W45WQ 16+ norm150p/tone,free st week no nokia tone number ur mobile every week just txt nokia number get txting tell ur mates url pobox number w wq number norm p tone
ham,Now that you have started dont stop. Just pray for more good ideas and anything i see that can help you guys i.ll forward you a link.,now that you have started dont stop just pray more good ideas anything i see that can help you guys i ll forward you link
ham,Hi darlin im on helens fone im gonna b up the princes 2 nite please come up tb love Kate,hi darlin im helens fone im gonna b up princes number nite please come up tb love kate
ham,I'm in office now da:)where are you?,i m office now da where you
ham,Aiyar u so poor thing... I give u my support k... Jia you! I'll think of u...,aiyar u so poor thing i give u my support k jia you i ll think u
ham,Oh unintentionally not bad timing. Great. Fingers  the trains play along! Will give fifteen min warning.,oh unintentionally not bad timing great fingers trains play along will give fifteen min warning
spam,Get your garden ready for summer with a FREE selection of summer bulbs and seeds worth £33:50 only with The Scotsman this Saturday. To stop go2 notxt.co.uk,get your garden ready summer free selection summer bulbs seeds worth number number only scotsman this saturday stop go notxt co uk
ham,K..then come wenever u lik to come and also tel vikky to come by getting free time..:-),k then come wenever u lik come also tel vikky come by getting free time
ham,Pls call me da. What happen.,pls call me da what happen
ham,"Happy new year to u and ur family...may this new year bring happiness , stability and tranquility to ur vibrant colourful life:):)",happy new year u ur family may this new year bring happiness stability tranquility ur vibrant colourful life
ham,No problem with the renewal. I.ll do it right away but i dont know his details.,no problem renewal i ll do it right away but i dont know his details
ham,Idk. I'm sitting here in a stop and shop parking lot right now bawling my eyes out because i feel like i'm a failure in everything. Nobody wants me and now i feel like i'm failing you.,idk i m sitting here stop shop parking lot right now bawling my eyes out because i feel like i m failure everything nobody wants me now i feel like i m failing you
ham,Haven't left yet so probably gonna be here til dinner,haven t left yet so probably gonna be here til dinner
ham,"Like  &lt;#&gt; , same question",like lt gt same question
ham,MY NEW YEARS EVE WAS OK. I WENT TO A PARTY WITH MY BOYFRIEND. WHO IS THIS SI THEN HEY,my new years eve was ok i went party my boyfriend who this si then hey
ham,"Sir, I need Velusamy sir's date of birth and company bank facilities details.",sir i need velusamy sir s date birth company bank facilities details
ham,K k:) sms chat with me.,k k sms chat me
ham,I will come with karnan car. Please wait till 6pm will directly goto doctor.,i will come karnan car please wait till pm will directly goto doctor
ham,No but the bluray player can,no but bluray player can
ham,Ok... Then r we meeting later?,ok then r we meeting later
ham,Lol no. I just need to cash in my nitros. Hurry come on before I crash out!,lol no i just need cash my nitros hurry come before i crash out
ham,Just send a text. We'll skype later.,just send text we ll skype later
ham,Ok leave no need to ask,ok leave no need ask
spam,"Congrats 2 mobile 3G Videophones R yours. call 09063458130 now! videochat wid ur mates, play java games, Dload polypH music, noline rentl. bx420. ip4. 5we. 150p",congrats number mobile g videophones r yours call number now videochat wid ur mates play java games dload polyph music noline rentl bx ip we p
ham,Ü still got lessons?  Ü in sch?,still got lessons sch
ham,Y she dun believe leh? I tot i told her it's true already. I thk she muz c us tog then she believe.,y she dun believe leh i tot i told her it s true already i thk she muz c us tog then she believe
ham,Oh did you charge camera,oh did you charge camera
ham,"I‘ve got some salt, you can rub it in my open wounds if you like!",i ve got some salt you can rub it my open wounds if you like
ham,Now i'm going for lunch.,now i m going lunch
ham,I'm in school now n i'll be in da lab doing some stuff give me a call when ü r done.,i m school now n i ll be da lab doing some stuff give me call when r done
ham,Oh k. . I will come tomorrow,oh k i will come tomorrow
ham,"Aight, text me tonight and we'll see what's up",aight text me tonight we ll see what s up
ham,U 2.,u number
ham,Water logging in desert. Geoenvironmental implications.,water logging desert geoenvironmental implications
ham,Raji..pls do me a favour. Pls convey my Birthday wishes to Nimya. Pls. Today is her birthday.,raji pls do me favour pls convey my birthday wishes nimya pls today her birthday
ham,Company is very good.environment is terrific and food is really nice:),company very good environment terrific food really nice
ham,"Very strange.  and  are watching the 2nd one now but i'm in bed. Sweet dreams, miss u ",very strange watching nd one now but i m bed sweet dreams miss u
spam,SMS AUCTION - A BRAND NEW Nokia 7250 is up 4 auction today! Auction is FREE 2 join & take part! Txt NOKIA to 86021 now!,sms auction brand new nokia number up number auction today auction free number join take part txt nokia number now
ham,"Hi hope u r both ok, he said he would text and he hasn't, have u seen him, let me down gently please ",hi hope u r both ok he said he would text he hasn t have u seen him let me down gently please
ham,"Babe! I fucking love you too !! You know? Fuck it was so good to hear your voice. I so need that. I crave it. I can't get enough. I adore you, Ahmad *kisses*",babe i fucking love you too you know fuck it was so good hear your voice i so need that i crave it i can t get enough i adore you ahmad kisses
ham,K sure am in my relatives home. Sms me de. Pls:-),k sure am my relatives home sms me de pls
ham,I sent them. Do you like?,i sent them do you like
ham,"Fuuuuck I need to stop sleepin, sup",fuuuuck i need stop sleepin sup
ham,I'm in town now so i'll jus take mrt down later.,i m town now so i ll jus take mrt down later
ham,I just cooked a rather nice salmon a la you,i just cooked rather nice salmon la you
ham,I uploaded mine to Facebook,i uploaded mine facebook
ham,WHAT TIME U WRKIN?,what time u wrkin
ham,Okie,okie
spam,ree entry in 2 a weekly comp for a chance to win an ipod. Txt POD to 80182 to get entry (std txt rate) T&C's apply 08452810073 for details 18+,ree entry number weekly comp chance win ipod txt pod number get entry std txt rate t c s apply number details number
spam,Our records indicate u maybe entitled to 5000 pounds in compensation for the Accident you had. To claim 4 free reply with CLAIM to this msg. 2 stop txt STOP,our records indicate u maybe entitled number pounds compensation accident you had claim number free reply claim this msg number stop txt stop
ham,"Sorry, I'll call later",sorry i ll call later
ham,Oh oh... Den muz change plan liao... Go back have to yan jiu again...,oh oh den muz change plan liao go back have yan jiu again
ham,"It's wylie, you in tampa or sarasota?",it s wylie you tampa sarasota
ham,Ok... Take ur time n enjoy ur dinner...,ok take ur time n enjoy ur dinner
ham,Darren was saying dat if u meeting da ge den we dun meet 4 dinner. Cos later u leave xy will feel awkward. Den u meet him 4 lunch lor.,darren was saying dat if u meeting da ge den we dun meet number dinner cos later u leave xy will feel awkward den u meet him number lunch lor
spam,"Spook up your mob with a Halloween collection of a logo & pic message plus a free eerie tone, txt CARD SPOOK to 8007 zed 08701417012150p per logo/pic ",spook up your mob halloween collection logo pic message plus free eerie tone txt card spook number zed p per logo pic
ham,I like cheap! But i‘m happy to splash out on the wine if it makes you feel better..,i like cheap but i m happy splash out wine if it makes you feel better
ham,She.s fine. I have had difficulties with her phone. It works with mine. Can you pls send her another friend request.,she s fine i have had difficulties her phone it works mine can you pls send her another friend request
ham,Ugh my leg hurts. Musta overdid it on mon.,ugh my leg hurts musta overdid it mon
spam,Call Germany for only 1 pence per minute! Call from a fixed line via access number 0844 861 85 85. No prepayment. Direct access! www.telediscount.co.uk,call germany only number pence per minute call from fixed line via access number number number number number no prepayment direct access url
spam,"YOU VE WON! Your 4* Costa Del Sol Holiday or £5000 await collection. Call 09050090044 Now toClaim. SAE, TC s, POBox334, Stockport, SK38xh, Cost£1.50/pm, Max10mins",you ve won your number costa del sol holiday number await collection call number now toclaim sae tc s pobox stockport sk xh cost number number pm max mins
ham,WOT STUDENT DISCOUNT CAN U GET ON BOOKS?,wot student discount can u get books
ham,Me fine..absolutly fine,me fine absolutly fine
ham,How come she can get it? Should b quite diff to guess rite...,how come she can get it should b quite diff guess rite
spam,Had your mobile 11mths ? Update for FREE to Oranges latest colour camera mobiles & unlimited weekend calls. Call Mobile Upd8 on freefone 08000839402 or 2StopTxt,had your mobile mths update free oranges latest colour camera mobiles unlimited weekend calls call mobile upd freefone number stoptxt
ham,I will reach ur home in  &lt;#&gt;  minutes,i will reach ur home lt gt minutes
ham,"Babe, I'm answering you, can't you see me ? Maybe you'd better reboot YM ... I got the photo ... It's great !",babe i m answering you can t you see me maybe you d better reboot ym i got photo it s great
ham,Hi.what you think about match?,hi what you think about match
ham,"I know you are thinkin malaria. But relax, children cant handle malaria. She would have been worse and its gastroenteritis. If she takes enough to replace her loss her temp will reduce. And if you give her malaria meds now she will just vomit. Its a self limiting illness she has which means in a few days it will completely stop",i know you thinkin malaria but relax children cant handle malaria she would have been worse its gastroenteritis if she takes enough replace her loss her temp will reduce if you give her malaria meds now she will just vomit its self limiting illness she has which means few days it will completely stop
ham,Dai i downloaded but there is only exe file which i can only run that exe after installing.,dai i downloaded but there only exe file which i can only run that exe after installing
ham,It is only yesterday true true.,it only yesterday true true
ham,K.k.how is your business now?,k k how your business now
ham,3 pa but not selected.,number pa but not selected
spam,Natalja (25/F) is inviting you to be her friend. Reply YES-440 or NO-440 See her: www.SMS.ac/u/nat27081980 STOP? Send STOP FRND to 62468,natalja number f inviting you be her friend reply yes number no number see her url stop send stop frnd number
ham,I keep ten rs in my shelf:) buy two egg.,i keep ten rs my shelf buy two egg
ham,I am late. I will be there at,i am late i will be there
ham,Well thats nice. Too bad i cant eat it,well thats nice too bad i cant eat it
ham,I accidentally brought em home in the box,i accidentally brought em home box
ham,Pls she needs to dat slowly or she will vomit more.,pls she needs dat slowly she will vomit more
ham,I have to take exam with in march 3,i have take exam march number
ham,"Jane babes not goin 2 wrk, feel ill after lst nite. Foned in already cover 4 me chuck.:-)",jane babes not goin number wrk feel ill after lst nite foned already cover number me chuck
ham,5 nights...We nt staying at port step liao...Too ex,number nights we nt staying port step liao too ex
ham,If I die I want u to have all my stuffs.,if i die i want u have all my stuffs
ham,OH FUCK. JUSWOKE UP IN A BED ON A BOATIN THE DOCKS. SLEPT WID 25 YEAR OLD. SPINOUT! GIV U DA GOSSIP L8R. XXX,oh fuck juswoke up bed boatin docks slept wid number year old spinout giv u da gossip l r xxx
ham,Smile in Pleasure Smile in Pain Smile when trouble pours like Rain Smile when sum1 Hurts U Smile becoz SOMEONE still Loves to see u Smiling!!,smile pleasure smile pain smile when trouble pours like rain smile when sum hurts u smile becoz someone still loves see u smiling
ham,Prabha..i'm soryda..realy..frm heart i'm sory,prabha i m soryda realy frm heart i m sory
ham,I re-met alex nichols from middle school and it turns out he's dealing!,i re met alex nichols from middle school it turns out he s dealing
spam,PRIVATE! Your 2003 Account Statement for <fone no> shows 800 un-redeemed S. I. M. points. Call 08715203656 Identifier Code: 42049 Expires 26/10/04,private your number account statement fone no shows number un redeemed s i m points call number identifier code number expires number number number
ham,It means u could not keep ur words.,it means u could not keep ur words
ham,"Nope, I'm still in the market",nope i m still market
ham,I realise you are a busy guy and i'm trying not to be a bother. I have to get some exams outta the way and then try the cars. Do have a gr8 day,i realise you busy guy i m trying not be bother i have get some exams outta way then try cars do have gr day
spam,YOU ARE CHOSEN TO RECEIVE A £350 AWARD! Pls call claim number 09066364311 to collect your award which you are selected to receive as a valued mobile customer.,you chosen receive number award pls call claim number number collect your award which you selected receive as valued mobile customer
ham,Hey what how about your project. Started aha da.,hey what how about your project started aha da
ham,Ok cool. See ya then.,ok cool see ya then
ham,Am on the uworld site. Am i buying the qbank only or am i buying it with the self assessment also?,am uworld site am i buying qbank only am i buying it self assessment also
ham,Your opinion about me? 1. Over 2. Jada 3. Kusruthi 4. Lovable 5. Silent 6. Spl character 7. Not matured 8. Stylish 9. Simple Pls reply..,your opinion about me number over number jada number kusruthi number lovable number silent number spl character number not matured number stylish number simple pls reply
spam,Someonone you know is trying to contact you via our dating service! To find out who it could be call from your mobile or landline 09064015307 BOX334SK38ch ,someonone you know trying contact you via our dating service find out who it could be call from your mobile landline number box sk ch
ham,Yeah I can still give you a ride,yeah i can still give you ride
ham,"Jay wants to work out first, how's 4 sound?",jay wants work out first how s number sound
ham,"Gud gud..k, chikku tke care.. sleep well gud nyt",gud gud k chikku tke care sleep well gud nyt
ham,Its a part of checking IQ,its part checking iq
ham,Hmm thinking lor...,hmm thinking lor
ham,Of course ! Don't tease me ... You know I simply must see ! *grins* ... Do keep me posted my prey ... *loving smile* *devouring kiss*,course don t tease me you know i simply must see grins do keep me posted my prey loving smile devouring kiss
ham,thanks for the temales it was wonderful. Thank. Have a great week.,thanks temales it was wonderful thank have great week
ham,Thank you princess! I want to see your nice juicy booty...,thank you princess i want see your nice juicy booty
ham,Haven't eaten all day. I'm sitting here staring at this juicy pizza and I can't eat it. These meds are ruining my life.,haven t eaten all day i m sitting here staring this juicy pizza i can t eat it these meds ruining my life
ham,Gud ni8 dear..slp well..take care..swt dreams..Muah..,gud ni dear slp well take care swt dreams muah
ham,U come n search tat vid..not finishd..,u come n search tat vid not finishd
ham,"K I'm leaving soon, be there a little after 9",k i m leaving soon be there little after number
spam,Urgent! Please call 09061213237 from a landline. £5000 cash or a 4* holiday await collection. T &Cs SAE PO Box 177 M227XY. 16+,urgent please call number from landline number cash number holiday await collection t cs sae po box number m xy number
ham,"Yeah work is fine, started last week, all the same stuff as before, dull but easy and guys are fun!",yeah work fine started last week all same stuff as before dull but easy guys fun
ham,You do your studies alone without anyones help. If you cant no need to study.,you do your studies alone without anyones help if you cant no need study
ham,Please tell me not all of my car keys are in your purse,please tell me not all my car keys your purse
ham,I didnt get anything da,i didnt get anything da
ham,Ok... Sweet dreams...,ok sweet dreams
ham,Well she's in for a big surprise!,well she s big surprise
ham,"As usual..iam fine, happy &amp; doing well..:)",as usual iam fine happy amp doing well
ham,1 in cbe. 2 in chennai.,number cbe number chennai
ham,Can help u swoop by picking u up from wherever ur other birds r meeting if u want.,can help u swoop by picking u up from wherever ur other birds r meeting if u want
ham,If anyone calls for a treadmill say you'll buy it. Make sure its working. I found an ad on Craigslist selling for $ &lt;#&gt; .,if anyone calls treadmill say you ll buy it make sure its working i found ad craigslist selling lt gt
ham,I absolutely LOVE South Park! I only recently started watching the office.,i absolutely love south park i only recently started watching office
ham,Did you see that film:),did you see that film
ham,Pls speak with me. I wont ask anything other then you friendship.,pls speak me i wont ask anything other then you friendship
ham,"Storming msg: Wen u lift d phne, u say ""HELLO"" Do u knw wt is d real meaning of HELLO?? . . . It's d name of a girl..! . . . Yes.. And u knw who is dat girl?? ""Margaret Hello"" She is d girlfrnd f Grahmbell who invnted telphone... . . . . Moral:One can 4get d name of a person, bt not his girlfrnd... G o o d n i g h t . . .@",storming msg wen u lift d phne u say hello do u knw wt d real meaning hello it s d name girl yes u knw who dat girl margaret hello she d girlfrnd f grahmbell who invnted telphone moral one can get d name person bt not his girlfrnd g o o d n i g h t
ham,Gud ni8.swt drms.take care,gud ni swt drms take care
ham,HI DARLIN ITS KATE ARE U UP FOR DOIN SOMETHIN TONIGHT? IM GOING TO A PUB CALLED THE SWAN OR SOMETHING WITH MY PARENTS FOR ONE DRINK SO PHONE ME IF U CAN,hi darlin its kate u up doin somethin tonight im going pub called swan something my parents one drink so phone me if u can
ham,Anything lar then ü not going home 4 dinner?,anything lar then not going home number dinner
ham,"ER, ENJOYIN INDIANS AT THE MO..yeP. SaLL gOoD HehE ;> hows bout u shexy? Pete Xx",er enjoyin indians mo yep sall good hehe hows bout u shexy pete xx
spam,"If you don't, your prize will go to another customer. T&C at www.t-c.biz 18+ 150p/min Polo Ltd Suite 373 London W1J 6HL Please call back if busy ",if you don t your prize will go another customer t c url number p min polo ltd suite number london w j hl please call back if busy
ham,Did u fix the teeth?if not do it asap.ok take care.,did u fix teeth if not do it asap ok take care
ham,So u wan 2 come for our dinner tonight a not?,so u wan number come our dinner tonight not
ham,"Hello.How u doing?What u been up 2?When will u b moving out of the flat, cos I will need to arrange to pick up the lamp, etc. Take care. Hello caroline!",hello how u doing what u been up number when will u b moving out flat cos i will need arrange pick up lamp etc take care hello caroline
ham,Its too late:)but its k.wish you the same.,its too late but its k wish you same
ham,"Hi. Hope ur day * good! Back from walk, table booked for half eight. Let me know when ur coming over.",hi hope ur day good back from walk table booked half eight let me know when ur coming over
ham,Oh yeah clearly it's my fault,oh yeah clearly it s my fault
ham,Dunno leh cant remember mayb lor. So wat time r we meeting tmr?,dunno leh cant remember mayb lor so wat time r we meeting tmr
ham,"Best msg: It's hard to be with a person, when u know that one more step foward will make u fall in love.. &amp; One step back can ruin ur friendship.. good night:-) ...",best msg it s hard be person when u know that one more step foward will make u fall love amp one step back can ruin ur friendship good night
spam,URGENT! Your Mobile number has been awarded with a £2000 prize GUARANTEED. Call 09061790126 from land line. Claim 3030. Valid 12hrs only 150ppm,urgent your mobile number has been awarded number prize guaranteed call number from land line claim number valid hrs only ppm
ham,"Helloooo... Wake up..! ""Sweet"" ""morning"" ""welcomes"" ""You"" ""Enjoy"" ""This Day"" ""with full of joy"".. ""GUD MRNG"".",helloooo wake up sweet morning welcomes you enjoy this day full joy gud mrng
ham,"Vikky, come around  &lt;TIME&gt; ..",vikky come around lt time gt
ham,"And how you will do that, princess? :)",how you will do that princess
ham,I have gone into get info bt dont know what to do,i have gone into get info bt dont know what do
ham,"Yeah, probably here for a while",yeah probably here while
ham,Sent me ur email id soon,sent me ur email id soon
spam,"URGENT! You have won a 1 week FREE membership in our £100,000 Prize Jackpot! Txt the word: CLAIM to No: 81010 T&C www.dbuk.net LCCLTD POBOX 4403LDNW1A7RW18",urgent you have won number week free membership our number number prize jackpot txt word claim no number t c url lccltd pobox ldnw rw
ham,I'm still pretty weak today .. Bad day ?,i m still pretty weak today bad day
ham,Hey ! Don't forget ... You are MINE ... For ME ... My possession ... MY property ... MMM ... *childish smile* ...,hey don t forget you mine me my possession my property mmm childish smile
ham,An excellent thought by a misundrstud frnd: I knw u hate me bt the day wen u'll knw the truth u'll hate urself:-( Gn:-),excellent thought by misundrstud frnd i knw u hate me bt day wen u ll knw truth u ll hate urself gn
ham,Hey! Congrats 2u2. id luv 2 but ive had 2 go home!,hey congrats u id luv number but ive had number go home
ham,Dear where you. Call me,dear where you call me
ham,Xy trying smth now. U eat already? We havent...,xy trying smth now u eat already we havent
spam,Urgent! Please call 09061213237 from landline. £5000 cash or a luxury 4* Canary Islands Holiday await collection. T&Cs SAE PO Box 177. M227XY. 150ppm. 16+,urgent please call number from landline number cash luxury number canary islands holiday await collection t cs sae po box number m xy ppm number
ham,I donno its in your genes or something,i donno its your genes something
spam,XMAS iscoming & ur awarded either £500 CD gift vouchers & free entry 2 r £100 weekly draw txt MUSIC to 87066 TnC www.Ldew.com1win150ppmx3age16subscription ,xmas iscoming ur awarded either number cd gift vouchers free entry number r number weekly draw txt music number tnc url
ham,Alex says he's not ok with you not being ok with it,alex says he s not ok you not being ok it
ham,Are u coming to the funeral home,u coming funeral home
ham,My darling sister. How are you doing. When's school resuming. Is there a minimum wait period before you reapply? Do take care,my darling sister how you doing when s school resuming there minimum wait period before you reapply do take care
ham,I.ll hand her my phone to chat wit u,i ll hand her my phone chat wit u
ham,Well good morning mr . Hows london treatin' ya treacle?,well good morning mr hows london treatin ya treacle
ham,I can't make it tonight,i can t make it tonight
ham,At WHAT TIME should i come tomorrow,what time should i come tomorrow
ham,About  &lt;#&gt; bucks. The banks fees are fixed. Better to call the bank and find out.,about lt gt bucks banks fees fixed better call bank find out
ham,"I can. But it will tell quite long, cos i haven't finish my film yet...",i can but it will tell quite long cos i haven t finish my film yet
ham,Pls ask macho how much is budget for bb bold 2 is cos i saw a new one for  &lt;#&gt;  dollars.,pls ask macho how much budget bb bold number cos i saw new one lt gt dollars
ham,Hi missed your Call and my mumHas beendropping red wine all over theplace! what is your adress?,hi missed your call my mumhas beendropping red wine all over theplace what your adress
ham,Ill be at yours in about 3 mins but look out for me,ill be yours about number mins but look out me
ham,What you did in  leave.,what you did leave
ham,I'm coming back on Thursday. Yay. Is it gonna be ok to get the money. Cheers. Oh yeah and how are you. Everything alright. Hows school. Or do you call it work now,i m coming back thursday yay it gonna be ok get money cheers oh yeah how you everything alright hows school do you call it work now
ham,"Jolly good! By the way,  will give u tickets for sat eve 7.30. Speak before then x",jolly good by way will give u tickets sat eve number number speak before then x
ham,"yeah, that's what I was thinking",yeah that s what i was thinking
ham,K.k:)i'm going to tirunelvali this week to see my uncle ..i already spend the amount by taking dress .so only i want money.i will give it on feb 1,k k i m going tirunelvali this week see my uncle i already spend amount by taking dress so only i want money i will give it feb number
ham,Here got ur favorite oyster... N got my favorite sashimi... Ok lar i dun say already... Wait ur stomach start rumbling...,here got ur favorite oyster n got my favorite sashimi ok lar i dun say already wait ur stomach start rumbling
ham,My sister going to earn more than me da.,my sister going earn more than me da
spam,Get the official ENGLAND poly ringtone or colour flag on yer mobile for tonights game! Text TONE or FLAG to 84199. Optout txt ENG STOP Box39822 W111WX £1.50,get official england poly ringtone colour flag yer mobile tonights game text tone flag number optout txt eng stop box w wx number number
ham,Hahaha..use your brain dear,hahaha use your brain dear
ham,Jus finish watching tv... U?,jus finish watching tv u
ham,"K, fyi I'm back in my parents' place in south tampa so I might need to do the deal somewhere else",k fyi i m back my parents place south tampa so i might need do deal somewhere else
ham,"Good morning, my Love ... I go to sleep now and wish you a great day full of feeling better and opportunity ... You are my last thought babe, I LOVE YOU *kiss*",good morning my love i go sleep now wish you great day full feeling better opportunity you my last thought babe i love you kiss
ham,Kothi print out marandratha.,kothi print out marandratha
ham,But we havent got da topic yet rite?,but we havent got da topic yet rite
ham,Ok no problem... Yup i'm going to sch at 4 if i rem correctly...,ok no problem yup i m going sch number if i rem correctly
ham,"Thanks, I'll keep that in mind",thanks i ll keep that mind
ham,Aah bless! How's your arm?,aah bless how s your arm
ham,"Dear Sir,Salam Alaikkum.Pride and Pleasure meeting you today at the Tea Shop.We are pleased to send you our contact number at Qatar.Rakhesh an Indian.Pls save our Number.Respectful Regards.",dear sir salam alaikkum pride pleasure meeting you today tea shop we pleased send you our contact number qatar rakhesh indian pls save our number respectful regards
ham,"Gal n boy walking in d park. gal-can i hold ur hand? boy-y? do u think i would run away? gal-no, jst wana c how it feels walking in heaven with an prince..GN:-)",gal n boy walking d park gal can i hold ur hand boy y do u think i would run away gal no jst wana c how it feels walking heaven prince gn
ham,What makes you most happy?,what makes you most happy
ham,Wishing you a wonderful week.,wishing you wonderful week
ham,Sweet heart how are you?,sweet heart how you
ham,"Sir, waiting for your letter.",sir waiting your letter
ham,Dude im no longer a pisces. Im an aquarius now.,dude im no longer pisces im aquarius now
ham,X course it 2yrs. Just so her messages on messenger lik you r sending me,x course it yrs just so her messages messenger lik you r sending me
ham,I think steyn surely get one wicket:),i think steyn surely get one wicket
ham,"Neither [in sterm voice] - i'm studying. All fine with me! Not sure the  thing will be resolved, tho. Anyway. Have a fab hols",neither sterm voice i m studying all fine me not sure thing will be resolved tho anyway have fab hols
ham,"Garbage bags, eggs, jam, bread, hannaford wheat chex",garbage bags eggs jam bread hannaford wheat chex
ham,No. It's not pride. I'm almost  &lt;#&gt;  years old and shouldn't be takin money from my kid. You're not supposed to have to deal with this stuff. This is grownup stuff--why i don't tell you.,no it s not pride i m almost lt gt years old shouldn t be takin money from my kid you re not supposed have deal this stuff this grownup stuff why i don t tell you
ham,Sounds better than my evening im just doing my costume. Im not sure what time i finish tomorrow but i will txt you at the end.,sounds better than my evening im just doing my costume im not sure what time i finish tomorrow but i will txt you end
ham,My birthday is on feb  &lt;#&gt;  da. .,my birthday feb lt gt da
ham,So when do you wanna gym?,so when do you wanna gym
ham,You'd like that wouldn't you? Jerk!,you d like that wouldn t you jerk
ham,Are u awake? Is there snow there?,u awake there snow there
ham,And of course you should make a stink!,course you should make stink
spam,"u r subscribed 2 TEXTCOMP 250 wkly comp. 1st wk?s free question follows, subsequent wks charged@150p/msg.2 unsubscribe txt STOP 2 84128,custcare 08712405020",u r subscribed number textcomp number wkly comp st wk s free question follows subsequent wks charged p msg number unsubscribe txt stop number number custcare number
ham,No go. No openings for that room 'til after thanksgiving without an upcharge.,no go no openings that room til after thanksgiving without upcharge
ham,When you guys planning on coming over?,when you guys planning coming over
ham,Wat ü doing now?,wat doing now
ham,"My Parents, My Kidz, My Friends n My Colleagues. All screaming.. SURPRISE !! and I was waiting on the sofa.. ... ..... ' NAKED...!",my parents my kidz my friends n my colleagues all screaming surprise i was waiting sofa naked
ham,No sir. That's why i had an 8-hr trip on the bus last week. Have another audition next wednesday but i think i might drive this time.,no sir that s why i had number hr trip bus last week have another audition next wednesday but i think i might drive this time
ham,Do I? I thought I put it back in the box,do i i thought i put it back box
ham,I'm home...,i m home
ham,No one interested. May be some business plan.,no one interested may be some business plan
ham,Yup it's at paragon... I havent decided whether 2 cut yet... Hee...,yup it s paragon i havent decided whether number cut yet hee
ham,Good morning princess! Have a great day!,good morning princess have great day
ham,Guai... Ü shd haf seen him when he's naughty... Ü so free today? Can go jogging...,guai shd haf seen him when he s naughty so free today can go jogging
ham,Aiyo cos i sms ü then ü neva reply so i wait 4 ü to reply lar. I tot ü havent finish ur lab wat.,aiyo cos i sms then neva reply so i wait number reply lar i tot havent finish ur lab wat
ham,"Living is very simple.. Loving is also simple.. Laughing is too simple.. Winning is tooo simple.. But, Being 'SIMPLE' is very difficult...;-) :-)",living very simple loving also simple laughing too simple winning tooo simple but being simple very difficult
ham,Tell me something. Thats okay.,tell me something thats okay
ham,Ok,ok
ham,Hmm. Shall i bring a bottle of wine to keep us amused? Just joking! I'll still bring a bottle. Red or white? See you tomorrow,hmm shall i bring bottle wine keep us amused just joking i ll still bring bottle red white see you tomorrow
ham,This is ur face test ( 1 2 3 4 5 6 7 8 9  &lt;#&gt;  ) select any number i will tell ur face astrology.... am waiting. quick reply...,this ur face test number number number number number number number number number lt gt select any number i will tell ur face astrology am waiting quick reply
ham,"Hey, iouri gave me your number, I'm wylie, ryan's friend",hey iouri gave me your number i m wylie ryan s friend
ham,Yep get with the program. You're slacking.,yep get program you re slacking
ham,I'm in inside office..still filling forms.don know when they leave me.,i m inside office still filling forms don know when they leave me
ham,"I think your mentor is , but not 100 percent sure.",i think your mentor but not number percent sure
spam,Call 09095350301 and send our girls into erotic ecstacy. Just 60p/min. To stop texts call 08712460324 (nat rate),call number send our girls into erotic ecstacy just p min stop texts call number nat rate
spam,Camera - You are awarded a SiPix Digital Camera! call 09061221066 fromm landline. Delivery within 28 days.,camera you awarded sipix digital camera call number fromm landline delivery within number days
spam,A £400 XMAS REWARD IS WAITING FOR YOU! Our computer has randomly picked you from our loyal mobile customers to receive a £400 reward. Just call 09066380611,number xmas reward waiting you our computer has randomly picked you from our loyal mobile customers receive number reward just call number
ham,Just trying to figure out when I'm suppose to see a couple different people this week. We said we'd get together but I didn't set dates,just trying figure out when i m suppose see couple different people this week we said we d get together but i didn t set dates
spam,IMPORTANT MESSAGE. This is a final contact attempt. You have important messages waiting out our customer claims dept. Expires 13/4/04. Call 08717507382 NOW!,important message this final contact attempt you have important messages waiting out our customer claims dept expires number number number call number now
ham,Hi mom we might be back later than  &lt;#&gt; ,hi mom we might be back later than lt gt
spam,dating:i have had two of these. Only started after i sent a text to talk sport radio last week. Any connection do you think or coincidence?,dating i have had two these only started after i sent text talk sport radio last week any connection do you think coincidence
ham,"Lol, oh you got a friend for the dog ?",lol oh you got friend dog
ham,"Ok., is any problem to u frm him? Wats matter?",ok any problem u frm him wats matter
ham,"K I'll head out in a few mins, see you there",k i ll head out few mins see you there
ham,Do u konw waht is rael FRIENDSHIP Im gving yuo an exmpel: Jsut ese tihs msg.. Evrey splleing of tihs msg is wrnog.. Bt sitll yuo can raed it wihtuot ayn mitsake.. GOODNIGHT &amp; HAVE A NICE SLEEP..SWEET DREAMS..,do u konw waht rael friendship im gving yuo exmpel jsut ese tihs msg evrey splleing tihs msg wrnog bt sitll yuo can raed it wihtuot ayn mitsake goodnight amp have nice sleep sweet dreams
ham,I cant pick the phone right now. Pls send a message,i cant pick phone right now pls send message
ham,I don't want you to leave. But i'm barely doing what i can to stay sane. fighting with you constantly isn't helping.,i don t want you leave but i m barely doing what i can stay sane fighting you constantly isn t helping
spam,The current leading bid is 151. To pause this auction send OUT. Customer Care: 08718726270,current leading bid number pause this auction send out customer care number
spam,"Free entry to the gr8prizes wkly comp 4 a chance to win the latest Nokia 8800, PSP or £250 cash every wk.TXT GREAT to 80878 http//www.gr8prizes.com 08715705022",free entry gr prizes wkly comp number chance win latest nokia number psp number cash every wk txt great number http url number
ham,Somebody set up a website where you can play hold em using eve online spacebucks,somebody set up website where you can play hold em using eve online spacebucks
ham,Its sunny in california. The weather's just cool,its sunny california weather s just cool
spam,You have 1 new message. Call 0207-083-6089,you have number new message call number number number
ham,"I can make it up there, squeezed  &lt;#&gt;  bucks out of my dad",i can make it up there squeezed lt gt bucks out my dad
ham,Good day to You too.Pray for me.Remove the teeth as its painful maintaining other stuff.,good day you too pray me remove teeth as its painful maintaining other stuff
ham,How are you babes. Hope your doing ok. I had a shit nights sleep. I fell asleep at 5.Im knackered and im dreading work tonight. What are thou upto tonight. X,how you babes hope your doing ok i had shit nights sleep i fell asleep number i m knackered i m dreading work tonight what thou upto tonight x
ham,How do friends help us in problems? They give the most stupid suggestion that Lands us into another problem and helps us forgt the previous problem,how do friends help us problems they give most stupid suggestion that lands us into another problem helps us forgt previous problem
ham,I'm at work. Please call,i m work please call
ham,I will be gentle baby! Soon you will be taking all  &lt;#&gt;  inches deep inside your tight pussy...,i will be gentle baby soon you will be taking all lt gt inches deep inside your tight pussy
ham,NOT MUCH NO FIGHTS. IT WAS A GOOD NITE!!,not much no fights it was good nite
ham,Ok.ok ok..then..whats ur todays plan,ok ok ok then whats ur todays plan
ham,Nt joking seriously i told,nt joking seriously i told
ham,Watching ajith film ah?,watching ajith film ah
ham,Ooooooh I forgot to tell u I can get on yoville on my phone,ooooooh i forgot tell u i can get yoville my phone
ham,"All done, all handed in. Don't know if mega shop in asda counts as celebration but thats what i'm doing!",all done all handed don t know if mega shop asda counts as celebration but thats what i m doing
ham,I dont know exactly could you ask chechi.,i dont know exactly could you ask chechi
ham,Dunno lei shd b driving lor cos i go sch 1 hr oni.,dunno lei shd b driving lor cos i go sch number hr oni
ham,As in i want custom officer discount oh.,as i want custom officer discount oh
ham,That's necessarily respectful,that s necessarily respectful
ham,Hi. Hope you had a good day. Have a better night.,hi hope you had good day have better night
ham,And he's apparently bffs with carly quick now,he s apparently bffs carly quick now
ham,HARD BUT TRUE: How much you show &amp;  express your love to someone....that much it will hurt when they leave you or you get seperated...!鈥┾??〨ud evening...,hard but true how much you show amp express your love someone that much it will hurt when they leave you you get seperated ud evening
ham,Babes I think I got ur brolly I left it in English wil bring it in 2mrw 4 u luv Franxx,babes i think i got ur brolly i left it english wil bring it mrw number u luv franxx
ham,Hi babe its me thanks for coming even though it didnt go that well!i just wanted my bed! Hope to see you soon love and kisses xxx,hi babe its me thanks coming even though it didnt go that well i just wanted my bed hope see you soon love kisses xxx
ham,So gd got free ice cream... I oso wan...,so gd got free ice cream i oso wan
ham,Pls give her prometazine syrup. 5mls then  &lt;#&gt; mins later feed.,pls give her prometazine syrup mls then lt gt mins later feed
ham,So how many days since then?,so how many days since then
ham,Dear are you angry i was busy dear,dear you angry i was busy dear
ham,Yup he msg me: is tat yijue? Then i tot it's my group mate cos we meeting today mah... I'm askin if ü leaving earlier or wat mah cos mayb ü haf to walk v far...,yup he msg me tat yijue then i tot it s my group mate cos we meeting today mah i m askin if leaving earlier wat mah cos mayb haf walk v far
ham,... Are you in the pub?,you pub
ham,There is a first time for everything :),there first time everything
ham,"Daddy, shu shu is looking 4 u... U wan me 2 tell him u're not in singapore or wat?",daddy shu shu looking number u u wan me number tell him u re not singapore wat
ham,I ask if u meeting da ge tmr nite...,i ask if u meeting da ge tmr nite
ham,Gr8. So how do you handle the victoria island traffic. Plus when's the album due,gr so how do you handle victoria island traffic plus when s album due
ham,Nite nite pocay wocay luv u more than n e thing 4eva I promise ring u 2morrowxxxx,nite nite pocay wocay luv u more than n e thing eva i promise ring u morrowxxxx
ham,East coast,east coast
ham,You should get more chicken broth if you want ramen unless there's some I don't know about,you should get more chicken broth if you want ramen unless there s some i don t know about
ham,My slave! I want you to take 2 or 3 pictures of yourself today in bright light on your cell phone! Bright light!,my slave i want you take number number pictures yourself today bright light your cell phone bright light
ham,Nope. I just forgot. Will show next week,nope i just forgot will show next week
ham,So how are you really. What are you up to. How's the masters. And so on.,so how you really what you up how s masters so
ham,I'm at bruce &amp; fowler now but I'm in my mom's car so I can't park (long story),i m bruce amp fowler now but i m my mom s car so i can t park long story
ham,I dont know oh. Hopefully this month.,i dont know oh hopefully this month
ham,"Hi elaine, is today's meeting confirmed?",hi elaine today s meeting confirmed
ham,Ok k..sry i knw 2 siva..tats y i askd..,ok k sry i knw number siva tats y i askd
ham,"Sorry, I'll call later",sorry i ll call later
ham,U horrible gal... U knew dat i was going out wif him yest n u still come n ask me...,u horrible gal u knew dat i was going out wif him yest n u still come n ask me
ham,Otherwise had part time job na-tuition..,otherwise had part time job na tuition
ham,Oh yeah! And my diet just flew out the window,oh yeah my diet just flew out window
spam,Santa Calling! Would your little ones like a call from Santa Xmas eve? Call 09058094583 to book your time.,santa calling would your little ones like call from santa xmas eve call number book your time
ham,You didnt complete your gist oh.,you didnt complete your gist oh
ham,"Er yeah, i will b there at 15:26, sorry! Just tell me which pub/cafe to sit in and come wen u can",er yeah i will b there number number sorry just tell me which pub cafe sit come wen u can
ham,"If you can make it any time tonight or whenever you can it's cool, just text me whenever you're around",if you can make it any time tonight whenever you can it s cool just text me whenever you re around
ham,If I was I wasn't paying attention,if i was i wasn t paying attention
ham,Thanx a lot 4 ur help!,thanx lot number ur help
ham,You're gonna have to be way more specific than that,you re gonna have be way more specific than that
ham,Jesus armand really is trying to tell everybody he can find,jesus armand really trying tell everybody he can find
ham,I'm wif him now buying tix lar...,i m wif him now buying tix lar
ham,Mode men or have you left.,mode men have you left
ham,Am slow in using biola's fne,am slow using biola s fne
ham,What are youdoing later? Sar xxx,what youdoing later sar xxx
ham,Hey i've booked the 2 lessons on sun liao...,hey i ve booked number lessons sun liao
ham,Thank you. do you generally date the brothas?,thank you do you generally date brothas
ham,"By the way, make sure u get train to worc foregate street not shrub hill. Have fun night x",by way make sure u get train worc foregate street not shrub hill have fun night x
ham,"I thought i'd get him a watch, just cos thats the kind of thing u get4an18th. And he loves so much!",i thought i d get him watch just cos thats kind thing u get th he loves so much
spam,You have won a guaranteed 32000 award or maybe even £1000 cash to claim ur award call free on 0800 ..... (18+). Its a legitimat efreefone number wat do u think???,you have won guaranteed number award maybe even number cash claim ur award call free number number its legitimat efreefone number wat do u think
ham,Good morning. At the repair shop--the ONLY reason i'm up at this hour.,good morning repair shop only reason i m up this hour
ham,"And that's fine, I got enough bud to last most of the night at least",that s fine i got enough bud last most night least
ham,I am back. Good journey! Let me know if you need any of the receipts. Shall i tell you like the pendent?,i am back good journey let me know if you need any receipts shall i tell you like pendent
ham,So that takes away some money worries,so that takes away some money worries
ham,"aight we can pick some up, you open before tonight?",aight we can pick some up you open before tonight
spam,"Latest News! Police station toilet stolen, cops have nothing to go on!",latest news police station toilet stolen cops have nothing go
ham,Sac needs to carry on:),sac needs carry
ham,Just sing HU. I think its also important to find someone female that know the place well preferably a citizen that is also smart to help you navigate through. Even things like choosing a phone plan require guidance. When in doubt ask especially girls.,just sing hu i think its also important find someone female that know place well preferably citizen that also smart help you navigate through even things like choosing phone plan require guidance when doubt ask especially girls
ham,What???? Hello wats talks email address?,what hello wats talks email address
ham,Except theres a chick with huge boobs.,except theres chick huge boobs
ham,Im just wondering what your doing right now?,im just wondering what your doing right now
ham,Wishing you a beautiful day. Each moment revealing even more things to keep you smiling. Do enjoy it.,wishing you beautiful day each moment revealing even more things keep you smiling do enjoy it
spam,For the most sparkling shopping breaks from 45 per person; call 0121 2025050 or visit www.shortbreaks.org.uk,most sparkling shopping breaks from number per person call number number visit url
ham,Arun can u transfr me d amt,arun can u transfr me d amt
ham,"Sorry, I'll call later",sorry i ll call later
ham,If you hear a loud scream in about &lt;#&gt; minutes its cause my Gyno will be shoving things up me that don't belong :/,if you hear loud scream about lt gt minutes its cause my gyno will be shoving things up me that don t belong
spam,December only! Had your mobile 11mths+? You are entitled to update to the latest colour camera mobile for Free! Call The Mobile Update Co FREE on 08002986906,december only had your mobile mths you entitled update latest colour camera mobile free call mobile update co free number
ham,Ok i thk i got it. Then u wan me 2 come now or wat?,ok i thk i got it then u wan me number come now wat
spam,Txt: CALL to No: 86888 & claim your reward of 3 hours talk time to use from your phone now! Subscribe6GBP/mnth inc 3hrs 16 stop?txtStop www.gamb.tv,txt call no number claim your reward number hours talk time use from your phone now subscribe gbp mnth inc hrs number stop txtstop url
ham,U GOIN OUT 2NITE?,u goin out nite
ham,I will treasure every moment we spend together...,i will treasure every moment we spend together
ham,Shall I bring us a bottle of wine to keep us amused? Only joking! I‘ll bring one anyway,shall i bring us bottle wine keep us amused only joking i ll bring one anyway
spam,http//tms. widelive.com/index. wml?id=820554ad0a1705572711&first=true¡C C Ringtone¡,http tms widelive com index wml id ad first true c c ringtone
spam,Get your garden ready for summer with a FREE selection of summer bulbs and seeds worth £33:50 only with The Scotsman this Saturday. To stop go2 notxt.co.uk,get your garden ready summer free selection summer bulbs seeds worth number number only scotsman this saturday stop go notxt co uk
spam,"URGENT! Last weekend's draw shows that you have won £1000 cash or a Spanish holiday! CALL NOW 09050000332 to claim. T&C: RSTM, SW7 3SS. 150ppm",urgent last weekend s draw shows that you have won number cash spanish holiday call now number claim t c rstm sw ss ppm
ham,Ok lor.,ok lor
ham,I thought slide is enough.,i thought slide enough
ham,Yup,yup
ham,Well obviously not because all the people in my cool college life went home ;_;,well obviously not because all people my cool college life went home
ham,Ok lor ü reaching then message me.,ok lor reaching then message me
ham,Where's mummy's boy ? Is he being good or bad ? Is he being positive or negative ? Why is mummy being made to wait? Hmmmm?,where s mummy s boy he being good bad he being positive negative why mummy being made wait hmmmm
ham,Dhoni have luck to win some big title.so we will win:),dhoni have luck win some big title so we will win
ham,Yes princess! I want to please you every night. Your wish is my command...,yes princess i want please you every night your wish my command
ham,What Today-sunday..sunday is holiday..so no work..,what today sunday sunday holiday so no work
ham,No probably  &lt;#&gt; %.,no probably lt gt
ham,Really do hope the work doesnt get stressful. Have a gr8 day.,really do hope work doesnt get stressful have gr day
ham,Have you seen who's back at Holby?!,have you seen who s back holby
ham,Shall call now dear having food,shall call now dear having food
spam,URGENT We are trying to contact you Last weekends draw shows u have won a £1000 prize GUARANTEED Call 09064017295 Claim code K52 Valid 12hrs 150p pm,urgent we trying contact you last weekends draw shows u have won number prize guaranteed call number claim code k valid hrs p pm
ham,So li hai... Me bored now da lecturer repeating last weeks stuff waste time... ,so li hai me bored now da lecturer repeating last weeks stuff waste time
ham,", ,  and  picking them up from various points | going 2 yeovil | and they will do the motor project 4 3 hours | and then u take them home. || 12 2 5.30 max. || Very easy",picking them up from various points going number yeovil they will do motor project number number hours then u take them home number number number number max very easy
ham,Also fuck you and your family for going to rhode island or wherever the fuck and leaving me all alone the week I have a new bong &gt;:(,also fuck you your family going rhode island wherever fuck leaving me all alone week i have new bong gt
ham,Ofcourse I also upload some songs,ofcourse i also upload some songs
spam,2p per min to call Germany 08448350055 from your BT line. Just 2p per min. Check PlanetTalkInstant.com for info & T's & C's. Text stop to opt out,p per min call germany number from your bt line just p per min check planettalkinstant com info t s c s text stop opt out
ham,K. I will sent it again,k i will sent it again
ham,Oh thanks a lot..i already bought 2 eggs ..,oh thanks lot i already bought number eggs
ham,K. I will sent it again,k i will sent it again
ham,U studying in sch or going home? Anyway i'll b going 2 sch later.,u studying sch going home anyway i ll b going number sch later
spam,Marvel Mobile Play the official Ultimate Spider-man game (£4.50) on ur mobile right now. Text SPIDER to 83338 for the game & we ll send u a FREE 8Ball wallpaper,marvel mobile play official ultimate spider man game number number ur mobile right now text spider number game we ll send u free ball wallpaper
ham,I think if he rule tamilnadu..then its very tough for our people.,i think if he rule tamilnadu then its very tough our people
ham,"Cool, we shall go and see, have to go to tip anyway. Are you at home, got something to drop in later? So lets go to town tonight! Maybe mum can take us in.",cool we shall go see have go tip anyway you home got something drop later so lets go town tonight maybe mum can take us
ham,"Good afternoon, my love ... How goes your day ? How did you sleep ? I hope your well, my boytoy ... I think of you ...",good afternoon my love how goes your day how did you sleep i hope your well my boytoy i think you
ham,Yes... I trust u to buy new stuff ASAP so I can try it out,yes i trust u buy new stuff asap so i can try it out
spam,"SMS SERVICES. for your inclusive text credits, pls goto www.comuk.net login= 3qxj9 unsubscribe with STOP, no extra charge. help 08702840625.COMUK. 220-CM2 9AE",sms services your inclusive text credits pls goto url login qxj unsubscribe stop no extra charge help number comuk number cm ae
ham,Why did I wake up on my own &gt;:(,why did i wake up my own gt
ham,Now get step 2 outta the way. Congrats again.,now get step number outta way congrats again
ham,Love has one law; Make happy the person you love. In the same way friendship has one law; Never make ur friend feel alone until you are alive.... Gud night,love has one law make happy person you love same way friendship has one law never make ur friend feel alone until you alive gud night
spam,PRIVATE! Your 2003 Account Statement for 07808247860 shows 800 un-redeemed S. I. M. points. Call 08719899229 Identifier Code: 40411 Expires 06/11/04,private your number account statement number shows number un redeemed s i m points call number identifier code number expires number number number
ham,Apo all other are mokka players only,apo all other mokka players only
ham,"Perhaps * is much easy give your account identification, so i will tomorrow at UNI",perhaps much easy give your account identification so i will tomorrow uni
ham,Wait . I will msg after  &lt;#&gt;  min.,wait i will msg after lt gt min
ham,What i told before i tell. Stupid hear after i wont tell anything to you. You dad called to my brother and spoken. Not with me.,what i told before i tell stupid hear after i wont tell anything you you dad called my brother spoken not me
ham,God's love has no limit. God's grace has no measure. God's power has no boundaries. May u have God's endless blessings always in ur life...!! Gud ni8,god s love has no limit god s grace has no measure god s power has no boundaries may u have god s endless blessings always ur life gud ni
ham,I want to be inside you every night...,i want be inside you every night
ham,"Machan you go to gym tomorrow,  i wil come late goodnight.",machan you go gym tomorrow i wil come late goodnight
ham,Lol they were mad at first but then they woke up and gave in.,lol they were mad first but then they woke up gave
ham,I went to project centre,i went project centre
ham,"It‘s reassuring, in this crazy world.",it s reassuring this crazy world
ham,"Just making dinner, you ?",just making dinner you
ham,Yes. Please leave at  &lt;#&gt; . So that at  &lt;#&gt;  we can leave,yes please leave lt gt so that lt gt we can leave
ham,Oh... Okie lor...We go on sat... ,oh okie lor we go sat
ham,You are a great role model. You are giving so much and i really wish each day for a miracle but God as a reason for everything and i must say i wish i knew why but i dont. I've looked up to you since i was young and i still do. Have a great day.,you great role model you giving so much i really wish each day miracle but god as reason everything i must say i wish i knew why but i dont i ve looked up you since i was young i still do have great day
ham,"Ya, i'm referin to mei's ex wat... No ah, waitin 4 u to treat, somebody shld b rich liao...So gd, den u dun have to work frm tmr onwards...",ya i m referin mei s ex wat no ah waitin number u treat somebody shld b rich liao so gd den u dun have work frm tmr onwards
ham,Miles and smiles r made frm same letters but do u know d difference..? smile on ur face keeps me happy even though I am miles away from u.. :-)keep smiling.. Good nyt,miles smiles r made frm same letters but do u know d difference smile ur face keeps me happy even though i am miles away from u keep smiling good nyt
ham,"By the way, i've put a skip right outside the front of the house so you can see which house it is. Just pull up before it.",by way i ve put skip right outside front house so you can see which house it just pull up before it
ham,Can you pls send me that company name. In saibaba colany,can you pls send me that company name saibaba colany
ham,No. I dont want to hear anything,no i dont want hear anything
ham,You are a big chic. Common. Declare,you big chic common declare
ham,Thats cool. I want to please you...,thats cool i want please you
ham,Going to join tomorrow.,going join tomorrow
spam,You are awarded a SiPix Digital Camera! call 09061221061 from landline. Delivery within 28days. T Cs Box177. M221BP. 2yr warranty. 150ppm. 16 . p p£3.99,you awarded sipix digital camera call number from landline delivery within days t cs box m bp yr warranty ppm number p p number number
ham,I want to tell you how bad I feel that basically the only times I text you lately are when I need drugs,i want tell you how bad i feel that basically only times i text you lately when i need drugs
spam,PRIVATE! Your 2003 Account Statement for shows 800 un-redeemed S.I.M. points. Call 08718738001 Identifier Code: 49557 Expires 26/11/04,private your number account statement shows number un redeemed s i m points call number identifier code number expires number number number
ham,"Total disappointment, when I texted you was the craziest shit got :(",total disappointment when i texted you was craziest shit got
ham,Its just the effect of irritation. Just ignore it,its just effect irritation just ignore it
ham,What about this one then.,what about this one then
ham,I think that tantrum's finished so yeah I'll be by at some point,i think that tantrum s finished so yeah i ll be by some point
ham,Compliments to you. Was away from the system. How your side.,compliments you was away from system how your side
ham,happened here while you were adventuring,happened here while you were adventuring
ham,"Hey chief, can you give me a bell when you get this. Need to talk to you about this royal visit on the 1st june. ",hey chief can you give me bell when you get this need talk you about this royal visit st june
ham,Ok which your another number,ok which your another number
ham,"I know you are thinkin malaria. But relax, children cant handle malaria. She would have been worse and its gastroenteritis. If she takes enough to replace her loss her temp will reduce. And if you give her malaria meds now she will just vomit. Its a self limiting illness she has which means in a few days it will completely stop",i know you thinkin malaria but relax children cant handle malaria she would have been worse its gastroenteritis if she takes enough replace her loss her temp will reduce if you give her malaria meds now she will just vomit its self limiting illness she has which means few days it will completely stop
ham,Aiyah ok wat as long as got improve can already wat...,aiyah ok wat as long as got improve can already wat
spam,Want explicit SEX in 30 secs? Ring 02073162414 now! Costs 20p/min Gsex POBOX 2667 WC1N 3XX,want explicit sex number secs ring number now costs p min gsex pobox number wc n xx
ham,I can't believe how attached I am to seeing you every day. I know you will do the best you can to get to me babe. I will go to teach my class at your midnight,i can t believe how attached i am seeing you every day i know you will do best you can get me babe i will go teach my class your midnight
ham,Just sleeping..and surfing,just sleeping surfing
spam,ASKED 3MOBILE IF 0870 CHATLINES INCLU IN FREE MINS. INDIA CUST SERVs SED YES. L8ER GOT MEGA BILL. 3 DONT GIV A SHIT. BAILIFF DUE IN DAYS. I O £250 3 WANT £800,asked mobile if number chatlines inclu free mins india cust servs sed yes l er got mega bill number dont giv shit bailiff due days i o number number want number
ham,Yeah it's jus rite...,yeah it s jus rite
ham,Armand says get your ass over to epsilon,armand says get your ass over epsilon
ham,U still havent got urself a jacket ah?,u still havent got urself jacket ah
ham,"I'm taking derek &amp; taylor to walmart, if I'm not back by the time you're done just leave the mouse on my desk and I'll text you when priscilla's ready",i m taking derek amp taylor walmart if i m not back by time you re done just leave mouse my desk i ll text you when priscilla s ready
ham,Hi its in durban are you still on this number,hi its durban you still this number
ham,Ic. There are a lotta childporn cars then.,ic there lotta childporn cars then
spam,"Had your contract mobile 11 Mnths? Latest Motorola, Nokia etc. all FREE! Double Mins & Text on Orange tariffs. TEXT YES for callback, no to remove from records.",had your contract mobile number mnths latest motorola nokia etc all free double mins text orange tariffs text yes callback no remove from records
ham,"No, I was trying it all weekend ;V",no i was trying it all weekend v
ham,"You know, wot people wear. T shirts, jumpers, hat, belt, is all we know. We r at Cribbs",you know wot people wear t shirts jumpers hat belt all we know we r cribbs
ham,"Cool, what time you think you can get here?",cool what time you think you can get here
ham,Wen did you get so spiritual and deep. That's great,wen did you get so spiritual deep that s great
ham,Have a safe trip to Nigeria. Wish you happiness and very soon company to share moments with,have safe trip nigeria wish you happiness very soon company share moments
ham,Hahaha..use your brain dear,hahaha use your brain dear
ham,Well keep in mind I've only got enough gas for one more round trip barring a sudden influx of cash,well keep mind i ve only got enough gas one more round trip barring sudden influx cash
ham,Yeh. Indians was nice. Tho it did kane me off a bit he he. We shud go out 4 a drink sometime soon. Mite hav 2 go 2 da works 4 a laugh soon. Love Pete x x,yeh indians was nice tho it did kane me off bit he he we shud go out number drink sometime soon mite hav number go number da works number laugh soon love pete x x
ham,Yes i have. So that's why u texted. Pshew...missing you so much,yes i have so that s why u texted pshew missing you so much
ham,No. I meant the calculation is the same. That  &lt;#&gt; units at  &lt;#&gt; . This school is really expensive. Have you started practicing your accent. Because its important. And have you decided if you are doing 4years of dental school or if you'll just do the nmde exam.,no i meant calculation same that lt gt units lt gt this school really expensive have you started practicing your accent because its important have you decided if you doing years dental school if you ll just do nmde exam
ham,"Sorry, I'll call later",sorry i ll call later
ham,if you aren't here in the next  &lt;#&gt;  hours imma flip my shit,if you aren t here next lt gt hours imma flip my shit
ham,Anything lor. Juz both of us lor.,anything lor juz both us lor
ham,Get me out of this dump heap. My mom decided to come to lowes. BORING.,get me out this dump heap my mom decided come lowes boring
ham,Ok lor... Sony ericsson salesman... I ask shuhui then she say quite gd 2 use so i considering...,ok lor sony ericsson salesman i ask shuhui then she say quite gd number use so i considering
ham,Ard 6 like dat lor.,ard number like dat lor
ham,Why don't you wait 'til at least wednesday to see if you get your .,why don t you wait til least wednesday see if you get your
ham,Huh y lei...,huh y lei
spam,"REMINDER FROM O2: To get 2.50 pounds free call credit and details of great offers pls reply 2 this text with your valid name, house no and postcode",reminder from o get number number pounds free call credit details great offers pls reply number this text your valid name house no postcode
spam,"This is the 2nd time we have tried 2 contact u. U have won the £750 Pound prize. 2 claim is easy, call 087187272008 NOW1! Only 10p per minute. BT-national-rate.",this nd time we have tried number contact u u have won number pound prize number claim easy call number now only p per minute bt national rate
ham,Will ü b going to esplanade fr home?,will b going esplanade fr home
ham,"Pity, * was in mood for that. So...any other suggestions?",pity was mood that so any other suggestions
ham,The guy did some bitching but I acted like i'd be interested in buying something else next week and he gave it to us for free,guy did some bitching but i acted like i d be interested buying something else next week he gave it us free
ham,Rofl. Its true to its name,rofl its true its name
